CustomerID,Age,Gender,Income,Recency,Frequency,AvgBasketSize,Monetary,PreferredCategory,OnlineVisits,DiscountResponse,TenureMonths
100000,56,Female,98417.0,237,10,127.06,1216.66,Beauty,34,High,102
100001,69,Female,70656.0,268,9,286.0,2199.21,Sports,34,High,72
100002,46,Male,29307.0,79,16,113.0,2051.49,Home,25,High,90
100003,32,Female,91181.0,46,9,257.93,2659.98,Sports,36,Low,62
100004,60,Female,45132.0,243,20,248.23,5586.46,Groceries,33,High,74
100005,25,Female,49482.0,288,9,22.58,179.68,Groceries,35,Medium,73
100006,38,Male,80428.0,160,15,132.84,1935.61,Groceries,30,High,92
100007,56,Male,87234.0,115,9,98.58,770.63,Groceries,36,High,7
100008,36,Female,39985.0,114,12,154.29,1973.83,Electronics,36,High,1
100009,40,Female,89420.0,126,10,149.58,1678.28,Electronics,26,Medium,97
100010,28,Female,77485.0,90,19,273.55,5366.96,Sports,43,Low,43
100011,28,Female,44005.0,61,8,71.4,581.74,Fashion,40,High,113
100012,41,Female,55082.0,317,14,71.01,1079.63,Fashion,38,Medium,13
100013,53,Female,90323.0,102,8,50.26,339.93,Beauty,25,High,98
100014,57,Male,28789.0,114,15,226.82,3058.88,Electronics,28,High,11
100015,41,Female,87614.0,174,15,277.0,3845.33,Home,38,High,111
100016,20,Female,76928.0,92,12,123.18,1497.38,Electronics,47,Low,112
100017,39,Female,70183.0,183,6,37.31,266.49,Home,30,Medium,93
100018,19,Female,62634.0,205,9,63.69,656.44,Fashion,37,Low,112
100019,41,Female,99403.0,363,11,48.67,481.2,Electronics,47,High,111
100020,61,Female,102358.0,195,15,185.86,2490.14,Beauty,43,Medium,91
100021,47,Male,47695.0,305,14,99.04,1350.87,Sports,35,Medium,35
100022,55,Male,72244.0,25,11,271.29,3550.77,Groceries,27,High,38
100023,19,Male,97488.0,234,16,65.44,901.48,Fashion,32,Low,89
100024,38,Male,44299.0,16,7,280.44,2321.89,Electronics,25,Low,111
100025,50,Male,64863.0,141,15,113.17,1487.34,Electronics,35,Medium,104
100026,29,Male,80078.0,108,13,262.85,3945.24,Groceries,34,Low,45
100027,39,Female,19702.0,300,12,285.72,3881.61,Fashion,45,Low,51
100028,61,Female,76571.0,339,9,296.18,3073.27,Sports,39,Medium,15
100029,42,Female,38231.0,303,13,245.01,3684.26,Sports,35,Medium,59
100030,66,Female,63847.0,80,12,48.47,516.06,Sports,42,High,66
100031,44,Female,82887.0,76,11,35.51,434.16,Fashion,32,Medium,14
100032,59,Female,15000.0,276,15,227.12,3654.91,Beauty,37,Low,14
100033,45,Male,75717.0,268,8,271.17,2498.17,Sports,35,High,110
100034,33,Female,100767.0,112,12,66.5,794.91,Home,37,Low,119
100035,32,Male,49334.0,316,13,283.5,3557.91,Electronics,35,Low,41
100036,64,Male,71534.0,75,11,190.86,2289.44,Home,27,Medium,24
100037,68,Female,86706.0,214,9,54.72,447.14,Fashion,38,Low,5
100038,61,Female,28141.0,34,9,66.77,677.86,Sports,34,Low,34
100039,69,Female,75147.0,141,8,38.47,281.41,Sports,33,Medium,108
100040,20,Female,80475.0,166,5,60.1,245.59,Sports,28,Low,32
100041,54,Female,72772.0,231,9,224.99,2066.61,Groceries,32,Low,92
100042,68,Female,61732.0,292,5,81.25,460.85,Groceries,42,Medium,46
100043,24,Female,39992.0,28,10,177.26,1907.65,Beauty,39,Medium,77
100044,38,Male,87828.0,295,9,221.9,2387.97,Sports,20,High,16
100045,26,Female,60690.0,333,9,270.68,2086.03,Electronics,38,Low,85
100046,56,Female,41922.0,360,14,185.18,2431.33,Groceries,40,Medium,22
100047,35,Male,53639.0,91,18,179.52,3076.18,Beauty,38,Low,87
100048,21,Female,67368.0,115,14,275.59,3176.35,Fashion,26,Medium,32
100049,42,Female,28776.0,159,13,102.57,1089.67,Sports,24,Medium,76
100050,31,Male,60359.0,258,14,77.04,875.55,Electronics,35,Medium,41
100051,67,Female,51662.0,338,14,264.38,3566.41,Groceries,43,Medium,22
100052,26,Female,86721.0,90,4,40.87,186.02,Fashion,50,Low,53
100053,43,Female,22502.0,245,6,73.11,475.44,Groceries,37,Low,23
100054,19,Female,78775.0,298,11,135.15,1454.99,Beauty,28,Low,35
100055,37,Female,88342.0,31,11,121.15,1206.86,Beauty,35,High,89
100056,45,Female,23258.0,317,8,217.71,1404.19,Fashion,33,Medium,117
100057,64,Male,25656.0,358,8,45.71,318.2,Sports,35,High,111
100058,24,Female,95718.0,312,7,153.6,1026.68,Electronics,32,Medium,43
100059,61,Female,41913.0,228,8,246.4,1869.06,Home,28,High,62
100060,25,Male,121897.0,339,10,211.34,1909.97,Groceries,36,Medium,45
100061,64,Male,23883.0,128,9,196.86,2124.05,Electronics,41,Low,94
100062,52,Female,63401.0,270,16,87.02,1363.01,Home,27,Medium,57
100063,31,Male,59532.0,270,8,130.22,945.01,Sports,38,Medium,94
100064,34,Female,55836.0,209,10,70.6,679.76,Beauty,36,Low,67
100065,53,Female,69259.0,178,12,162.5,1777.94,Fashion,41,Low,55
100066,67,Male,70413.0,306,8,183.57,1381.68,Sports,30,Medium,31
100067,57,Female,56647.0,191,10,196.73,1672.89,Electronics,37,Medium,100
100068,21,Female,39717.0,357,13,265.27,2759.98,Electronics,40,Medium,54
100069,19,Male,80955.0,68,10,37.31,371.85,Groceries,32,Medium,36
100070,23,Male,72561.0,327,5,128.73,640.85,Beauty,41,Medium,35
100071,59,Male,62292.0,267,18,185.47,2880.37,Home,36,Low,14
100072,21,Male,71927.0,270,10,179.63,2035.34,Home,34,Low,22
100073,46,Female,75379.0,362,14,26.08,320.11,Groceries,38,Medium,15
100074,35,Male,44765.0,360,13,73.01,1051.71,Beauty,40,Medium,87
100075,43,Male,71214.0,128,9,256.81,2024.94,Sports,34,Medium,72
100076,61,Male,48939.0,264,15,164.31,2249.01,Home,35,Medium,50
100077,51,Male,76041.0,221,12,135.8,1479.6,Beauty,33,High,24
100078,27,Male,56152.0,242,13,272.05,3154.11,Sports,33,Medium,113
100079,53,Female,72234.0,244,11,40.99,532.51,Fashion,36,Low,42
100080,31,Male,51324.0,19,14,278.25,3526.93,Electronics,41,Medium,40
100081,48,Female,73274.0,155,10,27.78,276.13,Fashion,37,Medium,49
100082,65,Male,40425.0,229,15,177.55,2913.78,Groceries,54,Low,97
100083,32,Male,60723.0,58,14,175.43,2278.34,Home,34,High,71
100084,25,Male,79613.0,281,8,198.94,1280.66,Fashion,37,High,102
100085,31,Male,69344.0,45,8,28.3,250.1,Electronics,47,Medium,100
100086,40,Male,63841.0,102,10,168.55,1539.89,Home,40,Medium,114
100087,57,Male,96071.0,48,13,51.81,774.07,Sports,30,High,9
100088,38,Male,80473.0,50,10,63.67,634.45,Home,43,Medium,98
100089,33,Male,77111.0,81,12,80.3,1011.55,Beauty,26,Medium,43
100090,62,Female,73161.0,300,11,191.69,2488.95,Electronics,27,Low,62
100091,35,Male,75654.0,59,7,129.22,1038.4,Home,36,Low,20
100092,64,Female,93142.0,161,7,43.89,343.19,Fashion,30,High,19
100093,41,Male,51647.0,103,15,100.92,1532.41,Groceries,37,Low,96
100094,43,Female,80188.0,334,10,41.45,359.67,Fashion,24,Medium,114
100095,42,Male,67130.0,274,11,205.96,2574.62,Beauty,38,Low,119
100096,62,Male,52338.0,183,9,176.09,1327.4,Home,29,Medium,21
100097,58,Male,58005.0,116,13,134.15,2014.23,Beauty,29,Medium,90
100098,46,Female,64383.0,362,11,279.75,3404.99,Sports,31,Low,9
100099,32,Female,42801.0,267,11,165.24,2038.27,Home,33,High,100
100100,62,Female,77280.0,164,13,268.51,3319.17,Beauty,39,High,61
100101,18,Female,57943.0,143,14,182.14,2126.63,Electronics,30,Low,34
100102,42,Male,61699.0,318,11,125.5,1505.82,Fashion,36,High,108
100103,24,Male,87144.0,304,11,170.92,2239.65,Fashion,32,High,70
100104,26,Male,62595.0,94,6,62.52,428.9,Home,42,Medium,33
100105,41,Female,91053.0,250,9,208.93,2137.14,Groceries,41,Medium,79
100106,18,Male,49504.0,343,8,295.0,2484.9,Home,32,Low,82
100107,61,Female,38059.0,306,8,89.28,604.61,Groceries,48,Medium,87
100108,25,Female,54200.0,316,11,110.5,1392.13,Home,31,Medium,59
100109,41,Female,15000.0,240,12,133.71,1426.12,Fashion,29,Medium,71
100110,28,Female,78115.0,59,13,155.38,1829.66,Beauty,34,Medium,14
100111,68,Female,39222.0,15,5,221.35,1220.02,Groceries,36,Low,78
100112,34,Male,47646.0,285,9,58.27,569.93,Electronics,46,Medium,53
100113,25,Female,74326.0,203,11,104.69,954.7,Beauty,39,Medium,54
100114,52,Female,62382.0,237,16,170.83,2462.09,Groceries,42,High,84
100115,52,Male,51189.0,296,10,185.08,2085.99,Sports,37,Medium,98
100116,50,Female,19269.0,287,17,170.26,3414.93,Beauty,41,Medium,94
100117,22,Female,86016.0,73,9,141.94,1158.05,Electronics,38,Medium,44
100118,59,Male,74462.0,214,9,219.21,2178.58,Home,43,High,29
100119,56,Male,101114.0,11,14,77.25,1083.94,Sports,36,Medium,7
100120,58,Male,48072.0,337,15,99.16,1416.04,Electronics,39,High,94
100121,45,Female,30911.0,225,4,144.46,669.86,Home,43,High,107
100122,24,Male,79895.0,318,18,214.74,3939.85,Groceries,31,Low,94
100123,26,Male,56239.0,203,8,43.06,370.9,Home,25,High,46
100124,25,Male,72563.0,231,13,52.39,706.25,Fashion,40,Medium,110
100125,29,Female,92398.0,51,13,239.07,3286.4,Electronics,44,Medium,90
100126,51,Male,67763.0,57,6,93.07,562.28,Groceries,36,High,69
100127,50,Female,63346.0,132,9,289.78,2642.91,Home,43,Medium,89
100128,65,Female,64600.0,280,11,289.19,3629.2,Groceries,31,Low,119
100129,40,Male,27255.0,297,9,212.06,1757.89,Groceries,33,Medium,94
100130,41,Female,82161.0,305,8,220.72,1932.71,Beauty,27,Low,34
100131,54,Female,83442.0,225,12,202.28,2202.66,Electronics,32,High,46
100132,52,Male,70611.0,174,10,69.65,576.91,Groceries,43,Low,113
100133,61,Female,29692.0,292,9,160.13,1673.62,Electronics,40,Medium,19
100134,57,Male,57577.0,266,8,242.04,1867.12,Groceries,37,High,107
100135,39,Female,88771.0,247,18,236.91,4576.85,Groceries,28,High,30
100136,44,Female,48685.0,78,9,271.66,2697.15,Home,34,Low,8
100137,52,Male,83685.0,135,17,272.22,5177.53,Sports,36,Low,86
100138,18,Male,61102.0,140,8,93.22,664.12,Electronics,40,Medium,94
100139,52,Female,74250.0,342,16,222.08,3774.54,Fashion,42,High,18
100140,54,Female,51757.0,253,11,202.38,2457.92,Beauty,36,Medium,87
100141,64,Male,61688.0,176,7,268.03,1590.87,Electronics,33,Low,60
100142,31,Female,68734.0,60,13,71.37,794.69,Groceries,31,Low,88
100143,20,Female,38335.0,352,11,227.14,2362.52,Beauty,42,Medium,44
100144,18,Female,65478.0,254,11,138.53,1402.94,Sports,43,Low,108
100145,22,Female,15000.0,8,16,130.46,2335.53,Beauty,39,Medium,52
100146,43,Male,47970.0,107,6,30.02,190.4,Electronics,33,Medium,110
100147,31,Male,70878.0,171,7,289.21,2022.83,Groceries,29,Low,80
100148,56,Male,82405.0,58,15,209.22,2644.21,Beauty,30,Medium,8
100149,44,Male,69455.0,337,12,185.4,1880.02,Fashion,38,Medium,13
100150,26,Male,32194.0,342,11,90.33,1000.39,Beauty,33,Low,42
100151,32,Male,80657.0,290,14,204.36,3299.21,Beauty,31,Medium,78
100152,32,Female,37217.0,84,15,284.77,4741.55,Home,34,Medium,20
100153,43,Male,72284.0,117,13,65.72,984.76,Home,37,High,96
100154,59,Female,37883.0,200,13,295.47,3941.2,Electronics,32,Medium,35
100155,30,Female,44536.0,22,12,139.68,1489.35,Electronics,33,High,72
100156,68,Female,40873.0,219,10,293.9,2388.59,Fashion,29,Medium,66
100157,49,Male,62779.0,226,12,197.48,2787.1,Home,33,Medium,100
100158,56,Female,56089.0,271,9,110.75,986.87,Groceries,34,Low,87
100159,66,Male,70178.0,102,13,124.84,1855.98,Electronics,34,High,49
100160,69,Female,59627.0,145,17,101.36,1883.7,Sports,41,Medium,66
100161,49,Female,29643.0,147,10,113.74,1288.52,Home,26,Medium,92
100162,21,Male,65516.0,261,8,201.03,1422.1,Groceries,36,High,69
100163,47,Female,24757.0,279,6,24.65,158.52,Home,39,High,89
100164,54,Female,42323.0,339,13,290.94,4119.13,Beauty,37,Medium,1
100165,40,Female,52722.0,14,22,235.19,5283.08,Fashion,37,High,51
100166,56,Female,51336.0,266,7,283.48,2250.45,Sports,46,Medium,86
100167,62,Male,27052.0,287,12,220.91,3168.6,Groceries,39,Low,71
100168,32,Female,87423.0,141,7,154.69,870.83,Groceries,41,Medium,54
100169,60,Female,92960.0,293,9,73.12,646.23,Electronics,35,Medium,108
100170,46,Male,105016.0,31,14,164.57,2537.97,Fashion,26,Medium,87
100171,53,Female,82953.0,171,13,219.27,3107.8,Fashion,34,Medium,88
100172,30,Female,52091.0,355,20,259.17,5116.73,Groceries,47,Medium,26
100173,49,Female,51746.0,205,7,110.76,881.43,Home,45,Medium,78
100174,24,Female,50642.0,291,7,162.93,1220.37,Groceries,47,High,95
100175,68,Male,99713.0,111,9,193.59,1776.01,Groceries,30,Low,91
100176,39,Female,57689.0,68,18,184.81,3024.38,Groceries,28,Medium,22
100177,45,Male,85385.0,183,8,34.66,262.57,Groceries,40,Medium,49
100178,19,Female,83829.0,196,13,155.35,2414.62,Groceries,37,Low,109
100179,59,Female,63791.0,126,16,246.53,4585.26,Groceries,43,Low,46
100180,62,Female,30967.0,175,13,244.65,3429.35,Home,33,Medium,100
100181,23,Male,58122.0,262,4,162.0,741.03,Sports,37,Medium,17
100182,45,Female,62939.0,286,11,286.66,2694.12,Beauty,25,Low,108
100183,45,Female,85558.0,155,10,251.34,2279.73,Sports,42,Low,94
100184,61,Male,60389.0,69,9,226.45,2352.04,Electronics,35,Medium,60
100185,61,Male,35828.0,108,12,164.37,1949.45,Sports,28,High,85
100186,37,Male,79758.0,35,9,185.39,1729.2,Home,42,Medium,8
100187,47,Male,55449.0,359,10,82.51,951.72,Groceries,31,Low,61
100188,28,Female,15000.0,44,13,169.07,2113.52,Fashion,27,High,61
100189,45,Female,66500.0,143,9,167.29,1494.66,Home,38,Medium,2
100190,42,Female,70015.0,211,10,76.77,648.61,Fashion,39,Medium,48
100191,56,Female,43141.0,285,12,286.32,4111.21,Electronics,30,High,117
100192,50,Male,56159.0,6,13,88.53,1368.81,Beauty,35,Medium,46
100193,18,Female,73154.0,218,13,49.18,587.31,Home,37,Medium,61
100194,44,Female,66636.0,27,13,150.76,2236.2,Groceries,29,Low,6
100195,69,Female,28747.0,227,10,212.1,2322.13,Groceries,34,Medium,13
100196,30,Female,85071.0,284,10,74.64,640.89,Beauty,38,Medium,29
100197,58,Male,94127.0,56,15,71.21,864.73,Beauty,31,Low,63
100198,20,Female,49796.0,310,12,93.21,901.11,Home,32,Low,99
100199,56,Female,21803.0,336,13,104.76,1125.31,Home,31,Medium,94
100200,23,Female,75422.0,105,8,88.94,747.78,Groceries,36,High,46
100201,25,Male,46538.0,18,7,151.8,1059.27,Fashion,40,High,34
100202,44,Male,70709.0,205,5,25.11,150.5,Home,29,Low,84
100203,26,Female,104043.0,43,8,44.5,325.6,Beauty,33,High,106
100204,54,Female,29074.0,89,12,224.22,2933.55,Groceries,38,Medium,15
100205,50,Female,44068.0,74,8,135.46,1034.74,Sports,30,Medium,74
100206,68,Male,56110.0,157,8,120.89,811.73,Home,39,Low,109
100207,59,Female,85834.0,266,6,22.92,158.27,Electronics,26,Medium,24
100208,61,Female,131112.0,134,11,103.5,1092.96,Beauty,39,Medium,82
100209,41,Female,64942.0,89,8,249.93,2332.88,Electronics,39,Low,3
100210,32,Male,27356.0,236,7,115.3,948.16,Beauty,40,Medium,28
100211,49,Female,53090.0,132,15,289.83,4904.17,Home,32,Medium,50
100212,49,Female,44503.0,229,7,129.19,733.48,Groceries,44,Medium,76
100213,41,Male,74432.0,34,9,149.96,1601.23,Fashion,29,High,97
100214,58,Male,67538.0,83,12,244.53,2493.23,Home,36,Medium,16
100215,69,Female,39164.0,132,13,295.25,4500.44,Electronics,37,Medium,49
100216,66,Male,43330.0,354,10,124.05,1293.37,Fashion,32,Medium,42
100217,66,Female,52799.0,204,14,53.58,713.35,Sports,23,Medium,3
100218,69,Male,55213.0,287,17,166.46,3080.33,Fashion,30,High,33
100219,29,Male,59156.0,336,15,185.69,2792.99,Sports,30,Low,88
100220,56,Female,60977.0,316,7,288.65,2258.56,Beauty,29,Low,1
100221,19,Female,84697.0,258,5,135.9,683.24,Electronics,25,Medium,51
100222,20,Female,52076.0,292,7,45.43,301.33,Sports,33,Low,106
100223,66,Male,49129.0,125,17,202.26,3247.03,Fashion,33,Medium,78
100224,54,Female,33225.0,151,11,25.91,268.38,Electronics,40,Medium,9
100225,66,Female,55523.0,359,10,139.12,1376.12,Fashion,37,High,99
100226,34,Female,65124.0,247,8,134.7,909.55,Home,38,Medium,16
100227,66,Female,25518.0,175,11,91.35,1069.85,Fashion,37,Medium,73
100228,19,Female,53151.0,357,13,290.01,3530.91,Home,45,Low,76
100229,19,Male,83206.0,302,9,132.95,1226.01,Home,32,Low,31
100230,45,Female,72966.0,80,7,270.52,1913.73,Sports,43,Medium,49
100231,40,Female,67469.0,107,5,164.23,938.45,Home,42,High,6
100232,54,Male,72424.0,300,6,249.75,1715.3,Sports,30,Medium,103
100233,49,Female,48526.0,305,7,146.39,1225.24,Home,39,Low,116
100234,50,Female,45862.0,344,14,297.63,3736.1,Beauty,31,Medium,30
100235,18,Female,85438.0,58,13,199.21,2107.48,Electronics,42,Low,109
100236,36,Female,76573.0,91,9,63.67,555.82,Sports,40,Medium,107
100237,19,Female,45075.0,135,10,21.8,252.59,Fashion,31,Low,45
100238,61,Male,22426.0,350,14,280.09,4078.5,Sports,35,High,100
100239,43,Male,45490.0,169,9,212.3,1814.04,Beauty,27,Medium,89
100240,49,Male,70871.0,334,10,49.76,551.76,Electronics,41,Medium,29
100241,23,Female,46835.0,122,13,228.18,3218.3,Home,42,High,52
100242,49,Male,66601.0,236,13,83.6,1179.64,Electronics,35,High,29
100243,21,Female,88395.0,76,10,246.58,2480.18,Groceries,29,Low,119
100244,28,Female,58139.0,309,7,190.78,1351.74,Electronics,23,Medium,86
100245,34,Female,64679.0,23,10,54.62,558.4,Electronics,35,Medium,68
100246,55,Male,73698.0,333,8,39.87,325.67,Electronics,43,Medium,104
100247,41,Male,38358.0,73,14,150.51,1859.61,Fashion,30,Low,73
100248,22,Male,44539.0,88,6,282.33,1521.73,Fashion,39,Low,85
100249,69,Female,74523.0,103,18,178.1,3044.26,Electronics,38,High,111
100250,51,Male,60739.0,94,14,232.55,3718.62,Groceries,37,Medium,104
100251,23,Female,62435.0,316,20,151.45,2983.43,Groceries,36,Medium,11
100252,39,Male,60666.0,266,14,127.54,2090.05,Sports,27,Medium,77
100253,28,Male,79566.0,253,10,250.22,2795.84,Electronics,27,Medium,20
100254,65,Female,68714.0,358,7,149.75,1199.83,Sports,31,Medium,74
100255,33,Female,68976.0,58,9,59.63,458.13,Home,30,Medium,57
100256,50,Male,84444.0,9,8,96.87,666.09,Groceries,24,Low,87
100257,26,Male,92131.0,13,13,177.19,2060.8,Home,37,Medium,96
100258,23,Male,104872.0,131,13,132.72,1837.59,Home,30,High,88
100259,33,Female,48420.0,222,13,122.59,1578.55,Electronics,31,Low,44
100260,46,Female,109388.0,329,12,207.25,2158.53,Groceries,35,Medium,11
100261,20,Male,38065.0,153,10,198.17,2176.53,Sports,37,Low,113
100262,37,Male,98705.0,71,17,107.93,1847.64,Home,33,Medium,102
100263,53,Female,47321.0,345,12,120.64,1581.44,Electronics,40,Low,33
100264,36,Male,58621.0,20,11,230.58,2951.81,Fashion,32,High,91
100265,43,Female,60372.0,81,18,277.96,5833.32,Groceries,30,Medium,59
100266,20,Female,42661.0,228,7,110.78,713.77,Fashion,30,Low,87
100267,36,Female,61734.0,346,11,101.73,966.19,Beauty,34,High,68
100268,37,Female,43693.0,19,12,94.28,1101.41,Sports,45,Medium,109
100269,49,Female,35301.0,165,12,59.62,596.36,Sports,29,High,119
100270,24,Female,59226.0,107,12,125.61,1232.37,Sports,47,Low,49
100271,69,Male,91798.0,348,9,164.48,1763.43,Groceries,49,High,15
100272,58,Female,54920.0,214,10,170.48,2026.55,Home,37,Low,106
100273,50,Female,78820.0,239,13,213.49,2610.82,Electronics,30,Medium,3
100274,57,Male,43087.0,147,16,34.71,626.56,Beauty,41,Low,67
100275,56,Female,34330.0,181,12,177.19,1891.05,Home,39,Medium,89
100276,35,Male,69077.0,336,8,91.4,707.01,Groceries,35,Low,86
100277,57,Female,95112.0,198,13,86.95,1232.74,Beauty,33,Medium,11
100278,18,Male,64179.0,287,8,241.12,1967.96,Fashion,29,Medium,75
100279,28,Male,76533.0,53,15,62.97,1065.87,Electronics,42,Low,55
100280,45,Female,89902.0,240,10,112.15,1336.85,Sports,33,Medium,8
100281,42,Female,59269.0,290,12,198.54,1914.58,Fashion,34,Low,37
100282,67,Female,56959.0,287,10,200.0,2339.62,Beauty,39,Low,28
100283,40,Female,69442.0,188,7,33.46,226.11,Home,27,Low,20
100284,48,Male,73000.0,6,8,40.32,310.68,Electronics,36,High,115
100285,47,Male,32020.0,283,9,203.5,1465.68,Sports,27,Medium,22
100286,59,Male,65915.0,263,5,286.88,1626.24,Electronics,35,Medium,58
100287,52,Female,59986.0,49,10,299.58,3306.15,Home,34,Medium,46
100288,24,Male,44210.0,352,14,296.39,4803.43,Groceries,37,Medium,112
100289,33,Female,58604.0,200,8,118.44,821.45,Home,40,Medium,75
100290,43,Female,36694.0,60,16,87.71,1243.44,Groceries,27,Medium,23
100291,65,Male,29781.0,33,11,47.62,482.65,Sports,32,Medium,98
100292,69,Female,61337.0,303,10,111.23,1125.74,Home,40,Medium,34
100293,66,Male,78042.0,244,9,97.52,823.3,Home,29,Low,106
100294,19,Female,53054.0,172,13,181.5,2170.48,Home,36,Medium,50
100295,18,Male,40785.0,207,15,123.26,1614.23,Home,32,Medium,47
100296,65,Female,43894.0,283,10,84.83,732.66,Groceries,29,Medium,88
100297,29,Male,70979.0,22,12,191.51,2273.24,Groceries,35,Medium,49
100298,22,Male,93348.0,47,10,110.46,1080.7,Fashion,38,Medium,3
100299,54,Female,75409.0,349,9,119.02,1193.35,Sports,41,Medium,30
100300,49,Female,86016.0,158,8,187.56,1694.84,Sports,40,Medium,23
100301,26,Male,39048.0,258,9,53.1,516.25,Groceries,29,High,65
100302,58,Female,58521.0,143,10,236.79,2681.6,Fashion,27,Medium,18
100303,52,Female,80374.0,47,9,290.32,2204.07,Fashion,32,Low,101
100304,36,Female,32016.0,27,11,157.43,1702.47,Home,26,Medium,52
100305,65,Male,46833.0,27,12,176.76,1939.94,Fashion,33,Medium,67
100306,33,Male,78840.0,145,13,127.7,1495.28,Sports,32,Medium,88
100307,20,Female,65169.0,75,15,287.88,4685.58,Electronics,33,Medium,25
100308,37,Female,40698.0,187,10,57.22,648.01,Groceries,30,Medium,2
100309,41,Male,27384.0,10,6,247.79,1257.63,Home,34,Medium,58
100310,50,Female,86746.0,121,17,202.12,2919.4,Fashion,30,High,86
100311,41,Male,18932.0,289,9,241.62,2295.84,Groceries,31,Medium,73
100312,69,Female,72648.0,165,11,286.13,2699.61,Groceries,28,Low,119
100313,28,Female,49339.0,264,11,158.92,1935.79,Groceries,35,Low,54
100314,66,Female,80941.0,161,10,100.73,1139.74,Sports,32,Low,16
100315,25,Male,39157.0,327,13,238.26,3125.68,Home,39,Medium,63
100316,53,Male,112296.0,297,13,256.48,3878.92,Electronics,26,Medium,43
100317,55,Male,68046.0,118,12,212.15,2057.36,Home,39,Medium,105
100318,57,Male,71341.0,311,6,257.72,1377.1,Beauty,38,Medium,44
100319,37,Female,44539.0,263,18,224.49,4481.98,Fashion,40,Low,16
100320,52,Female,57332.0,84,6,288.09,2044.72,Beauty,33,High,79
100321,65,Male,57851.0,146,8,179.79,1703.3,Home,37,Low,7
100322,42,Female,95921.0,171,19,126.53,1923.64,Sports,31,High,27
100323,52,Female,68012.0,334,12,210.55,2659.87,Electronics,40,Medium,18
100324,42,Male,70877.0,309,14,39.35,446.74,Home,40,Medium,7
100325,46,Female,70653.0,14,14,159.55,2412.69,Fashion,34,Low,86
100326,35,Female,72572.0,149,6,236.55,1571.47,Home,25,Medium,62
100327,63,Male,32211.0,251,14,67.31,1077.16,Sports,42,Low,61
100328,35,Female,100985.0,57,13,132.11,1737.66,Groceries,37,Medium,62
100329,19,Female,42450.0,347,10,118.08,1346.17,Sports,36,Low,62
100330,52,Female,59232.0,302,12,113.79,1596.98,Sports,36,Low,13
100331,33,Male,90630.0,347,18,202.18,3687.61,Sports,29,Medium,59
100332,58,Male,98693.0,133,11,159.3,1769.2,Electronics,34,Low,83
100333,53,Female,76119.0,170,9,243.25,2194.38,Beauty,34,Medium,26
100334,50,Female,49906.0,102,9,36.2,326.4,Home,30,Low,17
100335,21,Female,62555.0,106,10,147.09,1632.42,Fashion,36,Medium,17
100336,50,Male,63339.0,171,7,23.92,138.46,Groceries,38,Medium,16
100337,31,Male,64048.0,128,11,81.84,883.13,Groceries,47,Low,57
100338,38,Male,35399.0,250,13,237.11,3112.0,Beauty,34,High,13
100339,65,Female,85202.0,32,11,49.69,484.16,Electronics,44,Low,69
100340,37,Female,62692.0,216,10,49.56,503.78,Fashion,38,Low,98
100341,25,Female,45556.0,262,13,132.4,1690.67,Beauty,33,Medium,19
100342,24,Female,50032.0,330,11,237.54,2861.26,Groceries,29,Medium,93
100343,20,Female,65397.0,244,12,198.65,2243.91,Fashion,26,Medium,93
100344,34,Male,31942.0,285,13,238.89,3664.29,Fashion,29,High,91
100345,50,Female,77569.0,290,11,33.87,359.71,Home,34,High,76
100346,65,Female,64695.0,263,9,177.84,1684.36,Electronics,39,Low,118
100347,29,Female,91314.0,337,8,146.92,1044.51,Sports,29,Medium,54
100348,68,Male,61552.0,333,15,270.89,4369.98,Sports,33,Medium,69
100349,39,Female,38295.0,314,11,226.46,2504.86,Beauty,31,Low,61
100350,39,Male,36044.0,85,14,138.82,1820.84,Groceries,29,Low,94
100351,63,Male,52186.0,329,7,175.08,1151.0,Groceries,31,Medium,49
100352,47,Male,54302.0,45,13,138.95,1716.36,Electronics,34,Low,29
100353,55,Male,48655.0,303,12,143.52,1679.15,Home,38,Medium,59
100354,55,Male,62570.0,333,12,197.54,2131.2,Groceries,40,Medium,23
100355,62,Female,48147.0,200,13,80.63,954.86,Beauty,35,High,61
100356,68,Female,65084.0,201,16,113.29,2144.98,Beauty,40,Low,117
100357,25,Male,49587.0,329,10,98.16,903.57,Beauty,50,Medium,112
100358,44,Male,72634.0,168,9,244.22,2309.56,Beauty,39,Medium,1
100359,44,Male,53798.0,240,4,283.74,1064.75,Beauty,39,Medium,107
100360,51,Female,84924.0,286,11,136.0,1682.01,Groceries,33,High,69
100361,38,Female,73046.0,190,8,41.59,358.8,Fashion,35,Low,48
100362,47,Male,63872.0,71,12,46.19,516.2,Electronics,24,Medium,110
100363,50,Female,55846.0,145,11,131.88,1576.38,Sports,35,Medium,4
100364,45,Female,29620.0,359,11,130.6,1584.14,Electronics,32,High,11
100365,64,Male,88271.0,209,19,60.92,990.01,Beauty,30,High,43
100366,50,Male,46384.0,360,9,245.99,2283.11,Sports,39,Low,14
100367,22,Female,61815.0,208,13,160.04,2336.64,Fashion,35,Medium,32
100368,65,Female,66876.0,222,8,50.54,331.6,Home,31,Low,112
100369,36,Female,56330.0,287,8,47.64,382.32,Sports,35,High,100
100370,21,Male,87092.0,163,8,144.87,1316.5,Fashion,33,High,56
100371,52,Male,35573.0,72,9,52.71,560.3,Home,33,High,77
100372,66,Male,94679.0,240,8,177.13,1505.45,Fashion,38,Medium,96
100373,34,Female,73431.0,127,9,127.8,1070.98,Home,30,Medium,50
100374,61,Female,55072.0,85,15,277.51,4337.22,Groceries,37,Medium,62
100375,45,Male,55295.0,15,13,137.29,1447.35,Beauty,41,High,9
100376,47,Female,15664.0,248,8,192.04,1509.2,Home,37,Low,31
100377,46,Male,43035.0,312,12,247.18,3235.88,Sports,41,Low,51
100378,63,Female,52922.0,283,14,104.81,1195.12,Home,29,Medium,118
100379,23,Male,63522.0,2,11,163.33,1870.82,Electronics,28,Medium,50
100380,52,Female,85192.0,74,10,53.86,557.63,Home,30,Medium,105
100381,58,Female,100751.0,64,13,141.18,1607.52,Fashion,29,Medium,81
100382,54,Male,65445.0,261,15,125.23,1930.46,Sports,36,Medium,77
100383,41,Male,64112.0,347,9,139.89,1213.41,Beauty,45,Medium,30
100384,46,Male,50193.0,324,19,50.07,943.27,Groceries,28,Medium,26
100385,66,Male,25698.0,239,9,131.55,1101.27,Beauty,38,Medium,110
100386,63,Male,47884.0,337,11,263.67,3260.42,Groceries,41,Medium,11
100387,48,Female,55890.0,341,8,282.38,2137.64,Fashion,38,Low,3
100388,52,Male,79508.0,279,9,87.68,880.91,Groceries,35,High,54
100389,50,Male,70390.0,353,12,104.14,1038.02,Sports,32,High,109
100390,69,Male,64431.0,201,8,22.68,165.37,Fashion,37,Medium,83
100391,38,Male,48384.0,293,14,52.36,704.5,Sports,30,Low,22
100392,49,Male,20358.0,286,13,116.63,1458.32,Groceries,29,Low,49
100393,40,Female,21565.0,221,13,211.83,2689.13,Beauty,30,High,55
100394,50,Male,26725.0,162,9,101.82,972.24,Groceries,34,Medium,86
100395,20,Male,54160.0,183,28,41.11,1185.18,Electronics,36,Low,63
100396,35,Male,79881.0,265,15,224.64,3397.97,Fashion,40,Low,96
100397,42,Female,79341.0,132,11,150.69,1881.48,Home,32,Low,71
100398,59,Female,75874.0,322,14,165.38,2033.93,Fashion,32,Medium,64
100399,48,Male,49698.0,120,8,111.29,1018.61,Sports,33,High,117
100400,20,Male,82885.0,219,12,191.65,2586.29,Groceries,28,High,88
100401,57,Female,41379.0,160,8,269.42,1893.0,Beauty,32,Low,73
100402,63,Female,77068.0,300,15,175.05,2756.05,Electronics,36,Low,47
100403,41,Female,26508.0,109,6,184.5,984.47,Beauty,29,Medium,89
100404,67,Male,36458.0,238,7,124.6,1026.69,Fashion,34,Medium,86
100405,49,Male,93052.0,293,11,43.14,473.2,Beauty,33,Low,24
100406,64,Female,55923.0,67,16,139.99,1974.39,Sports,44,High,44
100407,39,Male,46381.0,316,23,278.9,6763.94,Electronics,27,High,7
100408,40,Female,82055.0,187,10,210.46,2279.04,Electronics,33,Low,53
100409,19,Female,84347.0,36,10,157.26,1638.63,Electronics,42,Medium,23
100410,44,Female,51334.0,49,11,193.85,1912.02,Groceries,25,Medium,65
100411,59,Male,65569.0,256,14,176.39,2701.8,Sports,31,Low,37
100412,19,Female,62738.0,107,13,275.47,4196.43,Electronics,26,Medium,100
100413,43,Female,15000.0,8,6,82.68,585.8,Beauty,36,Medium,69
100414,34,Male,32083.0,236,10,268.83,2881.3,Beauty,32,Medium,23
100415,57,Female,78845.0,178,9,212.77,2175.55,Beauty,37,Low,42
100416,50,Male,43348.0,242,9,55.77,598.03,Groceries,30,Medium,85
100417,26,Female,70597.0,41,10,124.13,1014.58,Groceries,41,Medium,15
100418,60,Male,65261.0,357,10,142.16,1408.52,Groceries,39,Medium,66
100419,65,Female,84309.0,245,16,43.22,633.82,Fashion,33,High,85
100420,56,Female,32724.0,113,6,175.18,1040.48,Beauty,37,Medium,114
100421,46,Female,67884.0,256,9,92.62,972.59,Groceries,32,High,18
100422,59,Female,58692.0,166,8,148.28,1415.6,Sports,40,Medium,40
100423,43,Female,44205.0,342,15,142.86,2489.98,Home,27,Medium,18
100424,52,Male,44064.0,78,15,166.07,2189.25,Fashion,26,Medium,18
100425,67,Male,64550.0,207,8,256.94,2304.54,Electronics,38,Medium,79
100426,42,Female,72593.0,311,10,238.61,2689.28,Groceries,37,High,59
100427,41,Female,61272.0,196,6,264.44,1637.02,Beauty,43,Medium,75
100428,30,Female,61894.0,321,11,180.26,2153.3,Fashion,38,Low,111
100429,24,Male,50030.0,64,11,192.43,2459.94,Fashion,44,Low,76
100430,53,Male,51356.0,140,11,140.54,1851.52,Sports,37,High,65
100431,62,Female,44151.0,42,9,220.82,1621.76,Electronics,39,Low,99
100432,37,Male,49628.0,306,10,77.37,698.55,Home,41,Medium,106
100433,18,Female,71894.0,209,20,153.05,3593.09,Home,32,High,32
100434,25,Female,74128.0,304,17,219.97,3483.93,Beauty,37,Medium,63
100435,63,Female,34482.0,73,15,237.81,3005.67,Fashion,34,High,10
100436,33,Male,42071.0,153,14,89.43,1158.5,Fashion,30,Low,12
100437,31,Female,45792.0,135,11,70.83,784.89,Electronics,25,High,87
100438,29,Female,58719.0,362,10,100.79,961.98,Beauty,33,Medium,91
100439,68,Female,26337.0,264,12,277.64,3715.89,Fashion,40,High,1
100440,40,Male,42422.0,216,8,56.15,469.15,Groceries,39,Low,97
100441,32,Male,32288.0,209,16,286.87,4470.41,Home,42,Medium,103
100442,45,Male,68010.0,204,12,298.55,4295.2,Beauty,30,Low,19
100443,51,Female,59407.0,110,13,239.36,3592.05,Groceries,30,Medium,118
100444,19,Male,50749.0,31,10,232.92,2666.71,Sports,31,Low,23
100445,49,Female,38734.0,12,12,286.92,3535.66,Fashion,26,Low,11
100446,40,Male,51058.0,127,6,101.35,676.19,Electronics,39,Low,49
100447,39,Female,48706.0,313,13,56.12,681.67,Sports,46,Medium,68
100448,68,Male,92693.0,194,15,250.47,3501.35,Sports,31,Medium,67
100449,42,Female,79940.0,140,4,67.86,314.01,Electronics,42,Medium,75
100450,39,Male,46186.0,27,12,32.71,407.72,Sports,36,Medium,48
100451,39,Male,63304.0,46,15,75.01,1054.75,Groceries,33,High,9
100452,66,Male,78884.0,135,11,142.61,1785.39,Sports,37,High,24
100453,69,Female,46180.0,317,8,158.63,1239.88,Electronics,42,Medium,39
100454,59,Male,31658.0,58,12,37.5,432.0,Home,28,Medium,9
100455,23,Male,24063.0,13,11,144.15,1285.12,Fashion,33,Medium,15
100456,32,Male,85445.0,100,11,189.21,2230.33,Electronics,29,Low,105
100457,60,Male,56179.0,49,14,280.91,3984.09,Groceries,45,Medium,1
100458,54,Female,65827.0,291,13,83.65,1005.6,Groceries,28,Medium,75
100459,50,Male,48515.0,94,13,79.07,879.6,Home,30,Medium,111
100460,25,Female,34642.0,95,13,129.04,1464.42,Groceries,40,Medium,103
100461,61,Female,38374.0,145,16,295.42,4206.52,Electronics,29,Medium,23
100462,61,Female,33179.0,72,13,114.14,1700.58,Groceries,38,Low,9
100463,22,Female,77000.0,10,9,32.28,288.27,Home,44,High,6
100464,56,Male,89851.0,162,9,94.37,915.75,Home,35,High,12
100465,21,Female,60745.0,214,15,176.32,2603.88,Beauty,34,Medium,108
100466,23,Female,29644.0,4,10,135.51,1340.86,Sports,39,Low,54
100467,62,Female,69932.0,224,14,236.78,3742.08,Sports,39,Medium,110
100468,49,Female,85300.0,29,8,190.04,1685.22,Groceries,37,Medium,15
100469,69,Male,79433.0,302,8,176.65,1261.78,Groceries,27,High,3
100470,47,Male,59417.0,203,23,110.44,2667.86,Beauty,42,Low,1
100471,64,Female,55310.0,77,8,174.52,1496.79,Groceries,44,Medium,13
100472,52,Female,59257.0,59,9,192.37,1665.4,Groceries,37,Medium,118
100473,57,Female,84505.0,196,7,70.18,406.44,Sports,42,Low,97
100474,69,Male,75207.0,322,13,226.04,2787.37,Electronics,36,Low,75
100475,33,Male,52285.0,107,7,130.02,858.56,Beauty,30,Medium,62
100476,30,Male,51782.0,342,10,227.84,2452.13,Electronics,25,High,80
100477,67,Male,50366.0,9,13,69.76,1019.16,Electronics,27,Medium,117
100478,59,Male,38707.0,20,9,203.83,1758.17,Beauty,40,Medium,3
100479,47,Female,87037.0,149,10,27.53,291.35,Sports,33,Medium,16
100480,36,Male,44244.0,17,10,64.51,681.96,Electronics,37,Medium,32
100481,34,Male,69806.0,12,9,269.51,2569.34,Beauty,39,Medium,90
100482,36,Female,46771.0,82,12,149.21,1829.42,Electronics,32,Medium,28
100483,45,Male,50456.0,67,15,162.2,2558.75,Sports,41,Medium,91
100484,43,Male,57722.0,133,10,274.12,3144.36,Fashion,32,Low,105
100485,54,Male,70905.0,53,13,155.78,2366.85,Groceries,39,High,81
100486,43,Female,54816.0,206,11,203.28,1870.97,Groceries,34,High,48
100487,40,Male,37216.0,233,7,82.15,462.74,Fashion,28,Medium,48
100488,26,Female,60382.0,54,12,42.84,517.97,Home,36,Low,27
100489,29,Female,44667.0,68,9,118.94,1033.13,Electronics,35,Medium,12
100490,18,Male,90877.0,291,10,243.63,2388.71,Fashion,33,High,35
100491,18,Male,54801.0,344,10,145.11,1427.01,Electronics,32,High,19
100492,64,Male,46641.0,169,9,67.08,699.15,Fashion,35,High,97
100493,51,Male,99496.0,161,12,172.63,2184.77,Beauty,29,Medium,17
100494,49,Female,74778.0,15,14,93.88,1284.01,Beauty,38,High,9
100495,65,Male,42065.0,191,10,285.07,2799.14,Groceries,31,Low,111
100496,42,Female,44182.0,15,7,181.68,1447.01,Electronics,43,Low,46
100497,57,Female,69484.0,287,9,295.23,2356.35,Beauty,36,Medium,12
100498,62,Female,60870.0,363,8,32.06,206.7,Beauty,35,Low,33
100499,18,Female,77804.0,10,16,23.24,368.59,Sports,36,Low,79
100500,33,Female,46746.0,57,16,153.59,2910.07,Groceries,35,Medium,29
100501,56,Male,74022.0,199,12,261.36,3530.71,Groceries,33,Medium,13
100502,22,Female,15234.0,161,9,166.83,1446.45,Groceries,33,Low,67
100503,39,Female,56911.0,263,9,265.33,2077.63,Electronics,21,Medium,99
100504,46,Male,47656.0,253,7,56.56,407.03,Home,34,High,58
100505,20,Male,50899.0,119,11,215.81,2734.46,Fashion,32,Low,85
100506,29,Female,57943.0,80,13,204.77,2893.36,Fashion,43,High,116
100507,43,Female,82770.0,124,13,172.59,2279.75,Beauty,37,Medium,119
100508,33,Male,36919.0,313,8,133.43,1167.73,Sports,36,Medium,103
100509,68,Female,16239.0,72,6,201.18,1431.43,Home,33,Low,99
100510,54,Male,39239.0,168,10,174.03,1776.98,Groceries,26,Low,99
100511,39,Male,80449.0,284,7,96.34,689.31,Fashion,36,Medium,100
100512,46,Female,27100.0,36,12,49.29,586.42,Electronics,42,Low,95
100513,31,Male,48561.0,312,11,128.26,1448.45,Groceries,40,Low,77
100514,45,Female,76792.0,175,14,163.48,2412.46,Groceries,29,High,96
100515,22,Female,58831.0,199,15,162.38,2147.59,Beauty,33,Low,63
100516,64,Female,82574.0,116,10,139.16,1429.47,Home,27,Medium,82
100517,66,Male,19302.0,315,17,111.66,1528.79,Beauty,38,Medium,108
100518,47,Female,53568.0,220,12,118.14,1666.02,Home,34,Low,18
100519,63,Male,86744.0,66,13,94.44,1000.76,Beauty,31,Medium,10
100520,69,Female,37462.0,265,9,182.37,1942.12,Fashion,36,Medium,110
100521,22,Female,80696.0,134,10,257.97,3063.64,Fashion,39,Medium,80
100522,29,Male,55286.0,119,13,266.31,3499.13,Groceries,41,Medium,87
100523,33,Female,68683.0,122,13,298.24,3617.23,Sports,35,Medium,31
100524,43,Female,85293.0,321,10,44.87,392.15,Groceries,35,Medium,115
100525,43,Male,68597.0,87,7,79.99,484.27,Electronics,42,Low,53
100526,65,Male,48175.0,289,16,224.46,3214.89,Sports,39,Medium,98
100527,38,Male,71241.0,137,13,200.67,2583.88,Fashion,41,Medium,44
100528,56,Female,46764.0,53,9,57.48,567.58,Sports,40,Low,29
100529,53,Male,65467.0,205,5,196.69,943.61,Sports,29,Medium,49
100530,50,Male,34963.0,348,17,133.81,2530.47,Fashion,34,Medium,80
100531,47,Female,60582.0,51,9,287.92,2658.22,Electronics,34,Low,57
100532,54,Male,83786.0,327,10,259.47,2095.77,Electronics,30,Low,94
100533,40,Female,54025.0,40,13,40.51,449.07,Beauty,39,High,116
100534,27,Female,81874.0,250,12,45.2,558.08,Home,33,Medium,89
100535,22,Male,121869.0,218,7,136.78,827.69,Beauty,29,Medium,101
100536,53,Female,59421.0,179,13,22.34,303.0,Home,40,High,37
100537,51,Male,72284.0,39,6,46.43,272.48,Electronics,24,Medium,48
100538,69,Male,69537.0,183,9,281.13,2722.55,Electronics,37,High,83
100539,48,Male,64502.0,224,14,241.88,3103.82,Home,28,Medium,117
100540,27,Male,75758.0,164,14,208.36,3292.32,Beauty,32,Low,118
100541,36,Female,55038.0,234,15,252.47,3618.73,Home,34,Medium,96
100542,49,Female,46749.0,193,11,90.02,1107.72,Beauty,36,Low,114
100543,18,Male,29474.0,85,9,223.16,1622.31,Electronics,34,Medium,101
100544,22,Male,53145.0,243,9,192.36,1657.2,Fashion,26,High,59
100545,62,Female,78029.0,173,11,257.62,2516.65,Electronics,42,Medium,103
100546,21,Male,41204.0,37,8,99.15,775.33,Beauty,33,Medium,12
100547,33,Female,64934.0,87,7,233.84,1929.43,Fashion,33,High,15
100548,41,Male,57538.0,129,11,258.74,2457.88,Fashion,35,Low,56
100549,33,Female,47586.0,194,13,173.72,1886.18,Fashion,34,Medium,79
100550,19,Female,22939.0,319,10,135.86,1118.67,Home,43,Medium,84
100551,66,Female,87257.0,43,10,285.62,2425.9,Groceries,43,Medium,60
100552,45,Male,70344.0,356,11,67.31,610.68,Electronics,37,Medium,70
100553,49,Male,113306.0,159,7,30.16,226.72,Sports,37,Low,19
100554,44,Male,81588.0,105,13,70.16,772.5,Sports,33,Medium,53
100555,37,Male,86811.0,229,11,211.37,2043.68,Electronics,29,Medium,29
100556,41,Male,25013.0,217,11,240.9,2804.16,Fashion,41,Low,62
100557,29,Female,24663.0,264,14,220.71,3023.39,Home,37,Low,118
100558,67,Female,60846.0,49,10,137.56,1130.56,Beauty,40,Medium,27
100559,52,Female,37038.0,352,14,290.92,4839.68,Home,34,Medium,99
100560,50,Female,46374.0,123,12,144.4,1802.06,Fashion,29,Medium,97
100561,50,Female,110525.0,303,7,294.77,2157.31,Electronics,35,Medium,110
100562,68,Female,83798.0,25,10,277.07,3161.46,Sports,33,Low,83
100563,60,Female,41287.0,131,9,134.0,1403.35,Home,35,High,40
100564,54,Male,15000.0,224,9,65.08,481.95,Fashion,53,Medium,36
100565,29,Female,39601.0,99,11,45.15,410.9,Home,32,High,69
100566,20,Male,48856.0,352,8,168.81,1499.87,Fashion,40,Medium,20
100567,18,Female,53575.0,290,13,233.7,3276.09,Home,39,Medium,98
100568,50,Female,34419.0,197,11,69.29,675.85,Sports,43,Medium,48
100569,57,Male,82597.0,109,8,109.1,810.39,Home,31,High,71
100570,27,Female,45771.0,348,9,196.55,1847.52,Electronics,33,High,98
100571,60,Male,72972.0,220,8,149.04,1330.15,Groceries,35,Medium,55
100572,61,Female,61078.0,264,13,189.08,2559.47,Fashion,30,Medium,58
100573,46,Male,78770.0,208,13,209.38,3039.83,Groceries,36,Low,92
100574,30,Female,55242.0,319,13,126.59,1467.03,Sports,32,Medium,39
100575,29,Male,41500.0,82,14,240.07,3133.93,Sports,42,Medium,110
100576,48,Male,48028.0,25,13,216.8,2369.29,Groceries,40,High,86
100577,63,Female,48310.0,186,14,212.51,3552.1,Sports,37,Low,41
100578,19,Female,101291.0,8,10,61.86,695.06,Sports,43,Medium,50
100579,68,Male,61530.0,124,8,152.79,1327.82,Beauty,39,Low,59
100580,67,Female,60093.0,149,7,181.61,1116.08,Fashion,26,Low,56
100581,52,Male,77641.0,98,14,83.39,1260.24,Fashion,30,Low,104
100582,40,Female,59999.0,216,14,232.4,3725.26,Fashion,35,Medium,53
100583,34,Male,82434.0,101,15,53.9,908.87,Electronics,32,High,102
100584,43,Female,52558.0,218,6,61.96,409.63,Beauty,41,Low,63
100585,25,Male,50527.0,259,13,135.73,1684.85,Electronics,34,Low,41
100586,46,Female,40395.0,356,10,57.9,640.83,Electronics,30,Medium,114
100587,43,Male,97001.0,11,13,23.26,300.51,Beauty,37,Medium,30
100588,27,Male,58604.0,59,11,135.19,1430.3,Electronics,29,High,55
100589,43,Female,36519.0,250,14,201.59,3346.95,Groceries,39,Low,85
100590,51,Female,63937.0,140,10,158.64,1362.19,Beauty,31,High,61
100591,68,Male,46999.0,335,12,34.61,475.91,Beauty,46,Medium,40
100592,58,Male,52208.0,38,15,85.09,1185.53,Fashion,43,Low,73
100593,24,Male,66215.0,122,12,166.82,2014.98,Sports,32,Low,36
100594,21,Male,90420.0,65,11,226.67,2356.67,Home,35,Low,13
100595,67,Female,62032.0,146,7,242.3,1698.27,Electronics,36,Low,46
100596,62,Male,45779.0,302,7,165.42,1305.42,Sports,36,High,119
100597,28,Male,49902.0,125,11,200.92,1929.89,Fashion,28,Medium,97
100598,46,Male,73129.0,312,10,272.96,3007.79,Groceries,28,High,90
100599,53,Female,20833.0,191,14,38.26,524.05,Beauty,41,Low,1
100600,42,Male,39146.0,263,13,47.77,729.05,Sports,51,Medium,60
100601,38,Female,64253.0,361,8,148.2,1207.88,Home,44,High,2
100602,53,Female,25867.0,296,12,190.73,1868.89,Sports,33,Medium,36
100603,27,Female,53750.0,182,11,21.3,272.74,Beauty,28,Low,45
100604,54,Female,50435.0,159,11,146.71,1887.83,Fashion,39,Low,94
100605,26,Female,77549.0,353,12,68.37,715.4,Sports,38,Medium,80
100606,41,Female,54994.0,308,17,200.63,4055.56,Beauty,32,Medium,9
100607,52,Female,83734.0,287,9,94.97,836.2,Groceries,45,High,15
100608,66,Male,61577.0,162,7,272.54,2224.03,Fashion,42,Medium,39
100609,52,Male,95529.0,263,9,37.88,322.38,Electronics,32,Low,55
100610,65,Female,32250.0,217,12,246.58,2394.02,Fashion,34,Low,59
100611,53,Male,92343.0,181,11,129.85,1596.91,Sports,37,High,86
100612,35,Male,51777.0,91,12,260.0,3601.49,Beauty,43,Medium,79
100613,66,Female,89479.0,17,8,248.23,1718.0,Home,26,Low,4
100614,56,Male,83705.0,125,8,87.0,711.03,Fashion,39,High,16
100615,49,Female,15000.0,260,6,34.16,232.14,Fashion,33,Medium,105
100616,41,Male,69583.0,355,8,214.75,1691.57,Fashion,28,Low,11
100617,40,Female,79952.0,214,14,77.23,1205.93,Fashion,27,Medium,112
100618,49,Female,86572.0,239,18,280.54,5328.65,Sports,38,Medium,96
100619,54,Male,36467.0,180,15,38.82,633.71,Electronics,32,Low,22
100620,29,Male,71807.0,172,17,110.71,2197.37,Home,32,Medium,65
100621,66,Female,63901.0,143,13,23.54,295.84,Fashion,35,Medium,54
100622,30,Female,68628.0,317,12,108.77,1446.71,Beauty,41,Medium,90
100623,40,Female,79979.0,244,13,171.55,2419.88,Home,33,Low,3
100624,42,Male,83134.0,232,10,203.36,1983.97,Sports,35,Medium,96
100625,52,Male,46885.0,172,12,223.4,2553.38,Electronics,32,Medium,97
100626,58,Male,65308.0,277,14,253.37,4088.27,Fashion,34,High,97
100627,47,Male,60823.0,77,11,51.02,494.94,Electronics,38,Medium,66
100628,34,Female,55213.0,303,10,233.32,2163.82,Fashion,30,Low,86
100629,66,Female,57124.0,331,8,97.94,932.23,Fashion,39,Medium,57
100630,37,Female,63920.0,49,19,58.71,1016.15,Beauty,31,Low,12
100631,65,Female,47960.0,248,13,94.38,1409.74,Groceries,30,Medium,66
100632,42,Male,77661.0,283,13,260.24,3209.13,Beauty,28,Low,101
100633,39,Female,85386.0,287,11,195.67,2196.45,Home,33,Medium,8
100634,30,Female,43588.0,32,7,187.27,1257.59,Electronics,34,Low,81
100635,36,Male,86367.0,158,9,183.7,1468.99,Home,36,Medium,4
100636,66,Male,43626.0,18,9,134.42,1302.26,Home,44,Medium,44
100637,53,Female,77956.0,63,10,136.76,1622.85,Home,30,Medium,65
100638,29,Male,86330.0,128,13,61.53,925.57,Electronics,41,High,6
100639,58,Female,58110.0,16,9,113.13,1215.81,Fashion,30,Medium,62
100640,36,Male,43790.0,163,14,163.37,2462.04,Fashion,35,Low,40
100641,29,Male,48226.0,251,17,189.68,2624.12,Fashion,30,Medium,86
100642,26,Female,67237.0,137,10,40.06,409.26,Fashion,40,High,35
100643,24,Male,99293.0,318,9,113.47,1071.28,Fashion,34,Medium,50
100644,45,Female,26145.0,295,11,115.04,1073.17,Beauty,37,High,40
100645,31,Male,62005.0,179,4,164.22,743.17,Fashion,34,High,11
100646,48,Male,58239.0,229,10,218.81,2389.48,Sports,27,High,66
100647,69,Male,50870.0,180,16,197.87,3100.61,Sports,33,High,18
100648,36,Male,58384.0,72,15,179.85,2473.29,Beauty,41,Medium,73
100649,64,Male,49156.0,318,8,101.6,722.35,Beauty,30,Medium,70
100650,33,Female,84863.0,83,11,254.94,3325.33,Fashion,42,Medium,34
100651,22,Male,86850.0,136,7,239.88,1882.05,Beauty,30,Medium,12
100652,52,Female,61763.0,218,10,71.41,769.34,Beauty,34,Low,21
100653,29,Male,57177.0,109,13,203.44,3119.06,Electronics,46,Low,60
100654,42,Female,50139.0,119,13,273.86,3137.95,Home,32,High,90
100655,69,Male,61806.0,18,12,141.97,1947.33,Home,34,Medium,10
100656,38,Female,96957.0,332,15,278.94,4323.76,Electronics,40,Medium,16
100657,53,Female,57925.0,154,13,26.15,398.84,Sports,43,Medium,79
100658,40,Male,43211.0,11,7,164.55,1225.85,Home,35,Low,23
100659,33,Male,52045.0,138,12,91.76,1207.5,Sports,45,Medium,106
100660,56,Male,75069.0,62,9,93.4,747.21,Groceries,31,High,21
100661,62,Female,45645.0,71,9,265.71,2243.12,Home,35,Medium,61
100662,59,Female,59326.0,61,11,107.22,1086.15,Groceries,38,Medium,43
100663,56,Male,69458.0,132,9,26.53,257.31,Beauty,36,Low,16
100664,31,Male,47163.0,61,11,171.11,1815.33,Groceries,41,Medium,58
100665,48,Female,24712.0,358,17,291.84,5675.66,Groceries,37,Medium,11
100666,22,Female,38572.0,269,9,42.15,335.74,Groceries,41,Medium,84
100667,52,Male,42825.0,12,14,100.16,1568.08,Fashion,44,Low,21
100668,40,Female,55423.0,35,15,151.46,2556.56,Fashion,28,High,16
100669,46,Male,60886.0,51,8,252.53,2123.58,Beauty,36,Medium,117
100670,60,Male,76474.0,43,13,95.29,1064.5,Electronics,41,High,75
100671,28,Male,35455.0,228,8,116.23,865.39,Home,28,Medium,33
100672,35,Female,73566.0,111,8,127.66,979.51,Electronics,43,High,86
100673,64,Female,52582.0,322,9,126.3,1120.99,Groceries,36,Medium,89
100674,29,Female,24289.0,15,15,76.1,1249.61,Electronics,35,Low,33
100675,26,Female,60271.0,177,15,276.39,3877.82,Fashion,34,High,101
100676,27,Male,86325.0,162,10,242.01,1953.72,Sports,36,Medium,98
100677,61,Female,77662.0,39,11,293.18,3697.22,Beauty,39,High,15
100678,34,Male,58475.0,26,17,123.88,2048.95,Sports,36,Medium,65
100679,55,Male,82515.0,112,11,32.68,328.26,Beauty,38,Low,116
100680,24,Male,63844.0,51,10,52.34,590.22,Sports,33,Low,4
100681,63,Female,79624.0,98,11,120.1,1521.3,Sports,35,Low,81
100682,30,Male,26768.0,170,14,275.1,4207.33,Sports,41,Medium,92
100683,57,Male,35007.0,56,9,294.7,2497.74,Home,32,Medium,32
100684,59,Female,74581.0,221,12,250.16,2679.01,Groceries,34,Low,8
100685,26,Male,90786.0,325,12,86.76,1129.74,Fashion,41,Low,36
100686,67,Female,68346.0,146,9,204.72,1516.33,Sports,41,Medium,100
100687,44,Female,50053.0,260,10,187.05,1788.99,Home,46,Low,83
100688,19,Female,42990.0,129,13,250.51,3593.76,Fashion,32,Medium,56
100689,22,Male,53694.0,50,7,162.73,1177.87,Sports,42,Medium,88
100690,46,Female,84273.0,340,9,109.08,1073.55,Beauty,42,Medium,3
100691,54,Female,53149.0,326,9,25.4,235.27,Beauty,35,Low,14
100692,55,Female,80955.0,20,13,242.61,2825.53,Groceries,28,Low,96
100693,36,Female,73051.0,174,6,168.47,1004.03,Electronics,40,Medium,76
100694,25,Male,94279.0,283,5,169.57,940.46,Beauty,39,High,119
100695,65,Female,64005.0,26,8,287.98,2055.39,Beauty,35,Medium,95
100696,62,Male,59008.0,160,8,156.14,1480.47,Beauty,38,High,34
100697,18,Female,81953.0,10,6,108.42,573.2,Beauty,37,Low,95
100698,39,Male,41295.0,82,8,115.15,742.19,Groceries,27,Low,36
100699,69,Female,51120.0,256,11,23.29,284.69,Groceries,38,Medium,96
100700,34,Male,26400.0,105,7,54.26,444.91,Sports,37,Medium,35
100701,24,Female,34914.0,140,7,32.27,203.0,Beauty,28,High,32
100702,42,Male,98467.0,202,9,88.11,683.58,Electronics,30,Medium,80
100703,62,Male,73846.0,344,12,38.1,406.71,Electronics,30,Low,1
100704,21,Male,32586.0,24,11,112.71,1303.22,Fashion,28,Medium,111
100705,53,Female,83897.0,46,18,55.32,1027.23,Home,28,Medium,104
100706,23,Male,45926.0,217,14,277.02,4066.53,Beauty,36,Medium,52
100707,48,Male,72819.0,55,12,282.75,2724.9,Fashion,42,Low,13
100708,36,Male,72520.0,78,13,188.97,2119.55,Sports,38,High,75
100709,61,Male,93300.0,159,10,245.54,2203.22,Electronics,35,Medium,115
100710,56,Female,49245.0,344,9,209.62,2035.31,Groceries,25,Medium,75
100711,44,Male,45195.0,272,11,247.11,2836.45,Groceries,39,Medium,25
100712,27,Male,15000.0,148,13,199.15,2717.26,Home,30,Medium,64
100713,43,Male,57565.0,38,10,140.45,1444.23,Beauty,30,Medium,5
100714,36,Female,74507.0,111,13,264.65,3776.95,Sports,38,Medium,63
100715,56,Male,77239.0,15,15,142.66,2517.97,Sports,25,Medium,85
100716,20,Male,85048.0,78,11,130.94,1540.34,Fashion,34,Low,99
100717,62,Male,65796.0,76,13,194.83,2780.97,Beauty,23,Medium,76
100718,30,Male,70096.0,328,12,282.62,3538.2,Electronics,28,High,52
100719,67,Female,61362.0,275,10,143.82,1609.42,Beauty,42,Medium,46
100720,45,Male,74149.0,197,7,180.98,1491.34,Electronics,38,Medium,77
100721,37,Male,41315.0,219,6,157.85,986.92,Home,35,Low,67
100722,45,Female,31831.0,63,8,274.73,1917.4,Groceries,43,High,76
100723,25,Female,43425.0,361,12,209.49,2785.65,Beauty,30,Medium,47
100724,58,Female,64272.0,32,13,137.49,1895.21,Fashion,31,Medium,34
100725,56,Male,33992.0,233,16,189.93,3565.95,Home,48,Medium,20
100726,18,Female,47335.0,110,16,63.7,926.3,Electronics,29,Low,39
100727,20,Male,47974.0,165,11,115.74,1512.51,Beauty,33,Low,52
100728,30,Female,75636.0,194,14,226.13,3231.45,Fashion,24,Low,50
100729,45,Male,73202.0,7,12,177.47,2524.9,Sports,36,Medium,68
100730,66,Female,61410.0,139,10,108.0,1202.7,Groceries,45,Low,41
100731,42,Male,69021.0,343,12,121.44,1670.6,Electronics,37,Medium,43
100732,50,Female,69416.0,287,12,246.74,2752.25,Electronics,31,High,49
100733,55,Male,52728.0,301,8,171.45,1217.67,Home,42,Low,71
100734,23,Male,49150.0,56,8,86.85,729.29,Groceries,33,Low,47
100735,61,Male,90734.0,160,13,103.11,1273.05,Electronics,36,Medium,57
100736,62,Male,15000.0,149,16,151.01,2885.76,Electronics,27,Medium,67
100737,49,Male,45174.0,287,9,233.59,2098.52,Electronics,34,Medium,46
100738,62,Male,55924.0,257,8,299.28,2021.19,Home,28,Low,41
100739,64,Male,71199.0,139,13,72.01,935.68,Electronics,34,Low,108
100740,38,Male,82710.0,349,17,231.38,3988.66,Home,36,Medium,77
100741,33,Female,97135.0,324,7,192.82,1082.35,Sports,38,High,29
100742,38,Male,58166.0,292,13,168.73,1970.18,Sports,32,Low,41
100743,28,Male,59505.0,335,12,290.61,2791.72,Sports,28,High,85
100744,54,Female,67252.0,187,13,110.37,1469.82,Sports,38,Low,46
100745,53,Male,49378.0,323,11,69.55,701.44,Fashion,32,High,25
100746,52,Female,36315.0,184,5,265.73,1154.97,Fashion,27,Low,3
100747,36,Male,58075.0,307,20,39.23,890.86,Sports,32,Low,30
100748,37,Female,74907.0,262,8,248.79,1616.15,Beauty,27,High,103
100749,35,Female,55142.0,310,12,184.99,2390.11,Sports,35,Medium,86
100750,64,Male,68269.0,344,14,65.92,949.83,Groceries,35,Medium,2
100751,58,Female,22624.0,145,9,83.66,834.73,Electronics,33,Medium,9
100752,66,Male,60368.0,261,11,63.64,597.07,Beauty,35,Medium,58
100753,31,Male,51931.0,2,12,221.13,3047.96,Groceries,47,High,4
100754,32,Male,34498.0,314,15,61.25,853.2,Groceries,39,Low,72
100755,48,Male,73144.0,12,15,210.78,2540.17,Groceries,40,High,19
100756,18,Female,96913.0,261,12,55.88,712.58,Groceries,40,High,85
100757,20,Male,79799.0,362,7,244.63,1958.55,Beauty,44,Medium,14
100758,33,Female,81075.0,169,11,277.46,2873.44,Groceries,27,Medium,1
100759,40,Female,74250.0,148,12,176.61,2142.7,Groceries,36,High,105
100760,28,Male,72929.0,200,9,290.53,2523.08,Sports,32,Low,20
100761,29,Male,24011.0,312,8,129.31,845.16,Groceries,41,Medium,83
100762,27,Male,57441.0,70,10,88.49,974.5,Beauty,33,Low,106
100763,49,Male,70173.0,312,21,69.64,1720.69,Fashion,35,Low,80
100764,33,Female,70628.0,54,12,154.11,1790.2,Beauty,38,High,74
100765,25,Male,85434.0,259,12,56.61,582.7,Electronics,30,Medium,66
100766,55,Female,39352.0,351,7,265.22,1860.31,Beauty,37,Low,65
100767,29,Male,72145.0,28,9,239.73,2506.88,Beauty,30,Medium,8
100768,41,Male,38699.0,363,10,177.39,1848.99,Fashion,42,Medium,9
100769,45,Male,55766.0,120,8,222.01,1571.73,Home,28,Low,39
100770,25,Male,58761.0,133,11,34.0,381.96,Fashion,44,Medium,64
100771,45,Female,77251.0,90,12,76.98,859.79,Home,36,Low,106
100772,53,Female,74899.0,16,8,193.94,1255.84,Sports,46,Low,57
100773,43,Male,62407.0,287,10,153.69,1791.19,Home,32,Medium,82
100774,25,Female,16959.0,284,14,189.29,2962.19,Groceries,26,Medium,15
100775,67,Female,68897.0,230,7,44.91,367.7,Groceries,43,Medium,106
100776,45,Male,54646.0,137,15,202.68,3262.5,Groceries,39,Low,80
100777,45,Male,87836.0,295,7,245.01,1680.59,Home,41,Medium,85
100778,54,Female,83070.0,227,6,172.96,1034.93,Beauty,35,Low,111
100779,58,Female,41240.0,27,13,120.07,1376.49,Home,31,Low,25
100780,53,Female,71643.0,332,13,68.9,854.96,Home,38,Medium,119
100781,44,Female,72038.0,117,9,94.3,734.58,Electronics,37,Medium,88
100782,34,Male,70584.0,89,11,166.31,1809.99,Electronics,30,Medium,111
100783,26,Male,67992.0,107,11,91.54,1065.71,Electronics,33,Medium,16
100784,50,Female,72603.0,221,9,237.82,1931.99,Groceries,42,Medium,49
100785,37,Male,90030.0,223,14,56.89,937.84,Sports,41,Medium,73
100786,30,Female,48972.0,122,12,164.6,2091.22,Fashion,43,Low,102
100787,45,Female,41884.0,354,7,158.87,987.5,Electronics,29,High,79
100788,65,Male,75654.0,33,13,58.89,663.6,Fashion,40,Medium,48
100789,46,Female,22333.0,91,6,298.6,1555.09,Electronics,47,High,77
100790,30,Female,73080.0,184,10,250.48,2979.57,Home,28,Medium,60
100791,63,Male,69539.0,258,9,128.23,1032.49,Home,45,Low,61
100792,52,Male,15000.0,13,10,211.77,1836.79,Groceries,44,Medium,118
100793,23,Female,47273.0,24,16,220.64,3055.76,Groceries,29,High,44
100794,35,Female,91519.0,325,10,202.32,1897.19,Fashion,41,Low,24
100795,68,Male,30856.0,34,10,141.1,1476.08,Groceries,37,Low,51
100796,22,Female,64252.0,247,10,267.83,2227.36,Sports,34,Low,33
100797,64,Female,39902.0,343,7,236.03,1427.14,Sports,36,Medium,12
100798,42,Male,45821.0,19,13,171.77,2658.58,Sports,32,Medium,10
100799,19,Male,98326.0,30,10,20.72,216.96,Groceries,43,Low,118
100800,27,Male,62469.0,49,8,82.54,565.15,Electronics,30,Medium,31
100801,47,Male,70339.0,180,11,162.47,1822.98,Fashion,26,Low,56
100802,67,Male,57751.0,226,14,271.7,3409.63,Beauty,44,Medium,4
100803,62,Male,29697.0,78,7,196.01,1632.0,Fashion,31,Medium,102
100804,22,Female,36302.0,207,16,137.0,2094.51,Fashion,34,Low,36
100805,50,Female,83569.0,35,15,33.42,429.59,Beauty,33,High,10
100806,18,Male,63058.0,250,14,187.24,2739.81,Electronics,39,Medium,67
100807,35,Male,44594.0,71,14,118.21,1414.85,Groceries,38,Low,22
100808,49,Female,59559.0,364,11,170.47,1888.72,Electronics,35,Medium,113
100809,64,Female,73232.0,310,16,234.6,4282.46,Home,36,Medium,85
100810,66,Female,69090.0,279,15,245.05,3448.93,Electronics,33,Medium,38
100811,28,Male,44604.0,152,5,262.0,1298.2,Beauty,37,Medium,110
100812,38,Male,28494.0,227,11,198.09,1837.61,Groceries,38,Low,102
100813,43,Female,51859.0,243,10,273.57,2895.84,Beauty,36,Medium,46
100814,42,Male,82181.0,10,10,213.38,1802.74,Beauty,35,Medium,67
100815,39,Male,77088.0,317,12,239.5,2675.08,Electronics,34,High,29
100816,44,Male,68208.0,48,14,211.94,3372.1,Groceries,38,High,101
100817,66,Female,56582.0,112,13,264.12,2952.75,Electronics,46,Medium,51
100818,30,Female,49665.0,204,10,82.41,936.23,Electronics,38,Low,60
100819,50,Male,56953.0,157,17,232.77,4163.76,Fashion,31,Medium,59
100820,51,Male,75635.0,343,9,52.8,406.97,Fashion,34,Medium,5
100821,58,Male,80204.0,26,2,45.76,79.38,Fashion,38,Medium,3
100822,52,Male,54764.0,308,10,157.65,1679.42,Groceries,34,Medium,114
100823,18,Male,110725.0,166,14,104.07,1590.54,Sports,29,Low,64
100824,38,Female,61848.0,249,14,177.74,2643.37,Sports,24,Medium,94
100825,65,Male,53061.0,262,12,209.77,2732.77,Sports,35,Medium,47
100826,23,Male,89513.0,264,9,83.44,709.38,Sports,29,High,40
100827,45,Male,19234.0,17,13,215.98,2247.8,Groceries,26,Medium,116
100828,34,Female,69601.0,76,11,298.73,3324.02,Fashion,33,Low,8
100829,22,Female,58544.0,254,12,232.79,2899.09,Fashion,28,Medium,108
100830,48,Male,88964.0,206,17,68.66,1254.83,Fashion,42,Medium,56
100831,22,Female,72098.0,34,13,197.43,2290.75,Groceries,37,High,77
100832,55,Female,62782.0,147,16,22.66,314.74,Electronics,32,Medium,118
100833,20,Female,73253.0,326,8,151.52,1372.31,Home,34,High,54
100834,40,Female,38888.0,338,12,169.33,2309.36,Beauty,40,Low,84
100835,54,Female,79336.0,228,18,292.27,6286.96,Groceries,26,Medium,118
100836,54,Female,33108.0,118,10,226.42,2119.07,Beauty,33,Medium,77
100837,27,Male,67170.0,165,14,217.67,2509.84,Beauty,30,Low,6
100838,27,Female,60712.0,38,9,169.07,1506.95,Electronics,29,Medium,74
100839,36,Female,24739.0,358,14,163.69,2273.09,Beauty,32,High,53
100840,34,Male,61379.0,296,9,297.78,2183.18,Fashion,41,Medium,26
100841,38,Male,65640.0,137,18,25.96,481.31,Fashion,35,High,70
100842,31,Male,46902.0,309,14,104.9,1328.1,Sports,38,Medium,26
100843,26,Male,39752.0,246,12,57.46,584.47,Sports,30,High,28
100844,63,Female,69844.0,198,10,108.19,1127.29,Beauty,33,Medium,76
100845,18,Female,67246.0,66,9,149.81,1230.91,Electronics,28,High,53
100846,68,Female,64536.0,80,10,115.74,1185.91,Home,32,High,61
100847,62,Female,60177.0,52,17,289.56,3967.96,Beauty,33,High,40
100848,30,Male,48669.0,129,14,210.56,2790.09,Beauty,35,Medium,68
100849,21,Female,105444.0,1,8,223.85,2052.56,Electronics,33,Medium,88
100850,18,Female,54033.0,167,8,227.84,1932.17,Electronics,37,Medium,15
100851,66,Male,42698.0,16,8,271.78,2493.86,Beauty,35,Medium,88
100852,57,Female,61089.0,145,6,235.05,1545.96,Home,36,Medium,13
100853,49,Female,56381.0,112,14,24.54,373.75,Electronics,34,Medium,67
100854,51,Female,53570.0,102,10,93.19,1069.83,Electronics,42,Medium,117
100855,45,Female,97486.0,82,9,296.95,2158.93,Groceries,33,Low,91
100856,48,Male,37405.0,99,9,202.59,1764.96,Home,35,Low,103
100857,25,Male,60749.0,159,15,39.07,693.98,Fashion,29,Low,45
100858,56,Male,38747.0,40,9,150.66,1180.84,Sports,41,Low,79
100859,43,Male,49180.0,155,9,294.63,2814.72,Fashion,30,Low,26
100860,51,Male,94722.0,36,11,297.99,3658.38,Beauty,42,Medium,56
100861,20,Female,65629.0,247,7,141.09,1158.93,Fashion,38,Medium,23
100862,67,Female,65387.0,4,13,270.05,4032.75,Sports,34,Medium,39
100863,29,Male,41210.0,281,13,185.76,2585.45,Sports,32,High,97
100864,18,Male,51508.0,351,9,162.64,1587.4,Electronics,36,Medium,21
100865,61,Male,96462.0,334,12,135.34,1522.11,Home,41,Low,14
100866,22,Female,69987.0,249,8,269.8,1920.06,Beauty,36,Medium,13
100867,47,Male,53206.0,12,15,193.92,3442.42,Beauty,45,Medium,32
100868,47,Female,68812.0,283,9,113.46,1215.39,Sports,38,High,106
100869,34,Female,65353.0,216,12,157.74,1835.79,Home,36,Medium,108
100870,65,Female,43211.0,319,11,144.34,1531.11,Electronics,41,Low,12
100871,64,Female,52624.0,311,13,146.32,1865.42,Beauty,38,Medium,63
100872,40,Male,105091.0,82,9,107.25,950.35,Beauty,30,Medium,52
100873,32,Female,67840.0,14,12,197.23,2690.69,Fashion,43,High,74
100874,54,Female,28619.0,56,8,34.63,269.36,Beauty,29,Low,22
100875,38,Male,70204.0,342,8,268.13,2473.1,Sports,35,High,47
100876,31,Female,86062.0,282,11,136.31,1616.47,Beauty,28,High,25
100877,19,Female,41912.0,199,12,244.24,3476.48,Sports,36,High,108
100878,28,Female,50863.0,348,17,224.26,4078.62,Electronics,36,Medium,116
100879,68,Male,89075.0,166,13,152.12,1908.09,Home,34,Medium,111
100880,56,Female,60698.0,292,10,75.64,882.86,Home,34,High,93
100881,55,Female,57142.0,146,8,177.42,1265.95,Beauty,33,High,71
100882,51,Male,33279.0,78,11,285.46,3724.06,Groceries,31,Medium,114
100883,55,Male,81411.0,112,16,72.02,941.87,Fashion,29,Low,35
100884,67,Female,56231.0,23,9,91.68,871.64,Groceries,41,Medium,93
100885,51,Female,16580.0,116,9,298.04,2165.47,Home,45,Low,80
100886,35,Male,28547.0,142,14,269.92,3331.42,Groceries,28,Medium,72
100887,47,Female,48768.0,197,6,173.87,1028.19,Home,38,High,51
100888,32,Male,38543.0,278,9,214.53,1666.85,Sports,30,Low,59
100889,44,Female,41681.0,28,8,144.06,1377.82,Electronics,30,Medium,73
100890,68,Male,106893.0,299,9,133.15,1329.22,Beauty,34,High,20
100891,51,Female,74150.0,76,11,144.09,1807.43,Groceries,38,Medium,19
100892,69,Male,15000.0,18,13,136.04,2107.42,Beauty,39,Low,16
100893,55,Male,53714.0,100,7,209.16,1566.47,Sports,30,Low,62
100894,50,Male,58210.0,124,11,112.53,1122.27,Sports,24,Medium,29
100895,41,Male,30461.0,292,10,67.82,747.91,Electronics,41,Low,98
100896,32,Male,70688.0,125,7,217.84,1576.31,Electronics,30,Medium,92
100897,47,Female,19172.0,7,14,28.76,365.19,Sports,29,Medium,34
100898,59,Female,81939.0,23,5,221.25,1047.52,Beauty,48,Low,81
100899,68,Male,88831.0,162,13,93.71,1270.79,Sports,28,High,4
100900,34,Female,107052.0,117,7,73.27,491.44,Groceries,49,High,55
100901,22,Female,28513.0,352,10,126.11,1127.49,Groceries,35,Medium,52
100902,46,Female,32582.0,21,13,52.9,668.42,Fashion,44,Low,98
100903,21,Female,73853.0,252,11,127.66,1254.62,Fashion,35,Low,30
100904,27,Female,83654.0,326,20,48.65,1118.99,Sports,39,Medium,109
100905,34,Female,76179.0,309,10,155.38,1674.42,Fashion,32,Low,59
100906,27,Male,81594.0,84,7,69.33,461.34,Sports,36,High,64
100907,34,Female,87537.0,362,11,56.4,730.94,Electronics,30,High,38
100908,37,Female,64045.0,41,6,182.15,1044.35,Electronics,38,Medium,30
100909,41,Female,55749.0,203,12,195.07,2410.57,Groceries,42,Medium,95
100910,22,Male,32636.0,128,7,21.54,151.5,Beauty,32,Low,43
100911,51,Female,54038.0,142,9,128.55,981.98,Home,40,High,96
100912,23,Female,57102.0,344,11,41.83,446.1,Beauty,34,Medium,56
100913,19,Female,41006.0,103,9,226.82,1696.42,Sports,34,High,98
100914,30,Male,59236.0,107,16,210.83,2928.75,Beauty,37,Medium,109
100915,60,Female,38752.0,17,8,33.92,302.57,Groceries,31,Medium,82
100916,60,Male,82267.0,25,12,283.55,3134.01,Fashion,41,Medium,6
100917,65,Female,68516.0,64,8,288.79,1930.46,Sports,31,Medium,115
100918,28,Male,50808.0,342,5,113.71,618.35,Groceries,34,Medium,3
100919,68,Male,63777.0,237,9,56.57,570.71,Fashion,34,Low,40
100920,64,Male,37898.0,176,9,52.02,482.8,Sports,31,Medium,78
100921,40,Female,39926.0,291,11,255.4,3276.45,Groceries,29,Medium,115
100922,33,Male,47323.0,293,14,148.57,2370.71,Home,38,Medium,38
100923,48,Male,56161.0,311,10,22.66,231.38,Groceries,40,Medium,17
100924,28,Male,62824.0,156,12,279.1,3666.72,Sports,35,Medium,51
100925,33,Male,62903.0,53,15,185.97,2599.01,Fashion,38,Medium,27
100926,25,Female,33624.0,73,7,213.31,1574.57,Sports,42,Medium,37
100927,21,Female,58385.0,183,9,250.6,2685.67,Sports,31,Low,26
100928,57,Female,43639.0,189,12,249.2,3349.1,Groceries,31,Medium,78
100929,21,Female,15000.0,13,17,41.23,665.73,Sports,35,High,60
100930,42,Male,121512.0,47,7,180.72,1483.82,Beauty,35,Low,100
100931,20,Female,44027.0,160,11,214.95,2671.96,Electronics,37,Medium,88
100932,49,Male,45137.0,284,13,43.97,465.8,Home,28,Low,21
100933,20,Female,33071.0,53,10,82.27,903.66,Fashion,38,Medium,65
100934,44,Female,38850.0,287,11,130.83,1713.37,Home,33,Medium,62
100935,46,Female,56227.0,8,13,268.23,3232.73,Beauty,45,Medium,42
100936,49,Male,87036.0,72,7,258.18,1644.85,Groceries,24,Medium,96
100937,67,Female,56113.0,98,10,238.99,2523.8,Groceries,32,Low,63
100938,68,Female,53529.0,87,10,297.28,2509.19,Beauty,48,Medium,75
100939,36,Female,84005.0,330,9,87.94,846.85,Electronics,31,Low,58
100940,38,Male,49512.0,101,6,150.99,806.86,Groceries,40,Low,112
100941,22,Female,60423.0,281,7,145.08,995.87,Beauty,32,Medium,81
100942,35,Female,41569.0,289,7,210.1,1701.29,Groceries,30,Medium,62
100943,45,Male,93703.0,237,15,258.04,4330.1,Groceries,41,High,67
100944,59,Male,80970.0,196,15,157.67,1994.2,Home,41,Low,101
100945,39,Female,56940.0,97,11,157.63,1915.22,Electronics,44,Medium,29
100946,38,Female,52011.0,96,9,190.33,1652.48,Sports,32,High,19
100947,23,Female,59363.0,261,15,227.89,4094.42,Fashion,31,Low,107
100948,18,Male,57232.0,121,5,76.36,351.22,Beauty,44,Low,117
100949,22,Male,29064.0,273,14,289.32,4002.84,Electronics,29,High,97
100950,58,Male,81653.0,332,9,45.77,385.76,Home,31,Low,113
100951,29,Female,55457.0,52,5,26.47,136.91,Beauty,43,Low,103
100952,43,Male,97967.0,318,8,120.46,873.43,Sports,34,Medium,111
100953,63,Female,68436.0,163,11,216.4,2773.31,Sports,36,Low,5
100954,51,Male,15000.0,190,17,293.86,5229.39,Beauty,34,High,66
100955,66,Male,34368.0,277,13,281.17,4302.49,Fashion,37,High,9
100956,31,Male,17079.0,85,8,212.78,1825.15,Sports,36,Medium,41
100957,43,Female,34119.0,194,13,142.23,1616.63,Electronics,50,Low,25
100958,62,Female,27328.0,181,9,186.82,1355.47,Sports,39,Low,116
100959,44,Female,65051.0,21,9,291.22,2524.08,Beauty,28,Low,84
100960,26,Female,53678.0,203,10,94.34,1129.63,Home,39,Low,75
100961,43,Male,74811.0,202,8,153.92,1417.01,Sports,32,High,12
100962,64,Female,59238.0,151,8,214.01,1949.58,Home,38,Medium,65
100963,39,Male,55194.0,159,10,22.88,235.09,Sports,33,High,88
100964,64,Female,100064.0,310,18,126.75,1911.75,Fashion,35,Medium,81
100965,47,Female,64456.0,26,12,179.02,1731.63,Electronics,32,Medium,16
100966,60,Male,58390.0,309,8,272.26,2473.1,Home,26,High,55
100967,65,Male,42931.0,66,10,297.76,2593.36,Sports,28,Medium,110
100968,34,Female,36482.0,263,9,175.77,1314.08,Groceries,34,Medium,38
100969,43,Female,75410.0,167,5,284.48,1541.74,Groceries,44,Medium,43
100970,53,Male,74214.0,288,8,47.79,306.04,Electronics,40,Medium,8
100971,18,Male,91432.0,154,10,216.36,2372.01,Beauty,40,High,53
100972,25,Male,69578.0,343,18,132.16,2086.12,Home,43,Medium,61
100973,66,Male,52138.0,206,11,230.27,2352.01,Fashion,30,Low,88
100974,52,Male,70220.0,153,13,262.96,2969.56,Beauty,41,Medium,70
100975,69,Female,58394.0,184,15,35.04,583.87,Fashion,36,High,46
100976,32,Female,77308.0,159,15,281.93,4203.19,Electronics,37,Medium,9
100977,64,Female,86687.0,194,7,39.08,236.99,Fashion,33,Low,67
100978,39,Female,56629.0,2,10,230.95,1883.2,Sports,33,Low,100
100979,31,Male,95146.0,215,13,39.34,610.99,Beauty,36,High,23
100980,43,Male,83767.0,175,11,261.27,3120.4,Electronics,25,Low,31
100981,45,Male,60354.0,75,15,77.39,1244.41,Beauty,35,Medium,34
100982,40,Female,73415.0,285,13,141.54,1842.09,Home,29,Medium,102
100983,31,Male,66110.0,127,7,281.13,1916.73,Fashion,41,Low,104
100984,41,Male,60440.0,49,6,241.78,1622.42,Sports,36,Low,35
100985,19,Female,98263.0,32,18,240.02,4884.78,Beauty,29,Low,48
100986,62,Female,70352.0,158,10,233.73,1926.96,Beauty,37,Medium,81
100987,43,Female,43181.0,15,18,179.44,3694.28,Fashion,46,Medium,21
100988,31,Male,39441.0,318,12,286.4,3796.36,Electronics,37,Low,116
100989,68,Male,40258.0,334,9,252.86,2263.19,Electronics,30,Medium,67
100990,24,Female,69790.0,243,11,143.28,1561.15,Fashion,27,Medium,38
100991,20,Female,53170.0,17,12,227.92,3101.31,Beauty,35,Low,53
100992,64,Male,66666.0,22,15,299.47,5019.53,Electronics,34,High,35
100993,40,Female,78728.0,244,15,263.88,3386.31,Groceries,34,Medium,98
100994,63,Male,100574.0,81,7,20.34,145.18,Beauty,44,Medium,115
100995,60,Female,53631.0,144,8,226.61,2153.24,Electronics,31,Medium,14
100996,64,Female,31829.0,8,18,271.41,5345.51,Home,42,Medium,80
100997,62,Female,95848.0,167,13,111.77,1727.91,Fashion,44,Low,58
100998,35,Male,30858.0,287,13,293.7,4239.61,Beauty,40,Medium,68
100999,55,Male,30071.0,268,15,132.36,2004.99,Groceries,36,Low,73
101000,52,Female,95329.0,289,12,137.93,1724.61,Fashion,40,Medium,38
101001,68,Male,81325.0,186,12,65.04,845.86,Beauty,40,Medium,15
101002,32,Female,69697.0,12,9,47.05,462.21,Electronics,46,Low,54
101003,42,Female,59002.0,281,13,170.25,2432.41,Groceries,23,Medium,65
101004,54,Male,55216.0,304,15,188.78,3319.05,Fashion,44,Low,10
101005,45,Male,46983.0,83,12,122.73,1360.34,Electronics,33,Medium,116
101006,27,Male,54339.0,55,9,189.85,1933.83,Beauty,37,High,11
101007,56,Male,59052.0,131,5,130.51,670.74,Electronics,42,High,95
101008,34,Female,32511.0,125,14,263.09,4250.97,Beauty,47,High,115
101009,56,Male,43595.0,325,9,287.07,2719.11,Fashion,44,Medium,36
101010,39,Male,17762.0,51,13,186.19,2841.78,Beauty,43,High,98
101011,43,Female,61559.0,27,12,255.84,2976.79,Fashion,33,Low,57
101012,61,Female,61562.0,165,6,259.05,1305.17,Fashion,33,Low,38
101013,42,Female,95570.0,281,8,219.85,1860.71,Groceries,38,Low,81
101014,34,Female,67511.0,33,19,73.76,1555.37,Groceries,31,Medium,68
101015,30,Male,48879.0,62,5,63.38,341.17,Home,24,Low,107
101016,37,Male,55993.0,145,7,277.46,2117.01,Groceries,33,Medium,37
101017,42,Female,69736.0,171,12,94.22,917.57,Electronics,41,Low,18
101018,21,Female,64552.0,286,10,88.97,1055.16,Groceries,39,Low,39
101019,27,Male,71566.0,297,16,66.52,963.92,Fashion,35,High,36
101020,20,Male,67541.0,117,21,167.69,3400.16,Fashion,38,Medium,117
101021,58,Male,54947.0,4,11,209.56,2229.94,Groceries,39,Medium,40
101022,62,Male,49284.0,66,14,209.33,3407.44,Electronics,35,Medium,7
101023,35,Male,48209.0,60,5,93.09,510.84,Home,38,Low,76
101024,64,Female,41495.0,287,12,46.54,585.33,Fashion,35,Medium,19
101025,53,Female,38358.0,345,8,106.86,724.93,Sports,31,Medium,37
101026,64,Female,96769.0,229,7,160.96,1047.14,Home,35,High,8
101027,39,Female,62494.0,100,13,191.48,2481.05,Beauty,33,Low,74
101028,51,Male,56894.0,119,7,95.77,567.12,Sports,30,Medium,36
101029,64,Female,50082.0,69,11,71.28,806.44,Sports,31,Low,71
101030,25,Male,68578.0,152,9,255.64,2037.87,Sports,44,Medium,92
101031,57,Male,84073.0,280,7,260.22,2057.97,Fashion,40,Medium,41
101032,66,Male,74465.0,221,12,98.39,1336.03,Fashion,32,Medium,43
101033,61,Male,78432.0,223,10,176.83,1838.29,Sports,38,Medium,82
101034,36,Male,48269.0,165,10,143.15,1351.05,Sports,30,High,37
101035,59,Male,59917.0,211,8,59.75,390.92,Home,51,Medium,65
101036,58,Male,48532.0,279,12,283.36,3575.76,Fashion,34,Medium,54
101037,54,Female,62141.0,63,8,22.74,202.63,Sports,33,Medium,93
101038,23,Male,85452.0,262,9,72.52,728.5,Electronics,38,Medium,119
101039,69,Female,68788.0,6,9,116.76,1044.31,Beauty,34,High,86
101040,43,Female,92534.0,248,16,259.81,3559.06,Fashion,37,Medium,118
101041,51,Male,54230.0,229,11,240.82,2187.89,Fashion,39,Medium,22
101042,62,Male,43861.0,286,5,182.37,749.81,Beauty,41,High,47
101043,23,Female,70243.0,257,10,214.61,1931.04,Beauty,35,Low,45
101044,54,Female,62377.0,63,13,115.46,1285.73,Beauty,33,Low,88
101045,50,Female,66454.0,28,13,283.35,3195.65,Electronics,40,Low,25
101046,39,Female,63464.0,345,7,27.5,207.82,Beauty,32,Low,20
101047,38,Male,50311.0,53,14,48.26,589.02,Sports,37,Low,30
101048,23,Male,63915.0,252,11,279.16,3307.01,Groceries,38,Medium,51
101049,23,Male,79467.0,38,16,284.61,4283.47,Fashion,35,Low,71
101050,65,Female,81522.0,308,12,157.36,2095.87,Beauty,38,High,3
101051,21,Male,50210.0,334,10,181.41,1566.7,Sports,34,Low,70
101052,47,Female,64620.0,139,10,272.71,2207.17,Beauty,32,Low,80
101053,28,Male,89542.0,53,11,258.96,2380.51,Electronics,27,Medium,77
101054,47,Female,50642.0,94,12,261.35,3720.97,Electronics,34,Low,7
101055,48,Male,47011.0,94,10,124.1,1259.84,Fashion,35,Medium,29
101056,41,Male,75888.0,263,9,252.55,2370.26,Electronics,39,High,55
101057,26,Female,72379.0,323,17,39.41,795.12,Electronics,23,Medium,75
101058,20,Female,43260.0,137,11,156.35,1909.73,Sports,44,Medium,2
101059,68,Female,32011.0,256,15,86.47,1096.09,Beauty,34,Medium,88
101060,48,Female,64231.0,37,12,30.02,348.97,Electronics,32,High,26
101061,57,Female,51628.0,142,5,192.82,1088.04,Groceries,35,Medium,45
101062,54,Male,26318.0,147,19,41.33,837.1,Sports,37,High,54
101063,53,Female,46256.0,8,10,53.64,475.41,Sports,38,Medium,118
101064,41,Male,72052.0,251,12,42.89,577.62,Fashion,39,Medium,115
101065,48,Male,56972.0,135,13,293.01,3898.77,Sports,34,Medium,38
101066,23,Male,91322.0,59,16,30.99,553.02,Fashion,37,Low,9
101067,19,Male,18255.0,123,10,95.53,1003.62,Electronics,33,Low,102
101068,37,Male,86760.0,263,14,202.56,2793.73,Home,35,Medium,100
101069,45,Female,53122.0,120,10,250.55,2734.51,Groceries,32,Medium,105
101070,28,Female,50232.0,259,9,190.3,1963.2,Beauty,39,Medium,70
101071,21,Male,28976.0,323,13,293.42,3761.92,Groceries,28,Low,54
101072,32,Male,69302.0,18,9,114.56,837.12,Electronics,28,Low,47
101073,23,Female,23465.0,301,14,152.16,2209.68,Home,27,High,94
101074,66,Female,76358.0,353,11,249.96,2299.0,Sports,33,Medium,78
101075,47,Male,29733.0,92,9,210.88,1764.7,Home,43,Medium,48
101076,55,Female,32886.0,164,13,79.94,1059.91,Sports,28,Medium,78
101077,68,Female,36176.0,144,11,159.63,1647.25,Sports,38,Low,78
101078,19,Female,45681.0,335,10,293.27,2675.71,Sports,46,Medium,24
101079,32,Male,78842.0,315,9,261.65,1902.82,Home,40,Medium,82
101080,28,Female,90079.0,238,11,73.7,735.88,Electronics,35,Low,2
101081,25,Male,47748.0,174,7,70.34,469.69,Sports,33,High,96
101082,43,Male,59069.0,83,10,251.95,2308.12,Beauty,22,Medium,90
101083,68,Male,69798.0,157,17,75.69,1352.83,Electronics,33,High,31
101084,62,Male,53414.0,109,12,146.78,1878.18,Sports,30,Medium,21
101085,61,Male,69015.0,178,8,70.61,628.12,Electronics,31,High,93
101086,22,Female,59918.0,250,10,24.11,210.81,Beauty,33,Low,78
101087,23,Male,54931.0,253,11,265.11,3054.94,Beauty,25,High,105
101088,43,Male,31604.0,55,5,238.12,1157.29,Electronics,28,Medium,64
101089,21,Male,62981.0,155,8,151.76,1128.07,Electronics,42,Low,49
101090,36,Female,79168.0,91,15,64.68,963.52,Fashion,34,Medium,47
101091,37,Female,44434.0,339,13,245.8,3171.49,Beauty,37,Medium,1
101092,50,Female,20635.0,126,9,120.62,1146.1,Beauty,40,Medium,34
101093,37,Female,53609.0,337,8,205.35,1681.71,Home,38,Medium,32
101094,66,Female,90195.0,169,10,108.67,1143.76,Sports,35,High,63
101095,29,Female,84239.0,139,12,141.04,2017.77,Sports,36,Medium,112
101096,64,Female,48391.0,5,9,169.93,1719.3,Fashion,36,Medium,63
101097,18,Male,69110.0,66,9,233.36,1925.55,Electronics,50,Medium,52
101098,43,Male,72271.0,111,12,252.98,3076.42,Electronics,35,High,39
101099,31,Female,89807.0,184,12,144.19,1542.97,Sports,34,Medium,76
101100,55,Male,28988.0,268,9,85.25,773.05,Groceries,31,High,48
101101,54,Male,38623.0,170,9,63.02,615.3,Sports,39,Medium,3
101102,28,Female,19805.0,362,8,115.41,762.91,Sports,39,Medium,115
101103,53,Male,46432.0,244,16,244.5,3344.64,Fashion,31,High,14
101104,30,Male,81326.0,331,2,96.71,155.3,Electronics,36,Medium,86
101105,60,Female,48806.0,138,7,33.31,221.85,Home,40,Medium,26
101106,20,Male,33836.0,28,13,178.0,2561.43,Sports,40,Medium,35
101107,50,Female,64533.0,7,12,29.41,345.79,Sports,34,Medium,87
101108,23,Female,65047.0,333,9,267.78,2478.26,Home,47,Medium,103
101109,67,Male,39659.0,317,9,209.86,1956.64,Fashion,35,High,4
101110,27,Male,49879.0,51,12,91.92,921.94,Groceries,27,High,45
101111,22,Male,63012.0,136,7,151.35,921.49,Fashion,31,Low,26
101112,40,Female,74920.0,178,8,226.98,2117.43,Sports,31,Low,101
101113,27,Female,47023.0,129,14,276.39,3805.55,Fashion,34,Low,107
101114,61,Female,44140.0,197,14,264.85,3587.19,Beauty,28,Medium,53
101115,19,Male,98251.0,267,15,39.47,651.49,Home,29,Medium,113
101116,30,Male,54519.0,107,13,42.72,454.33,Fashion,33,Medium,64
101117,57,Female,64989.0,48,14,187.36,2980.59,Sports,38,Medium,26
101118,19,Male,72967.0,138,14,159.02,2378.05,Home,40,Medium,90
101119,37,Male,24262.0,103,12,102.02,1050.36,Home,24,High,94
101120,18,Female,59629.0,47,6,293.33,1453.69,Sports,34,Medium,115
101121,54,Female,27086.0,153,11,228.95,2017.67,Sports,39,Medium,29
101122,26,Male,57384.0,6,9,212.45,1754.61,Sports,42,High,96
101123,34,Female,87462.0,11,11,70.77,723.91,Groceries,46,Medium,61
101124,26,Male,40031.0,17,10,99.5,866.37,Sports,36,Low,14
101125,28,Female,26672.0,143,13,189.41,2252.63,Fashion,34,Low,93
101126,32,Female,97754.0,272,15,242.77,3731.92,Beauty,31,Low,53
101127,41,Female,37059.0,312,10,280.7,2372.32,Electronics,36,Low,59
101128,55,Male,30028.0,66,11,215.36,2085.76,Groceries,23,Low,69
101129,52,Male,92381.0,339,10,137.22,1406.23,Groceries,37,Medium,30
101130,47,Female,36271.0,331,8,213.5,1847.7,Electronics,25,Low,22
101131,48,Female,92898.0,256,14,39.37,646.26,Fashion,33,Medium,96
101132,66,Female,65482.0,127,10,188.02,1888.14,Groceries,44,Medium,81
101133,22,Male,85679.0,131,12,270.49,2743.71,Groceries,36,Medium,94
101134,61,Female,63721.0,18,11,198.35,2261.73,Sports,35,Low,6
101135,67,Female,81594.0,207,20,22.11,529.82,Beauty,33,High,5
101136,31,Female,41631.0,89,11,214.47,2720.66,Home,34,Medium,41
101137,28,Female,47728.0,243,13,223.4,3229.66,Groceries,29,Medium,100
101138,26,Male,17690.0,350,17,171.54,3189.83,Beauty,36,Medium,86
101139,51,Male,79436.0,17,11,248.5,3012.92,Fashion,44,Low,47
101140,29,Female,68391.0,223,13,76.64,833.21,Home,33,Medium,23
101141,52,Male,39854.0,363,10,134.51,1355.96,Electronics,31,High,77
101142,52,Male,25022.0,210,9,246.12,2383.05,Groceries,32,Medium,114
101143,18,Male,65636.0,99,5,189.03,783.61,Fashion,32,Medium,102
101144,57,Female,93519.0,13,5,298.42,1739.64,Beauty,29,Medium,53
101145,39,Male,57241.0,319,12,39.39,402.29,Electronics,39,Low,40
101146,46,Male,46831.0,270,14,88.41,1033.86,Sports,39,High,108
101147,25,Male,41259.0,187,9,75.76,579.14,Sports,30,Low,61
101148,28,Female,84987.0,274,10,293.39,2843.81,Home,41,Medium,80
101149,58,Female,44415.0,133,18,263.39,4822.9,Electronics,31,Low,14
101150,54,Male,52576.0,14,14,57.27,671.81,Home,33,High,22
101151,31,Male,80835.0,281,14,119.07,1857.67,Electronics,39,Low,68
101152,47,Female,72750.0,44,15,34.73,458.47,Beauty,30,Medium,111
101153,52,Female,53342.0,295,7,197.12,1413.21,Electronics,35,Low,81
101154,38,Male,46020.0,104,9,112.73,1010.97,Sports,41,High,3
101155,54,Male,89312.0,62,15,92.12,1606.0,Home,29,Low,67
101156,22,Female,37673.0,53,14,166.47,2697.23,Sports,38,High,73
101157,36,Female,55794.0,309,12,242.75,2608.2,Electronics,38,Low,38
101158,31,Male,29882.0,118,7,133.1,946.02,Sports,33,Medium,7
101159,43,Female,83777.0,321,11,232.09,3048.68,Home,27,Medium,13
101160,21,Male,50502.0,131,19,144.92,2568.28,Home,39,High,96
101161,42,Male,46007.0,299,10,80.07,664.15,Fashion,34,Medium,55
101162,62,Male,73233.0,306,10,144.94,1575.81,Sports,39,Medium,114
101163,59,Female,31490.0,199,9,170.66,1537.9,Fashion,42,Medium,2
101164,42,Male,72708.0,36,12,149.24,2105.81,Electronics,31,Medium,108
101165,35,Male,52789.0,279,14,96.81,1396.11,Beauty,45,Medium,37
101166,57,Female,35894.0,216,5,71.83,360.8,Sports,45,Medium,110
101167,25,Female,40195.0,74,9,285.15,2992.21,Groceries,43,Medium,108
101168,56,Male,46316.0,306,10,103.3,983.57,Fashion,22,Low,77
101169,57,Male,51119.0,55,8,217.5,1807.82,Home,50,Medium,93
101170,31,Female,36029.0,12,7,115.39,919.42,Fashion,46,Low,77
101171,49,Female,65890.0,83,8,291.5,2423.03,Sports,35,Low,50
101172,68,Female,35506.0,32,5,296.72,1363.6,Fashion,34,Low,20
101173,55,Male,15000.0,86,10,251.03,2568.86,Home,37,Medium,49
101174,50,Male,98392.0,232,13,182.81,2311.91,Fashion,33,High,11
101175,40,Male,63959.0,275,7,171.78,1435.6,Fashion,44,Medium,104
101176,32,Female,100190.0,201,10,112.11,919.72,Groceries,47,Medium,50
101177,50,Male,39127.0,51,10,54.17,599.76,Electronics,42,Medium,41
101178,42,Female,69596.0,320,14,42.14,477.64,Home,37,Medium,119
101179,34,Male,77892.0,256,9,150.33,1409.21,Electronics,37,Low,73
101180,50,Female,56213.0,241,10,294.06,2859.36,Groceries,28,High,4
101181,64,Male,31111.0,205,13,89.13,1348.92,Beauty,46,Low,43
101182,19,Male,54710.0,196,22,135.07,3018.3,Beauty,46,High,79
101183,31,Female,72528.0,244,6,199.6,1354.41,Sports,26,Medium,100
101184,57,Female,71764.0,320,16,118.3,2023.13,Sports,40,Medium,31
101185,57,Male,59967.0,1,6,21.02,123.45,Groceries,35,High,2
101186,68,Female,77946.0,89,14,130.94,1714.16,Sports,43,Medium,12
101187,56,Female,77002.0,282,10,245.3,2077.24,Sports,30,High,85
101188,68,Male,49527.0,139,11,284.31,2518.84,Fashion,37,Low,112
101189,23,Female,29592.0,87,6,97.03,466.07,Fashion,36,Low,30
101190,23,Male,63809.0,2,13,278.06,3218.46,Fashion,44,Medium,44
101191,20,Male,45067.0,349,16,262.8,4307.27,Beauty,29,Low,114
101192,24,Female,62875.0,168,8,133.88,1274.75,Groceries,37,Medium,87
101193,68,Female,86911.0,119,11,21.31,253.65,Beauty,28,Medium,75
101194,25,Male,68750.0,80,12,256.57,2550.12,Sports,35,High,36
101195,59,Male,85925.0,111,14,100.3,1485.76,Electronics,25,Medium,25
101196,69,Male,39770.0,165,8,231.65,1842.45,Beauty,34,Medium,71
101197,32,Male,81749.0,219,15,180.02,2847.39,Home,35,Low,50
101198,64,Male,93532.0,5,13,82.07,1119.48,Sports,39,Medium,72
101199,46,Male,61286.0,215,7,201.5,1209.61,Beauty,37,Medium,22
101200,50,Female,106441.0,195,7,234.16,1914.14,Groceries,31,Medium,36
101201,69,Female,42851.0,282,9,152.84,1405.57,Fashion,32,Medium,102
101202,47,Female,47223.0,6,16,229.41,3965.32,Home,25,Low,3
101203,56,Male,72999.0,300,11,133.39,1401.01,Beauty,33,Medium,78
101204,44,Female,61089.0,58,11,294.47,2749.79,Home,43,Medium,27
101205,53,Male,45142.0,337,12,87.15,1125.67,Home,36,Medium,100
101206,46,Male,72382.0,302,11,237.8,3078.78,Electronics,37,Low,90
101207,55,Female,67111.0,102,10,229.89,2373.51,Beauty,36,Medium,7
101208,50,Male,48274.0,48,8,168.24,1183.68,Beauty,44,Low,37
101209,54,Male,63781.0,276,9,118.09,1115.21,Fashion,32,High,55
101210,44,Male,75181.0,163,14,144.81,1969.71,Fashion,34,Medium,44
101211,50,Male,47831.0,332,18,196.26,3390.01,Fashion,40,Medium,72
101212,21,Male,70340.0,196,9,168.5,1767.33,Fashion,37,Low,104
101213,39,Male,42659.0,324,12,233.23,3064.17,Sports,37,Medium,60
101214,19,Female,46524.0,132,14,120.99,1699.8,Home,34,Medium,59
101215,27,Male,82232.0,66,12,50.03,580.55,Home,35,Medium,52
101216,22,Male,72275.0,83,12,161.57,1739.47,Home,34,Low,4
101217,27,Male,22263.0,265,9,92.52,780.54,Groceries,36,High,107
101218,50,Male,52516.0,229,7,192.66,1370.53,Fashion,40,Low,115
101219,55,Female,69794.0,273,10,165.69,1357.56,Sports,41,High,2
101220,30,Female,62777.0,219,16,238.05,3591.73,Sports,34,Low,17
101221,48,Male,72364.0,225,8,181.06,1445.05,Beauty,30,Medium,116
101222,64,Male,62320.0,113,10,140.61,1467.01,Beauty,34,Medium,117
101223,53,Male,57348.0,140,8,53.56,470.15,Groceries,36,Low,85
101224,62,Female,56737.0,185,14,53.64,604.92,Groceries,38,Medium,100
101225,41,Female,81824.0,173,9,199.3,1646.48,Beauty,36,Medium,84
101226,69,Female,73899.0,11,13,266.61,3134.53,Beauty,39,Medium,30
101227,32,Female,68095.0,159,7,136.14,961.09,Home,35,Low,48
101228,46,Male,61777.0,205,13,168.62,2162.26,Home,32,Medium,107
101229,25,Female,49024.0,230,10,185.54,1543.62,Home,36,High,2
101230,22,Female,53865.0,26,10,153.64,1697.02,Home,30,High,79
101231,46,Male,81293.0,319,9,36.68,354.85,Beauty,34,High,104
101232,64,Male,79410.0,159,10,184.96,2087.2,Home,39,Low,66
101233,21,Female,47029.0,278,11,58.39,542.36,Beauty,34,Low,27
101234,29,Female,61998.0,148,8,175.63,1408.54,Fashion,41,Low,21
101235,62,Female,69969.0,266,14,237.11,3457.26,Sports,30,High,89
101236,19,Female,68664.0,83,7,21.53,123.52,Fashion,31,Low,93
101237,44,Male,68510.0,26,11,140.53,1829.9,Sports,41,High,5
101238,48,Male,37759.0,71,10,228.79,2557.35,Electronics,47,Medium,65
101239,68,Female,36570.0,37,11,167.99,1658.41,Electronics,35,Low,25
101240,68,Female,83404.0,133,9,85.89,812.82,Electronics,29,Medium,106
101241,53,Female,90181.0,126,11,215.32,2030.65,Sports,43,Low,25
101242,53,Female,30370.0,115,11,239.37,3026.15,Groceries,39,Medium,48
101243,43,Female,59445.0,92,9,121.51,917.89,Fashion,38,Medium,11
101244,60,Male,76281.0,242,12,103.27,1439.55,Groceries,39,Low,97
101245,44,Male,15924.0,200,11,172.64,2148.09,Sports,31,High,109
101246,22,Male,38533.0,207,6,122.32,727.53,Home,39,Medium,19
101247,37,Female,58156.0,117,16,254.06,4313.08,Groceries,40,Medium,105
101248,28,Female,48055.0,219,10,238.13,2139.18,Sports,40,Medium,18
101249,27,Male,64183.0,305,10,107.33,1023.65,Electronics,24,High,114
101250,57,Male,89410.0,243,7,147.95,918.6,Home,41,High,7
101251,55,Female,42944.0,292,16,269.06,4352.52,Electronics,31,High,87
101252,23,Male,61005.0,282,11,61.27,625.09,Groceries,32,Medium,4
101253,25,Female,53104.0,301,12,231.18,2609.43,Groceries,39,Medium,21
101254,40,Female,62727.0,317,12,108.71,1274.65,Fashion,40,Medium,41
101255,64,Male,60116.0,172,9,53.45,552.74,Fashion,35,Medium,77
101256,43,Male,112744.0,76,10,52.75,537.76,Sports,31,High,91
101257,63,Male,89792.0,209,15,97.36,1639.5,Beauty,37,Low,6
101258,60,Female,28381.0,314,17,173.46,3359.95,Groceries,26,Medium,77
101259,29,Female,41997.0,105,6,274.21,1477.73,Electronics,37,Low,63
101260,43,Male,44443.0,26,9,104.84,1048.37,Fashion,30,Medium,18
101261,30,Female,35314.0,351,9,75.78,722.58,Electronics,29,Medium,27
101262,57,Female,32633.0,79,8,154.02,1235.81,Sports,35,High,87
101263,35,Female,56433.0,128,15,63.86,800.29,Beauty,44,Medium,46
101264,42,Male,45206.0,137,9,96.07,889.65,Electronics,32,Medium,46
101265,50,Female,42184.0,334,10,296.26,2554.21,Electronics,31,Medium,95
101266,64,Male,100409.0,36,11,176.25,2184.01,Home,32,Medium,85
101267,57,Male,46582.0,59,3,239.49,843.38,Sports,42,Medium,89
101268,60,Female,51137.0,230,13,79.31,1022.0,Beauty,34,Medium,45
101269,29,Male,74829.0,124,18,165.62,2910.24,Fashion,40,High,43
101270,61,Female,51069.0,88,13,162.95,2108.84,Home,24,Low,80
101271,53,Male,36687.0,337,12,247.55,2456.31,Groceries,33,Medium,50
101272,65,Male,54841.0,141,17,26.04,396.11,Groceries,36,Medium,80
101273,21,Female,100175.0,273,13,260.93,3989.93,Fashion,37,Low,103
101274,22,Male,50371.0,51,15,42.29,595.04,Beauty,42,Low,21
101275,54,Male,41765.0,55,16,276.65,4588.15,Beauty,40,Medium,113
101276,25,Male,68405.0,337,8,60.0,508.64,Sports,38,Medium,33
101277,59,Female,53882.0,150,9,169.03,1750.77,Groceries,42,Medium,92
101278,66,Female,114780.0,153,19,47.83,813.6,Groceries,44,Medium,30
101279,45,Male,44262.0,219,15,145.21,2518.05,Groceries,37,Medium,1
101280,48,Male,94675.0,219,9,103.8,893.71,Sports,26,Low,69
101281,26,Male,83268.0,342,12,137.63,1930.2,Groceries,25,Low,33
101282,68,Female,52373.0,258,16,172.61,2663.79,Fashion,32,High,75
101283,46,Female,59930.0,45,8,148.64,1000.74,Fashion,30,High,72
101284,31,Male,39402.0,269,8,26.49,173.95,Fashion,33,Medium,95
101285,57,Female,49231.0,311,18,261.77,5592.58,Home,29,Medium,85
101286,58,Female,52231.0,160,11,46.59,434.87,Fashion,44,Low,89
101287,39,Female,63157.0,278,15,294.58,4491.51,Electronics,32,Medium,18
101288,28,Female,31746.0,345,6,258.37,1566.95,Groceries,26,Medium,12
101289,40,Male,66230.0,55,11,177.19,1872.18,Fashion,32,Low,12
101290,18,Female,57083.0,145,13,88.65,1114.66,Beauty,34,Low,99
101291,63,Female,67962.0,235,8,44.15,349.77,Beauty,34,Low,64
101292,54,Male,70946.0,179,10,208.11,1747.74,Beauty,26,High,29
101293,38,Male,55481.0,208,12,76.42,1023.75,Beauty,33,High,78
101294,43,Female,69764.0,136,15,225.3,3213.31,Sports,27,Low,77
101295,63,Female,58256.0,353,16,253.1,3635.8,Beauty,27,High,19
101296,53,Male,74869.0,275,6,296.91,1651.96,Sports,31,Medium,84
101297,40,Male,66323.0,323,13,161.18,2189.1,Sports,41,Medium,2
101298,18,Male,63621.0,183,15,292.91,4877.14,Home,47,Medium,12
101299,68,Female,57951.0,61,11,61.81,585.65,Beauty,32,Low,44
101300,57,Female,85916.0,63,9,254.15,2372.04,Sports,35,High,74
101301,32,Male,68104.0,361,10,120.74,1169.93,Home,30,Low,36
101302,38,Female,33571.0,215,16,122.15,2237.38,Groceries,34,Low,17
101303,64,Male,50561.0,360,17,95.22,1909.66,Electronics,35,High,7
101304,26,Female,55428.0,139,10,68.55,734.46,Sports,30,Medium,101
101305,26,Male,59978.0,134,16,143.82,2383.78,Sports,45,Medium,100
101306,27,Male,63534.0,34,12,296.44,3956.2,Home,26,High,18
101307,69,Female,41116.0,193,11,112.37,1234.0,Home,37,Medium,13
101308,43,Female,58640.0,355,9,149.1,1103.24,Electronics,37,Medium,77
101309,58,Female,53718.0,320,16,83.98,1451.76,Fashion,33,Low,60
101310,52,Female,81695.0,87,15,114.39,1771.02,Home,48,Medium,104
101311,69,Female,40098.0,210,21,35.44,640.47,Electronics,30,High,12
101312,42,Female,59652.0,81,12,287.69,3055.91,Groceries,39,Medium,79
101313,43,Male,46292.0,322,14,162.74,2032.91,Beauty,47,Medium,48
101314,28,Female,97260.0,339,10,225.23,2461.68,Sports,36,High,51
101315,55,Male,85132.0,190,9,163.72,1484.31,Sports,38,High,101
101316,19,Male,27153.0,348,10,235.66,1930.43,Electronics,29,Medium,67
101317,24,Female,44076.0,233,6,169.55,1154.82,Electronics,40,Low,60
101318,35,Male,77418.0,169,15,216.43,3434.7,Sports,29,Low,10
101319,44,Male,69146.0,251,12,211.74,2777.84,Home,37,High,23
101320,51,Female,68519.0,168,7,169.4,1393.29,Fashion,40,High,4
101321,44,Female,63817.0,231,11,84.56,840.93,Groceries,35,Medium,108
101322,34,Female,79024.0,150,18,79.32,1478.94,Fashion,31,Medium,25
101323,60,Male,75620.0,152,12,264.81,3508.39,Fashion,40,Medium,65
101324,61,Female,54189.0,38,13,53.79,702.85,Fashion,37,Low,61
101325,68,Female,36015.0,297,13,176.59,2282.88,Sports,38,High,69
101326,41,Female,26199.0,275,14,160.71,2635.78,Fashion,31,Medium,69
101327,42,Female,57927.0,105,13,243.55,2841.43,Home,34,Medium,47
101328,24,Male,23202.0,348,15,57.91,921.77,Home,45,Medium,27
101329,69,Female,65020.0,352,10,212.44,2524.03,Home,38,High,62
101330,23,Male,53839.0,62,12,189.64,2020.79,Electronics,31,Low,71
101331,41,Female,98878.0,16,6,216.34,1278.52,Groceries,44,Medium,49
101332,50,Male,66863.0,350,13,193.94,3000.69,Home,47,High,61
101333,66,Male,59415.0,150,13,177.51,1879.2,Fashion,46,Medium,88
101334,46,Male,27677.0,142,14,279.36,4114.19,Electronics,45,Medium,87
101335,60,Female,34754.0,116,11,117.62,1244.42,Sports,42,Medium,72
101336,39,Male,73627.0,312,11,71.71,874.35,Home,34,Medium,30
101337,43,Female,53738.0,65,10,242.71,2255.49,Fashion,40,Medium,31
101338,45,Female,110708.0,310,12,56.31,641.36,Fashion,35,Medium,16
101339,67,Female,58339.0,194,12,210.32,2539.63,Beauty,41,Medium,92
101340,38,Female,63378.0,342,11,173.88,1794.77,Sports,33,High,65
101341,66,Female,33662.0,161,14,20.36,257.63,Electronics,36,Medium,11
101342,24,Male,78949.0,306,9,87.16,739.05,Fashion,38,High,62
101343,34,Female,41486.0,361,10,158.85,1847.71,Groceries,40,Medium,115
101344,37,Male,70488.0,278,8,112.32,842.01,Home,32,Medium,38
101345,58,Male,76236.0,296,12,139.53,1941.88,Electronics,44,Low,87
101346,66,Male,61904.0,39,8,188.36,1329.08,Home,27,Medium,96
101347,37,Male,95139.0,361,10,224.63,2401.01,Home,35,Medium,96
101348,39,Male,47786.0,169,11,62.34,752.93,Sports,40,Medium,93
101349,45,Male,93511.0,68,9,99.22,754.16,Groceries,34,Low,95
101350,57,Male,34581.0,7,14,198.22,2823.91,Groceries,43,Low,59
101351,66,Female,75981.0,85,10,184.76,1487.75,Sports,43,Medium,19
101352,24,Male,57152.0,199,9,226.32,2385.78,Home,37,Medium,9
101353,18,Female,45837.0,132,7,199.34,1408.92,Groceries,28,Low,96
101354,49,Male,26774.0,76,17,112.44,1557.29,Home,39,Low,95
101355,30,Male,54787.0,250,7,159.79,1200.51,Electronics,39,Low,69
101356,47,Male,53524.0,347,8,267.73,2472.29,Sports,38,Low,23
101357,40,Male,63458.0,209,13,72.11,1026.49,Sports,37,Low,110
101358,68,Female,74496.0,84,13,125.49,1392.37,Groceries,38,Low,55
101359,36,Female,43831.0,223,6,255.68,1558.56,Beauty,42,High,85
101360,49,Female,95165.0,253,12,121.97,1600.11,Beauty,36,Medium,20
101361,47,Male,49229.0,31,18,135.42,2730.62,Electronics,45,High,13
101362,46,Male,72044.0,355,10,109.38,882.04,Home,33,High,109
101363,66,Male,61803.0,201,6,271.87,1490.11,Groceries,31,Medium,57
101364,62,Female,56026.0,52,13,205.74,3086.13,Home,41,Medium,20
101365,46,Male,60801.0,72,9,78.46,637.91,Electronics,33,Medium,47
101366,47,Female,41194.0,21,12,229.9,2728.49,Fashion,35,High,77
101367,33,Female,52249.0,16,6,30.78,199.21,Groceries,33,Medium,7
101368,57,Male,33205.0,16,11,130.99,1720.77,Beauty,35,Medium,34
101369,36,Male,49015.0,175,11,274.74,2932.52,Beauty,38,Medium,56
101370,35,Female,50667.0,312,14,213.14,2988.35,Groceries,34,Medium,116
101371,18,Female,76904.0,338,5,242.07,1238.73,Sports,35,Medium,53
101372,31,Female,53361.0,78,8,280.77,2007.32,Fashion,37,Low,53
101373,68,Male,51038.0,240,12,236.87,2693.13,Beauty,40,Low,81
101374,64,Male,64401.0,37,9,44.8,392.63,Beauty,34,Low,63
101375,67,Male,63617.0,232,13,84.58,888.13,Beauty,44,Medium,30
101376,19,Male,48179.0,213,11,160.0,1413.36,Beauty,42,Low,68
101377,45,Male,67885.0,193,8,23.88,169.97,Groceries,33,Medium,119
101378,66,Male,56427.0,60,9,194.89,1762.59,Home,31,High,4
101379,67,Female,48147.0,189,12,204.03,2894.64,Electronics,31,Medium,114
101380,47,Female,50090.0,267,12,215.01,3067.87,Fashion,48,Low,37
101381,55,Female,78987.0,126,9,175.6,1673.44,Sports,40,High,39
101382,68,Male,50691.0,203,12,146.67,1990.26,Sports,34,Medium,36
101383,21,Female,65223.0,322,8,259.55,2409.2,Home,29,High,15
101384,18,Male,34352.0,32,6,234.85,1600.25,Electronics,32,Medium,86
101385,25,Male,82306.0,312,10,191.46,1948.07,Sports,37,Medium,75
101386,46,Female,48340.0,261,11,32.88,391.22,Sports,28,Medium,36
101387,56,Male,68006.0,346,8,214.3,1374.02,Electronics,33,High,96
101388,20,Female,54969.0,94,7,176.29,1307.12,Fashion,38,Medium,19
101389,49,Female,67777.0,328,8,214.18,1662.63,Groceries,28,Low,16
101390,27,Male,68869.0,100,14,107.19,1587.53,Groceries,42,Medium,74
101391,27,Female,57107.0,285,15,237.56,3840.5,Electronics,42,Low,107
101392,36,Female,22681.0,315,12,137.02,1379.78,Electronics,30,Medium,81
101393,63,Female,81820.0,25,15,270.45,4664.52,Beauty,24,Low,107
101394,51,Female,57202.0,353,16,49.12,683.98,Electronics,34,Medium,43
101395,50,Male,67360.0,357,9,155.67,1126.69,Home,35,Medium,6
101396,40,Female,73834.0,117,14,77.61,1055.99,Home,30,Medium,112
101397,45,Female,50857.0,199,12,146.97,1474.17,Electronics,44,High,109
101398,49,Female,70343.0,279,11,119.05,1548.4,Home,35,Medium,115
101399,67,Male,45048.0,70,10,244.96,2237.77,Groceries,40,High,97
101400,24,Female,67751.0,335,14,66.81,831.93,Electronics,32,Low,84
101401,46,Male,60394.0,79,9,187.64,1527.98,Groceries,32,High,14
101402,25,Female,51550.0,354,10,133.82,1222.23,Groceries,30,Medium,107
101403,18,Female,60940.0,14,15,165.06,2042.69,Home,38,Medium,28
101404,20,Female,38896.0,29,10,220.03,2235.51,Sports,37,Medium,116
101405,41,Male,66181.0,144,12,119.99,1162.27,Sports,35,Medium,104
101406,40,Male,68256.0,343,9,122.77,1214.0,Fashion,29,Medium,6
101407,25,Male,66913.0,10,10,41.5,459.44,Fashion,45,Low,19
101408,64,Male,90043.0,47,16,174.55,2680.75,Sports,30,Low,117
101409,54,Male,58101.0,260,7,136.73,1137.36,Electronics,29,Medium,107
101410,20,Male,59478.0,12,4,247.44,1101.32,Sports,37,Low,6
101411,68,Female,36595.0,298,14,142.99,1700.03,Beauty,33,Medium,107
101412,50,Male,91449.0,226,10,291.82,3478.32,Home,36,Medium,5
101413,45,Female,30037.0,260,6,68.1,465.01,Sports,40,Medium,66
101414,64,Male,64571.0,84,10,94.78,1025.14,Electronics,44,Medium,48
101415,25,Male,47704.0,348,8,129.74,1101.63,Electronics,43,Low,70
101416,51,Male,61246.0,348,10,67.72,705.57,Fashion,37,Medium,14
101417,52,Female,33839.0,6,12,292.25,4194.69,Fashion,28,Medium,78
101418,49,Male,77833.0,247,12,199.47,2373.05,Electronics,39,Medium,94
101419,41,Male,40896.0,35,8,23.14,160.38,Groceries,30,Medium,45
101420,31,Female,83325.0,175,15,181.98,2505.27,Beauty,34,Medium,40
101421,49,Female,41448.0,65,13,238.75,2948.83,Fashion,43,Low,88
101422,63,Female,79504.0,147,12,34.36,382.04,Beauty,35,Low,30
101423,60,Female,43381.0,57,10,181.82,1476.63,Home,28,Medium,75
101424,33,Male,47708.0,193,9,124.81,931.76,Groceries,35,High,78
101425,21,Female,59963.0,13,14,182.81,2052.52,Home,32,High,22
101426,69,Male,43041.0,18,11,90.73,1069.53,Home,35,Low,3
101427,54,Male,42452.0,246,8,206.48,1760.53,Beauty,35,Low,29
101428,38,Female,43273.0,163,10,207.97,1720.44,Electronics,46,Medium,48
101429,31,Male,66377.0,343,11,171.06,1742.56,Groceries,28,Low,110
101430,48,Female,59991.0,114,8,278.65,2035.72,Fashion,33,Medium,8
101431,65,Male,61053.0,282,10,274.65,2695.53,Electronics,33,High,49
101432,35,Female,53507.0,233,8,33.31,251.42,Sports,31,Medium,7
101433,24,Female,70974.0,166,12,101.17,1369.69,Fashion,37,High,24
101434,27,Female,81001.0,322,10,121.99,1406.63,Sports,29,Low,5
101435,24,Female,71512.0,26,15,35.48,469.62,Electronics,31,Low,84
101436,50,Female,55821.0,126,16,166.62,2261.76,Home,41,Medium,64
101437,40,Female,35584.0,313,12,26.88,366.34,Home,28,Medium,5
101438,38,Male,20458.0,281,12,209.86,2519.83,Groceries,41,High,49
101439,36,Male,58703.0,286,17,20.75,327.97,Fashion,32,Low,70
101440,65,Male,20136.0,283,8,28.94,189.98,Sports,34,Low,92
101441,36,Female,56014.0,139,14,253.45,3698.92,Sports,34,Medium,15
101442,53,Male,88052.0,101,6,90.73,480.74,Groceries,31,Medium,59
101443,46,Female,36931.0,11,7,42.74,243.85,Beauty,32,Low,90
101444,35,Male,34278.0,216,10,131.85,1289.39,Beauty,36,Medium,117
101445,19,Male,72739.0,30,14,34.27,498.42,Fashion,37,Low,109
101446,18,Female,15000.0,94,10,230.11,1998.62,Home,41,Medium,21
101447,64,Male,67636.0,116,10,158.36,1679.54,Beauty,34,Low,85
101448,22,Male,89370.0,271,16,174.54,2445.11,Electronics,32,Medium,9
101449,37,Male,42550.0,291,10,230.84,1865.87,Groceries,30,Low,47
101450,28,Female,39115.0,39,13,239.65,2677.96,Electronics,30,Low,108
101451,59,Male,71800.0,24,12,58.15,722.08,Electronics,34,Medium,41
101452,19,Female,36585.0,264,14,98.48,1453.34,Groceries,41,Medium,56
101453,20,Male,76216.0,43,14,69.19,1110.0,Sports,23,High,74
101454,40,Male,38214.0,170,9,35.13,260.83,Fashion,36,Medium,48
101455,29,Male,95368.0,340,9,170.5,1812.53,Sports,33,Low,62
101456,37,Male,73246.0,169,5,89.94,453.64,Home,30,Medium,89
101457,22,Female,60761.0,303,8,63.11,453.5,Fashion,40,Low,85
101458,54,Male,94215.0,26,6,162.84,924.44,Groceries,40,Medium,98
101459,55,Female,80631.0,180,18,197.52,2923.47,Groceries,35,Medium,31
101460,47,Female,67372.0,150,11,236.19,2192.88,Groceries,27,Medium,66
101461,26,Male,22736.0,133,10,24.9,287.09,Electronics,40,Medium,106
101462,51,Male,45970.0,143,11,167.36,1550.76,Groceries,33,Medium,104
101463,61,Female,81708.0,164,10,94.78,779.41,Home,22,Medium,16
101464,52,Female,33997.0,101,8,297.65,2474.8,Home,31,High,35
101465,69,Male,44686.0,63,12,63.94,731.29,Groceries,28,High,49
101466,39,Male,39558.0,93,13,142.6,1784.04,Fashion,39,Medium,114
101467,61,Male,68047.0,207,13,291.61,3215.12,Home,31,Medium,31
101468,41,Male,79272.0,311,14,79.67,912.01,Fashion,37,Medium,76
101469,34,Male,79292.0,72,12,245.93,3382.89,Fashion,26,High,54
101470,27,Female,42944.0,60,7,88.05,589.12,Fashion,48,Low,23
101471,47,Male,67773.0,29,9,41.07,311.98,Groceries,32,Low,106
101472,63,Male,42002.0,19,8,31.97,225.09,Beauty,43,Low,108
101473,40,Female,55789.0,73,10,285.65,2402.78,Electronics,36,Low,102
101474,49,Male,70403.0,357,12,79.61,946.95,Groceries,30,Low,17
101475,34,Male,81228.0,246,5,101.75,570.51,Home,42,Medium,108
101476,67,Female,17012.0,313,10,290.73,2783.43,Home,36,High,14
101477,68,Male,61973.0,324,15,204.07,3207.85,Home,35,Low,97
101478,34,Female,88146.0,87,13,156.68,2179.78,Home,43,High,48
101479,31,Male,64644.0,359,12,141.92,1847.51,Beauty,37,Medium,48
101480,26,Male,61652.0,183,11,33.6,385.2,Electronics,28,Medium,6
101481,57,Male,48740.0,197,18,254.9,4687.47,Beauty,31,Medium,23
101482,19,Female,87615.0,244,8,233.37,1850.82,Fashion,33,Medium,48
101483,62,Female,49664.0,328,17,45.4,763.65,Groceries,35,Low,49
101484,42,Female,57997.0,118,9,118.97,999.18,Home,34,Medium,61
101485,56,Female,50596.0,82,10,267.91,2683.97,Fashion,36,Low,31
101486,26,Male,62164.0,247,13,86.2,1111.21,Groceries,37,Low,104
101487,39,Female,88513.0,234,12,191.15,2128.12,Electronics,31,Low,5
101488,60,Female,41878.0,153,11,156.62,1585.79,Sports,40,Low,67
101489,63,Female,62251.0,272,12,249.19,2925.77,Electronics,47,Medium,38
101490,21,Male,67821.0,35,9,30.09,303.64,Sports,32,Medium,117
101491,43,Male,43753.0,213,10,248.52,2234.4,Home,29,Medium,28
101492,46,Female,58820.0,211,12,58.0,792.16,Fashion,28,Medium,31
101493,62,Female,97027.0,139,11,24.22,290.29,Beauty,32,Low,58
101494,51,Male,24630.0,189,14,186.74,2365.36,Fashion,25,Medium,54
101495,40,Female,51576.0,300,6,92.42,446.68,Groceries,29,Medium,17
101496,54,Female,65011.0,252,12,218.6,2179.17,Sports,31,Low,22
101497,28,Female,52481.0,150,10,151.54,1747.48,Sports,25,Medium,64
101498,23,Female,117725.0,341,9,189.55,1915.39,Groceries,23,Medium,111
101499,35,Male,70974.0,219,5,213.12,1014.27,Fashion,33,Medium,13
101500,38,Male,39113.0,82,12,279.54,2766.38,Beauty,32,Low,113
101501,59,Male,15000.0,190,13,250.47,3661.34,Fashion,36,Medium,44
101502,53,Female,66806.0,234,14,158.63,2003.39,Groceries,23,High,85
101503,58,Female,44888.0,176,10,142.64,1684.93,Beauty,40,Low,47
101504,55,Male,85778.0,232,18,203.31,3693.1,Beauty,33,Low,85
101505,51,Male,54503.0,358,8,225.39,1958.32,Sports,29,Medium,6
101506,34,Male,48633.0,63,10,68.34,672.96,Beauty,24,Low,10
101507,54,Female,48295.0,237,13,29.11,306.93,Home,33,Medium,58
101508,42,Male,79730.0,33,12,147.3,1458.74,Groceries,29,Low,40
101509,55,Female,68312.0,213,9,47.85,512.64,Fashion,33,High,14
101510,29,Female,95119.0,60,15,96.37,1394.81,Home,23,Low,23
101511,40,Male,55698.0,2,6,183.73,962.68,Home,47,Medium,71
101512,59,Male,77246.0,57,12,62.41,814.91,Sports,43,Medium,88
101513,39,Female,77588.0,301,12,27.98,387.09,Beauty,34,Medium,15
101514,38,Male,73476.0,287,9,175.29,1430.57,Groceries,30,Medium,87
101515,44,Male,49803.0,138,8,150.54,1238.58,Home,37,Low,5
101516,48,Female,69468.0,279,5,105.76,474.94,Electronics,28,Low,41
101517,23,Female,58055.0,214,10,151.26,1707.76,Home,35,High,20
101518,44,Female,57530.0,239,10,211.39,1764.51,Home,35,Low,52
101519,57,Female,43884.0,285,10,50.52,479.44,Home,36,Medium,10
101520,51,Female,17593.0,31,13,91.59,1133.47,Groceries,33,High,87
101521,29,Male,84968.0,206,9,242.59,2302.89,Sports,39,Low,113
101522,62,Female,68631.0,274,7,207.63,1266.33,Sports,32,Medium,27
101523,24,Female,33136.0,11,6,94.55,561.63,Electronics,24,Medium,51
101524,27,Female,74354.0,359,8,131.48,1073.74,Beauty,27,Low,107
101525,62,Male,85363.0,47,14,53.53,866.59,Electronics,29,Low,110
101526,34,Female,75553.0,3,13,90.88,1194.04,Home,29,Medium,60
101527,43,Female,42167.0,130,15,255.52,3268.49,Home,28,Low,95
101528,38,Female,45360.0,72,13,143.31,1565.94,Home,45,Low,118
101529,45,Male,49042.0,159,13,199.28,3030.16,Electronics,35,Medium,6
101530,63,Female,77222.0,130,12,64.73,925.79,Sports,32,Low,112
101531,19,Female,69579.0,22,9,71.33,556.47,Electronics,40,Low,77
101532,60,Female,115806.0,135,18,283.46,5615.27,Beauty,32,High,28
101533,18,Male,27182.0,20,12,255.6,2761.36,Sports,31,Medium,16
101534,68,Male,58948.0,220,16,241.29,4374.75,Electronics,36,High,17
101535,53,Male,21445.0,333,16,112.29,1506.74,Sports,29,Low,46
101536,68,Male,71933.0,130,22,177.57,3808.28,Electronics,32,Medium,111
101537,43,Female,81338.0,32,10,157.86,1639.26,Sports,33,High,95
101538,46,Female,88842.0,90,12,287.74,3939.74,Groceries,33,Medium,10
101539,38,Male,63770.0,259,10,87.1,995.28,Groceries,39,High,31
101540,28,Male,21734.0,298,11,285.23,2741.32,Fashion,33,Low,59
101541,57,Female,58997.0,333,13,217.92,3362.29,Beauty,43,Low,39
101542,28,Female,68736.0,249,10,135.83,1433.58,Sports,26,Low,106
101543,53,Male,39897.0,173,14,94.58,1408.21,Sports,37,Medium,6
101544,66,Male,54700.0,357,15,232.06,4022.52,Beauty,29,High,110
101545,56,Male,34459.0,47,13,250.42,3021.45,Beauty,33,Medium,84
101546,57,Male,47746.0,197,10,120.11,1160.37,Sports,30,High,49
101547,52,Female,78249.0,34,9,68.13,732.12,Fashion,29,High,105
101548,51,Male,73603.0,254,10,157.83,1273.08,Electronics,43,High,21
101549,64,Male,32096.0,248,13,151.18,2253.98,Beauty,37,Medium,16
101550,41,Female,45900.0,42,9,223.11,2283.09,Groceries,45,Medium,25
101551,39,Female,61142.0,289,11,292.49,2911.63,Fashion,35,Low,39
101552,22,Female,64530.0,123,11,168.76,2095.23,Groceries,29,Medium,36
101553,50,Female,46742.0,27,15,224.88,3144.15,Home,35,High,107
101554,53,Female,69529.0,59,7,118.16,869.79,Fashion,33,Medium,34
101555,64,Male,59294.0,147,9,187.88,1654.99,Fashion,34,Low,72
101556,37,Male,15000.0,115,5,52.29,219.76,Groceries,31,Medium,14
101557,36,Male,48567.0,199,9,248.18,2586.85,Sports,43,Low,57
101558,52,Female,47995.0,128,15,116.41,1777.76,Home,31,Low,49
101559,69,Male,73565.0,153,11,42.41,463.12,Groceries,32,Low,87
101560,60,Female,73921.0,271,10,297.36,3424.99,Fashion,40,Low,76
101561,34,Male,26558.0,339,19,272.5,4821.33,Sports,38,Medium,84
101562,62,Male,68769.0,83,13,75.28,1006.18,Home,35,High,60
101563,60,Female,58521.0,23,14,121.7,1964.33,Sports,33,Low,88
101564,51,Female,62528.0,11,13,282.28,3439.01,Groceries,28,Medium,77
101565,26,Male,47723.0,187,7,242.97,1900.49,Sports,33,Medium,33
101566,43,Male,58763.0,116,17,273.8,4681.36,Fashion,31,Medium,34
101567,19,Male,83007.0,162,13,177.51,1991.73,Fashion,43,Medium,32
101568,26,Male,62244.0,103,9,88.07,646.97,Electronics,33,Low,106
101569,26,Male,59151.0,243,7,83.57,638.04,Home,43,Medium,55
101570,57,Female,50416.0,7,11,167.19,1663.92,Groceries,42,Medium,29
101571,34,Female,81045.0,362,12,278.72,3767.04,Sports,29,High,27
101572,18,Female,34384.0,172,8,196.84,1378.78,Beauty,28,Medium,102
101573,42,Female,43961.0,256,10,29.63,304.34,Fashion,35,High,77
101574,60,Male,33236.0,247,10,176.93,1481.59,Electronics,33,High,113
101575,57,Male,64014.0,192,14,190.36,2916.37,Groceries,32,Medium,86
101576,59,Female,83595.0,114,12,182.84,2427.27,Fashion,24,Low,71
101577,42,Male,53424.0,23,17,213.5,4234.24,Groceries,32,High,71
101578,56,Female,38612.0,358,12,102.18,1256.25,Fashion,42,Medium,93
101579,52,Male,92729.0,314,15,60.25,761.48,Groceries,38,Low,104
101580,20,Male,69026.0,276,12,230.01,3121.99,Fashion,37,Low,14
101581,67,Male,65550.0,136,7,74.98,485.79,Beauty,38,Low,118
101582,54,Female,56196.0,357,5,51.96,301.33,Beauty,36,Medium,2
101583,61,Female,73380.0,195,16,120.63,2298.98,Beauty,35,Medium,7
101584,61,Female,65237.0,258,12,253.17,2591.43,Beauty,36,Medium,81
101585,68,Female,50375.0,278,11,42.99,394.0,Sports,35,Low,33
101586,47,Male,53724.0,70,10,74.76,866.5,Home,41,Low,22
101587,55,Male,39602.0,359,10,153.07,1774.92,Fashion,37,High,14
101588,51,Male,37109.0,360,10,100.54,1039.66,Groceries,28,Medium,54
101589,29,Male,54067.0,36,10,222.07,2565.46,Fashion,44,High,1
101590,36,Female,83084.0,108,11,208.97,2694.52,Electronics,26,Low,72
101591,54,Male,39317.0,24,11,255.9,2877.27,Beauty,43,High,41
101592,61,Male,76727.0,140,7,77.08,579.82,Sports,33,Medium,8
101593,66,Male,44021.0,22,12,201.7,2530.36,Beauty,23,Low,29
101594,34,Female,24268.0,339,21,236.93,4327.91,Beauty,34,Low,81
101595,27,Female,70932.0,329,7,37.55,256.15,Electronics,35,Low,91
101596,66,Female,92575.0,204,12,30.31,390.11,Groceries,34,Low,45
101597,64,Male,42885.0,224,10,176.59,1843.79,Fashion,35,Low,8
101598,29,Female,28603.0,223,20,184.6,3271.26,Fashion,32,Medium,117
101599,33,Male,69098.0,81,5,129.99,756.48,Electronics,43,Low,6
101600,41,Male,41537.0,330,15,30.1,502.8,Home,27,Medium,51
101601,36,Male,70733.0,191,9,132.54,986.95,Sports,34,Medium,108
101602,25,Female,83030.0,286,10,199.78,1873.2,Fashion,34,Medium,94
101603,48,Female,66612.0,147,9,216.53,2335.05,Fashion,39,High,23
101604,38,Male,76195.0,282,14,157.98,2114.24,Groceries,34,Low,79
101605,34,Male,76332.0,11,11,167.01,1957.21,Electronics,25,Medium,60
101606,40,Female,79799.0,276,15,208.35,2626.06,Groceries,31,Low,41
101607,54,Female,60904.0,56,12,145.8,1617.28,Sports,35,Low,14
101608,33,Female,75582.0,173,12,93.78,1297.34,Fashion,23,Medium,27
101609,23,Male,63288.0,303,2,82.43,165.56,Electronics,36,High,67
101610,25,Male,67826.0,204,14,230.77,3650.93,Beauty,40,Medium,12
101611,42,Male,121034.0,345,12,156.51,1508.25,Electronics,32,High,107
101612,35,Female,64832.0,248,7,194.74,1453.77,Electronics,32,Medium,67
101613,42,Female,30045.0,314,8,151.91,1118.02,Sports,34,Medium,40
101614,29,Female,56052.0,266,13,249.27,3708.15,Home,31,Low,65
101615,32,Male,53789.0,22,12,159.12,2248.59,Home,45,Medium,17
101616,43,Male,54704.0,327,9,296.66,2870.31,Home,35,High,18
101617,58,Female,79069.0,24,9,87.93,679.34,Groceries,39,Medium,10
101618,62,Male,82612.0,194,13,58.79,754.52,Groceries,33,Low,59
101619,43,Female,57887.0,96,12,124.61,1474.08,Sports,36,Medium,12
101620,64,Male,32163.0,263,9,277.22,2824.62,Electronics,42,Low,17
101621,49,Female,61982.0,72,12,258.65,3054.9,Home,35,High,22
101622,27,Male,49132.0,243,16,89.26,1332.55,Fashion,35,High,106
101623,33,Male,64208.0,38,13,187.92,2551.77,Home,36,High,14
101624,24,Female,57581.0,89,6,184.9,1174.67,Sports,41,Low,41
101625,34,Female,84327.0,28,9,102.15,1033.33,Home,33,Low,8
101626,40,Female,65496.0,92,18,85.91,1794.07,Fashion,37,High,115
101627,43,Female,49196.0,54,14,129.21,2091.1,Fashion,26,Medium,17
101628,38,Female,32289.0,159,10,240.81,2530.17,Fashion,32,High,79
101629,39,Male,59040.0,228,8,73.68,595.16,Sports,33,High,6
101630,24,Female,59111.0,41,11,144.8,1784.71,Home,41,High,71
101631,31,Female,54751.0,37,13,154.88,1857.83,Sports,34,Low,50
101632,32,Female,75506.0,125,11,282.95,3433.57,Beauty,24,Medium,96
101633,24,Male,32344.0,179,4,104.99,420.99,Fashion,31,High,112
101634,26,Female,44749.0,332,10,25.5,216.61,Home,29,Medium,43
101635,68,Female,61058.0,37,11,214.24,2595.01,Groceries,29,Medium,9
101636,65,Female,48810.0,101,9,231.62,2208.38,Sports,37,Medium,84
101637,25,Male,52866.0,31,9,216.85,1625.67,Groceries,25,Low,42
101638,67,Male,58795.0,190,9,216.21,1907.26,Beauty,32,High,45
101639,40,Female,73719.0,146,12,155.3,1853.53,Groceries,32,Low,39
101640,46,Male,57989.0,90,7,25.23,187.45,Electronics,39,Low,66
101641,35,Female,20606.0,6,11,224.38,2644.4,Fashion,33,Low,64
101642,48,Male,47944.0,139,10,282.23,2472.93,Beauty,41,Medium,82
101643,47,Female,69916.0,95,9,64.07,469.08,Groceries,32,Medium,61
101644,69,Male,75253.0,119,9,39.02,392.49,Sports,26,Low,38
101645,56,Female,76357.0,120,10,94.26,1124.18,Fashion,34,High,66
101646,52,Female,82024.0,123,13,257.94,3944.31,Beauty,38,Medium,79
101647,35,Male,62369.0,285,9,49.72,447.62,Fashion,28,Medium,11
101648,59,Female,65263.0,179,9,220.25,2005.19,Beauty,34,Low,3
101649,56,Female,39722.0,325,10,37.63,441.11,Sports,31,High,9
101650,34,Female,16508.0,7,15,29.18,445.43,Home,30,Low,109
101651,31,Female,31648.0,312,7,269.56,1719.11,Sports,46,Low,43
101652,48,Male,45963.0,127,10,235.76,2525.08,Home,39,Medium,87
101653,41,Female,32806.0,77,13,187.6,2416.56,Fashion,35,Low,63
101654,52,Male,54141.0,234,9,68.16,683.37,Sports,27,Medium,109
101655,61,Male,50758.0,318,10,98.08,1091.95,Groceries,28,Medium,107
101656,62,Male,78757.0,74,8,33.61,315.77,Sports,52,Medium,10
101657,51,Male,40617.0,271,15,200.7,2574.36,Groceries,31,Low,101
101658,20,Female,62812.0,309,10,212.1,2139.1,Groceries,40,Medium,88
101659,54,Female,51605.0,120,7,111.51,869.82,Fashion,41,Medium,32
101660,60,Male,39868.0,35,7,114.76,782.38,Home,29,Medium,68
101661,57,Female,45446.0,207,14,196.11,2884.89,Home,23,Medium,103
101662,43,Male,18975.0,270,11,284.79,3529.95,Groceries,37,Low,7
101663,40,Female,74967.0,93,9,130.52,1162.17,Home,34,Low,93
101664,61,Female,88045.0,177,7,158.21,1066.84,Sports,33,Low,45
101665,56,Female,54651.0,274,17,215.52,3195.68,Groceries,33,Medium,46
101666,32,Male,60581.0,179,9,115.85,1178.01,Groceries,34,Medium,60
101667,66,Male,54083.0,129,9,263.28,2649.86,Electronics,33,Low,29
101668,21,Female,43598.0,125,16,256.93,4510.7,Sports,37,Low,64
101669,46,Male,74098.0,27,6,208.8,1199.34,Home,23,Low,73
101670,39,Male,66381.0,64,11,170.34,1936.09,Home,33,Low,119
101671,42,Female,15000.0,60,10,295.39,2509.62,Electronics,42,Low,106
101672,30,Male,39308.0,219,10,216.67,2010.28,Sports,31,Medium,46
101673,35,Female,18939.0,217,10,200.1,1949.4,Fashion,38,Medium,2
101674,50,Female,91108.0,169,10,265.51,2170.32,Fashion,32,Low,3
101675,33,Female,56563.0,149,10,175.4,1475.88,Sports,43,Medium,105
101676,62,Male,64814.0,270,14,88.02,1394.81,Home,31,Medium,92
101677,59,Female,52934.0,116,11,58.58,765.83,Beauty,41,Medium,84
101678,61,Female,82054.0,245,9,151.89,1269.67,Fashion,24,Low,42
101679,19,Male,77214.0,148,12,164.38,1662.27,Beauty,35,Medium,68
101680,52,Male,55690.0,92,12,251.75,3547.13,Beauty,40,Medium,62
101681,59,Male,94360.0,85,7,59.05,481.85,Fashion,26,Medium,30
101682,51,Male,63706.0,87,11,210.74,2461.55,Home,34,Medium,31
101683,47,Female,30797.0,120,9,105.16,885.33,Sports,41,Medium,41
101684,30,Male,62000.0,340,16,282.93,3825.34,Electronics,29,Medium,22
101685,30,Male,70349.0,24,13,151.72,2319.1,Sports,28,Medium,73
101686,35,Male,57336.0,89,13,194.27,2950.18,Electronics,34,Medium,9
101687,49,Male,51770.0,37,13,202.03,2881.89,Beauty,31,Medium,31
101688,49,Female,95287.0,342,17,45.48,907.35,Beauty,36,Low,16
101689,52,Male,36283.0,271,14,258.61,3098.84,Sports,25,Medium,35
101690,56,Female,15000.0,12,11,65.99,612.43,Fashion,30,Medium,22
101691,63,Male,92381.0,95,17,131.28,1956.84,Beauty,33,High,110
101692,69,Female,35479.0,31,12,208.32,2215.35,Groceries,39,Medium,118
101693,46,Female,54268.0,350,10,35.46,401.01,Groceries,43,High,52
101694,66,Male,52451.0,233,10,182.52,2133.1,Home,29,High,59
101695,46,Female,84635.0,340,12,134.78,1433.36,Sports,34,High,95
101696,61,Male,88697.0,328,11,37.88,410.46,Sports,37,Low,13
101697,33,Female,34152.0,300,5,223.39,1096.61,Home,34,Medium,92
101698,61,Female,87138.0,286,6,160.37,838.24,Home,36,Medium,113
101699,64,Female,86768.0,35,14,104.96,1677.13,Electronics,33,Low,51
101700,27,Male,60387.0,21,13,43.61,572.03,Electronics,33,Medium,39
101701,47,Female,78651.0,111,9,173.29,1600.93,Groceries,30,Low,59
101702,42,Male,80657.0,319,8,105.67,763.67,Fashion,39,Low,39
101703,56,Female,54951.0,348,15,285.07,4377.24,Sports,35,Low,71
101704,37,Female,56849.0,145,9,185.62,1866.06,Groceries,51,Medium,89
101705,22,Female,71787.0,12,11,99.82,1012.34,Groceries,37,Low,48
101706,18,Female,27430.0,244,15,168.01,2130.33,Fashion,40,Medium,65
101707,47,Female,52924.0,146,15,171.06,2652.16,Groceries,36,Medium,50
101708,66,Female,35993.0,239,18,223.49,4241.39,Groceries,29,High,46
101709,20,Male,88472.0,92,5,272.62,1200.65,Fashion,27,Low,35
101710,62,Male,52688.0,316,16,289.53,4166.09,Groceries,38,High,63
101711,31,Male,65527.0,323,12,221.01,2284.08,Sports,28,Medium,75
101712,47,Female,55632.0,115,9,172.86,1817.96,Home,39,Medium,98
101713,67,Male,54330.0,15,11,82.98,808.0,Fashion,35,High,82
101714,21,Female,64219.0,272,9,132.85,961.61,Beauty,35,Low,31
101715,35,Male,45387.0,22,7,156.86,1247.42,Home,34,Medium,60
101716,54,Male,56030.0,118,13,55.94,815.43,Sports,32,Medium,16
101717,42,Female,55883.0,95,10,91.79,901.94,Beauty,33,Medium,51
101718,65,Female,51536.0,257,11,295.65,3638.72,Groceries,39,Medium,110
101719,18,Male,67821.0,331,9,231.87,2044.77,Groceries,37,Low,94
101720,63,Male,51060.0,262,10,154.96,1378.84,Beauty,31,Medium,55
101721,32,Male,92222.0,87,15,83.29,1212.4,Beauty,32,High,37
101722,26,Male,72579.0,318,13,180.57,2335.09,Groceries,31,Medium,25
101723,32,Female,33014.0,58,14,84.93,955.5,Home,35,Low,28
101724,66,Male,71018.0,230,9,74.07,563.52,Beauty,37,Medium,24
101725,41,Female,46210.0,108,13,46.25,691.38,Electronics,28,Medium,98
101726,21,Female,62714.0,19,13,116.84,1453.56,Home,33,Medium,21
101727,29,Male,45376.0,141,13,171.68,2081.38,Electronics,32,Medium,113
101728,54,Female,16112.0,160,15,64.61,1119.7,Home,36,Medium,115
101729,54,Male,59565.0,100,17,76.12,1115.24,Sports,29,Medium,11
101730,60,Female,31312.0,265,10,129.52,1148.58,Home,45,Medium,53
101731,23,Female,68394.0,238,10,157.07,1776.74,Home,33,Medium,91
101732,56,Male,63496.0,238,15,233.44,3192.98,Fashion,32,Low,73
101733,63,Female,47922.0,49,11,178.66,2069.99,Beauty,35,Medium,16
101734,41,Female,96511.0,165,5,192.96,1057.26,Groceries,37,Medium,115
101735,28,Male,35214.0,287,15,214.94,2866.51,Groceries,20,Medium,11
101736,30,Female,47513.0,59,7,146.28,922.96,Beauty,28,Medium,14
101737,51,Female,37586.0,183,20,116.08,2336.73,Groceries,28,Medium,43
101738,42,Male,100826.0,147,16,244.12,4362.47,Electronics,37,Low,79
101739,24,Male,87045.0,301,13,251.93,3346.33,Sports,38,Medium,86
101740,69,Female,31558.0,96,12,63.11,626.25,Electronics,43,Medium,106
101741,21,Female,43488.0,43,13,286.94,3507.66,Fashion,39,Medium,42
101742,25,Female,44167.0,354,12,280.38,3136.63,Fashion,39,Low,86
101743,37,Male,48985.0,257,9,263.85,2666.83,Beauty,29,Medium,89
101744,46,Female,39144.0,213,14,138.34,1773.81,Home,45,Medium,86
101745,68,Female,47885.0,189,11,255.81,3265.51,Fashion,32,Medium,67
101746,62,Female,80097.0,131,10,195.86,1829.32,Fashion,29,Medium,103
101747,63,Female,98938.0,347,7,77.51,476.18,Sports,41,Low,30
101748,27,Female,29112.0,300,11,236.97,2648.31,Fashion,45,High,65
101749,60,Female,39178.0,289,12,133.71,1531.6,Home,38,Low,45
101750,51,Male,64271.0,137,13,101.81,1401.67,Groceries,26,High,115
101751,43,Male,28394.0,30,10,265.92,3101.39,Electronics,25,Medium,3
101752,58,Female,64789.0,146,12,261.44,3690.41,Electronics,34,Medium,47
101753,66,Female,70802.0,312,9,262.02,2101.01,Electronics,43,Medium,81
101754,20,Male,74013.0,105,12,260.67,2705.47,Home,39,Medium,97
101755,23,Male,70243.0,287,13,175.18,2678.11,Sports,37,Medium,77
101756,22,Male,49295.0,191,10,192.74,2168.27,Home,26,Low,61
101757,22,Female,56367.0,178,11,285.68,2842.91,Electronics,47,Low,56
101758,64,Female,36409.0,345,8,56.22,504.62,Home,40,High,8
101759,40,Female,69287.0,239,10,245.75,2694.46,Home,31,Medium,32
101760,66,Female,92067.0,1,16,167.35,2413.66,Home,30,Low,57
101761,26,Male,69244.0,110,10,293.95,3416.62,Groceries,36,Medium,26
101762,52,Male,46100.0,338,11,198.98,2032.77,Home,25,Medium,70
101763,37,Male,79896.0,275,11,65.51,714.9,Sports,31,Medium,76
101764,66,Male,107313.0,234,14,248.34,3628.71,Groceries,32,Medium,8
101765,59,Female,64863.0,64,12,208.35,2191.44,Beauty,40,Medium,93
101766,52,Female,71089.0,244,9,61.7,580.02,Beauty,26,Low,20
101767,67,Male,73554.0,53,13,22.52,316.92,Home,33,High,109
101768,35,Male,27911.0,262,10,172.22,1447.71,Fashion,35,Medium,13
101769,34,Male,51778.0,17,10,87.62,833.91,Electronics,37,High,45
101770,41,Male,49723.0,302,11,262.83,3020.72,Groceries,35,High,117
101771,20,Male,76697.0,234,9,90.26,950.83,Fashion,36,Low,8
101772,49,Female,74367.0,73,15,205.6,3566.32,Electronics,37,Low,18
101773,52,Female,57585.0,357,11,116.64,1113.51,Sports,35,Medium,26
101774,55,Male,48522.0,91,9,118.09,1109.79,Fashion,40,Low,84
101775,30,Male,26268.0,6,11,70.91,654.59,Sports,40,Medium,33
101776,64,Male,59692.0,198,12,160.76,1770.07,Sports,31,High,8
101777,42,Female,40909.0,196,12,182.2,2271.47,Fashion,38,Medium,112
101778,26,Female,38430.0,296,5,182.68,760.45,Fashion,26,Medium,76
101779,21,Female,78525.0,347,6,259.85,1801.61,Groceries,45,Medium,66
101780,31,Male,76438.0,322,8,202.66,1834.63,Sports,38,Low,16
101781,54,Female,50228.0,137,7,227.27,1573.96,Fashion,37,Medium,114
101782,51,Male,28619.0,267,9,110.57,991.85,Sports,35,Medium,107
101783,28,Female,43484.0,116,10,137.79,1588.09,Home,35,High,43
101784,58,Female,79865.0,43,6,25.12,123.62,Home,31,Medium,101
101785,20,Female,69354.0,231,13,42.15,469.9,Home,36,Low,11
101786,45,Male,50564.0,58,13,127.83,1534.17,Sports,30,Low,81
101787,46,Male,61175.0,206,7,78.73,521.21,Sports,30,High,108
101788,26,Female,18504.0,294,7,247.63,2071.39,Fashion,33,Medium,118
101789,20,Male,16990.0,94,9,209.42,1619.0,Fashion,32,Low,94
101790,42,Male,99543.0,36,11,291.69,2955.89,Groceries,25,Medium,44
101791,51,Male,70131.0,230,7,268.37,2125.02,Groceries,41,Medium,8
101792,29,Male,60033.0,227,17,293.75,5561.75,Groceries,36,High,87
101793,59,Male,52061.0,183,14,122.28,1817.93,Beauty,34,High,74
101794,26,Male,24763.0,262,11,155.63,1594.53,Electronics,46,Low,70
101795,32,Male,79864.0,131,15,124.34,1579.95,Home,44,Low,65
101796,57,Female,37262.0,65,9,290.01,3114.93,Sports,36,Medium,75
101797,42,Male,74084.0,186,11,132.76,1315.16,Beauty,32,High,105
101798,22,Male,62640.0,117,11,52.69,659.49,Home,33,Medium,87
101799,28,Female,58958.0,186,13,90.14,1356.97,Sports,34,Low,67
101800,51,Female,33953.0,274,11,138.95,1492.32,Beauty,41,Low,78
101801,41,Female,34219.0,151,16,188.84,3445.45,Electronics,37,Medium,77
101802,32,Female,67799.0,352,14,193.06,2463.95,Sports,30,Medium,20
101803,55,Male,61584.0,151,14,232.46,3762.02,Groceries,30,Low,99
101804,25,Female,60943.0,36,12,201.4,2548.24,Beauty,25,Low,116
101805,22,Female,65721.0,326,14,157.63,1937.03,Home,33,Low,49
101806,65,Male,21265.0,95,11,28.45,348.82,Home,30,Low,115
101807,43,Male,80303.0,134,10,214.61,2501.23,Home,44,Medium,15
101808,35,Male,52882.0,162,9,43.93,406.51,Electronics,38,High,5
101809,23,Female,83393.0,44,9,151.27,1503.22,Beauty,35,Low,53
101810,54,Male,19834.0,300,12,270.99,3635.34,Home,19,Medium,41
101811,65,Female,71381.0,283,17,187.13,3546.93,Fashion,26,Low,85
101812,30,Male,71192.0,356,7,75.71,520.31,Groceries,35,Medium,49
101813,45,Male,30277.0,240,13,246.23,3508.21,Groceries,29,Low,110
101814,22,Female,47215.0,52,17,104.11,1804.23,Sports,37,High,101
101815,30,Male,38810.0,281,14,181.64,2456.15,Electronics,41,Medium,75
101816,34,Male,77264.0,74,9,198.04,1544.1,Sports,51,Low,71
101817,67,Male,66178.0,295,10,224.71,2614.76,Sports,33,Medium,76
101818,57,Male,91977.0,238,17,38.2,627.3,Groceries,46,Medium,68
101819,62,Male,64059.0,167,12,259.19,2786.27,Beauty,35,High,23
101820,49,Female,74645.0,140,12,51.88,558.39,Beauty,35,Medium,26
101821,46,Female,83440.0,139,11,46.47,458.44,Fashion,37,Medium,48
101822,68,Male,71089.0,235,12,147.93,1421.88,Electronics,31,Low,60
101823,20,Female,52316.0,3,9,124.21,1090.26,Electronics,35,Medium,66
101824,57,Female,48594.0,256,11,35.29,448.85,Electronics,34,High,16
101825,51,Female,58405.0,278,9,66.48,484.67,Fashion,27,Medium,98
101826,57,Male,75932.0,4,14,142.98,2367.31,Electronics,32,Low,75
101827,44,Male,44678.0,270,13,252.14,2857.11,Home,38,Medium,87
101828,30,Male,73043.0,212,15,53.97,880.43,Fashion,33,Medium,51
101829,62,Female,66453.0,216,17,49.27,933.19,Sports,42,Medium,23
101830,50,Female,34934.0,270,11,245.35,2952.67,Home,36,High,51
101831,23,Male,72071.0,16,9,157.85,1329.26,Beauty,44,Low,118
101832,41,Male,62838.0,64,9,120.87,1176.52,Sports,40,High,109
101833,36,Female,48990.0,239,13,149.18,1918.38,Electronics,41,Low,55
101834,33,Female,62549.0,16,8,135.04,930.02,Fashion,38,Low,117
101835,57,Male,49767.0,52,16,238.93,3365.56,Beauty,29,Medium,94
101836,45,Female,64953.0,19,10,22.61,183.23,Home,30,Medium,103
101837,50,Female,56641.0,325,15,141.28,1976.76,Fashion,35,Medium,45
101838,65,Female,29402.0,93,12,64.48,844.32,Fashion,33,Low,84
101839,58,Female,57239.0,261,15,106.32,1894.02,Beauty,38,High,80
101840,30,Female,51146.0,298,14,51.41,614.24,Fashion,38,Medium,113
101841,60,Female,72712.0,17,13,139.56,1707.8,Sports,45,High,11
101842,62,Female,77595.0,111,4,200.12,698.5,Fashion,30,High,46
101843,42,Male,49820.0,328,10,205.25,2266.69,Electronics,25,Low,95
101844,59,Male,44212.0,360,11,243.09,3122.78,Home,36,Medium,88
101845,53,Female,26397.0,94,16,248.2,3358.05,Groceries,36,Low,58
101846,44,Female,43719.0,10,16,187.37,3481.89,Fashion,41,Low,26
101847,55,Female,53535.0,212,7,118.88,756.1,Home,37,Low,66
101848,24,Male,33215.0,237,14,34.37,427.88,Sports,28,Low,57
101849,22,Male,77863.0,254,7,30.04,172.99,Sports,38,Medium,79
101850,60,Female,65243.0,16,17,51.71,731.55,Fashion,32,Medium,45
101851,62,Male,57592.0,144,6,295.47,1467.35,Beauty,36,Low,118
101852,68,Female,59667.0,42,14,240.07,3288.94,Beauty,38,Low,109
101853,48,Female,66121.0,3,16,133.36,2269.16,Fashion,34,Medium,101
101854,40,Female,72662.0,156,5,150.54,657.69,Beauty,26,Medium,22
101855,59,Female,76180.0,173,12,226.47,2410.7,Electronics,36,Medium,26
101856,27,Female,53817.0,24,11,164.03,1568.25,Groceries,24,High,49
101857,49,Female,57161.0,275,7,120.92,950.23,Beauty,38,Medium,68
101858,60,Female,63459.0,75,12,117.88,1209.27,Fashion,25,Medium,6
101859,47,Male,56345.0,40,9,78.7,587.44,Fashion,31,Medium,22
101860,56,Female,77446.0,302,14,267.97,3056.36,Electronics,37,Medium,38
101861,48,Male,84546.0,40,12,135.96,1331.42,Sports,37,High,23
101862,35,Female,66881.0,62,13,230.66,3054.56,Beauty,32,Medium,64
101863,53,Female,41836.0,238,7,180.65,1059.18,Groceries,42,Medium,89
101864,19,Male,70168.0,245,9,231.15,1849.37,Sports,28,Low,67
101865,31,Male,67674.0,18,11,109.85,1369.15,Fashion,34,High,20
101866,30,Female,40159.0,140,14,230.56,3832.23,Groceries,36,Low,33
101867,46,Male,67652.0,82,14,241.19,3864.06,Fashion,27,Medium,112
101868,29,Female,49116.0,189,8,49.2,465.96,Electronics,40,Medium,113
101869,56,Female,74922.0,108,12,45.61,584.64,Electronics,36,Low,20
101870,19,Male,70005.0,234,16,295.94,5657.84,Sports,33,Medium,70
101871,49,Male,64460.0,268,9,53.03,476.57,Home,42,Medium,76
101872,30,Male,60771.0,104,16,211.76,3787.54,Sports,44,Low,44
101873,63,Male,17333.0,134,13,229.39,3544.68,Groceries,36,High,83
101874,44,Female,35714.0,344,8,37.78,327.54,Electronics,29,Medium,117
101875,66,Male,57384.0,33,10,229.02,2708.59,Sports,31,High,112
101876,58,Male,90388.0,237,13,137.46,1610.89,Electronics,36,High,25
101877,34,Male,71294.0,336,14,96.91,1248.35,Home,37,High,113
101878,57,Male,96281.0,178,13,206.29,2571.54,Sports,45,High,49
101879,48,Male,61660.0,12,12,253.27,2996.19,Electronics,45,Medium,82
101880,51,Female,59383.0,351,14,180.38,2926.75,Fashion,27,Medium,15
101881,41,Female,88503.0,229,12,263.78,3656.45,Beauty,34,Low,102
101882,62,Male,56816.0,309,18,26.26,502.55,Home,35,Medium,27
101883,52,Male,40271.0,269,8,226.81,1620.19,Beauty,28,Medium,105
101884,65,Female,66335.0,358,11,67.43,664.7,Fashion,32,Low,88
101885,23,Male,82450.0,131,7,100.1,737.63,Beauty,39,Low,107
101886,36,Female,43481.0,249,10,180.23,1804.74,Groceries,33,Medium,21
101887,47,Female,71781.0,58,9,96.84,787.38,Home,32,Low,104
101888,24,Male,58135.0,4,10,67.08,581.78,Electronics,43,Medium,101
101889,27,Female,69027.0,236,14,267.94,4085.2,Fashion,40,Low,79
101890,58,Male,66271.0,173,12,273.88,3698.34,Groceries,40,Low,26
101891,49,Male,51714.0,322,13,30.18,354.88,Fashion,35,Medium,10
101892,51,Female,57876.0,36,12,160.03,1862.69,Home,37,Medium,67
101893,45,Female,52935.0,279,14,77.03,1170.51,Beauty,46,Low,103
101894,32,Male,62375.0,237,10,261.75,2585.28,Fashion,31,Low,93
101895,47,Female,43078.0,275,11,149.51,1948.05,Fashion,26,Medium,38
101896,54,Male,47858.0,296,11,153.97,1442.74,Sports,39,Medium,55
101897,46,Female,51721.0,328,12,195.69,2681.12,Electronics,34,Low,69
101898,39,Female,67834.0,58,13,35.57,426.54,Fashion,38,Medium,88
101899,21,Male,31689.0,363,12,55.64,717.63,Sports,24,Medium,104
101900,37,Male,57857.0,18,12,159.55,1725.97,Beauty,43,Low,69
101901,49,Male,45836.0,36,12,290.68,4139.01,Electronics,29,Medium,32
101902,53,Female,51772.0,129,8,256.21,1680.85,Home,46,Medium,90
101903,67,Male,46797.0,1,11,269.02,2975.28,Home,40,Medium,48
101904,21,Male,63891.0,64,15,58.4,1019.84,Sports,30,High,27
101905,44,Female,56858.0,62,5,288.41,1424.65,Sports,29,Medium,76
101906,34,Female,74232.0,331,7,224.4,1784.65,Home,42,Medium,32
101907,29,Male,68035.0,146,12,111.19,1574.36,Groceries,39,Low,103
101908,39,Male,29259.0,272,18,262.05,3901.51,Beauty,27,Medium,36
101909,34,Male,40800.0,17,11,229.25,2510.46,Electronics,38,Medium,55
101910,27,Male,56538.0,280,10,226.22,2430.89,Electronics,35,Low,70
101911,18,Female,59141.0,98,17,225.69,4346.52,Sports,38,Low,108
101912,39,Female,42564.0,227,13,244.24,2747.31,Beauty,25,Low,13
101913,43,Male,86079.0,243,9,285.59,2638.97,Electronics,32,Medium,50
101914,35,Male,77294.0,201,7,58.32,353.2,Groceries,28,Medium,95
101915,67,Male,27105.0,179,5,299.87,1652.52,Electronics,32,High,18
101916,31,Female,66909.0,270,18,264.26,4346.92,Sports,48,Medium,29
101917,64,Male,59084.0,234,7,143.66,912.63,Fashion,44,High,10
101918,46,Male,84878.0,112,14,64.08,993.94,Fashion,29,Low,39
101919,29,Female,28602.0,66,9,147.06,1504.6,Sports,32,High,103
101920,53,Female,101197.0,338,10,238.01,2230.95,Fashion,40,High,3
101921,52,Male,43141.0,349,13,188.69,2454.05,Beauty,29,Medium,115
101922,69,Male,67571.0,245,9,98.27,952.87,Electronics,36,Medium,109
101923,29,Female,47873.0,245,10,133.9,1470.31,Sports,35,Low,82
101924,24,Male,52477.0,72,17,287.2,5409.93,Sports,40,High,48
101925,46,Male,26212.0,357,6,245.07,1405.95,Sports,34,Medium,93
101926,28,Female,83938.0,49,9,54.74,499.82,Fashion,36,High,42
101927,50,Female,54607.0,346,7,172.71,1020.15,Home,42,Medium,47
101928,23,Female,55967.0,190,16,280.68,5296.64,Fashion,39,Low,26
101929,64,Male,106250.0,293,10,29.61,319.96,Sports,40,Medium,118
101930,32,Female,79189.0,177,16,31.91,485.14,Electronics,38,High,32
101931,49,Female,46633.0,161,7,220.69,1476.62,Beauty,31,Low,27
101932,68,Male,47795.0,150,10,181.15,1514.76,Home,27,Medium,75
101933,28,Male,65196.0,70,10,32.88,323.13,Sports,31,High,118
101934,40,Female,75415.0,33,7,298.88,2236.96,Beauty,34,Low,105
101935,43,Female,95049.0,284,10,182.43,2154.54,Fashion,25,Low,70
101936,51,Male,27838.0,344,10,157.74,1670.52,Groceries,30,Medium,95
101937,63,Male,74540.0,260,14,145.36,2157.72,Sports,37,High,8
101938,51,Female,77753.0,322,8,216.19,1927.66,Electronics,38,Medium,117
101939,46,Female,44210.0,77,15,148.34,2233.83,Groceries,46,Low,108
101940,21,Male,52795.0,110,7,204.54,1163.83,Groceries,32,High,88
101941,34,Female,27393.0,305,10,156.73,1811.71,Fashion,25,Medium,18
101942,52,Male,49982.0,139,15,191.0,2753.23,Fashion,35,Medium,73
101943,30,Female,64642.0,35,15,245.45,4395.52,Beauty,30,Medium,22
101944,58,Male,91882.0,235,8,248.81,1915.94,Home,43,Medium,107
101945,56,Male,93727.0,330,12,257.73,3301.01,Sports,35,Medium,117
101946,32,Female,39414.0,200,13,76.83,982.76,Beauty,38,High,63
101947,46,Female,89157.0,325,5,37.11,165.69,Home,45,Low,50
101948,46,Male,21013.0,151,9,254.12,2681.16,Home,40,High,74
101949,28,Female,48301.0,34,8,31.84,267.68,Groceries,35,Low,1
101950,69,Female,53964.0,124,20,79.78,1564.02,Fashion,38,Low,3
101951,49,Female,65036.0,32,12,167.34,1722.26,Groceries,39,High,108
101952,19,Male,62130.0,272,7,259.52,2179.32,Sports,44,Low,90
101953,64,Female,67314.0,324,10,271.1,3139.5,Home,43,High,56
101954,31,Female,56341.0,310,11,195.85,2087.81,Home,42,Low,7
101955,37,Male,79192.0,124,13,290.69,3282.35,Sports,28,High,27
101956,39,Female,73837.0,316,6,224.38,1093.01,Beauty,40,High,15
101957,28,Female,54209.0,78,10,167.76,1443.97,Home,37,Medium,87
101958,44,Male,76848.0,76,8,57.62,467.31,Fashion,34,Low,85
101959,20,Male,101369.0,60,14,140.06,2208.53,Fashion,36,Low,110
101960,34,Female,46535.0,85,8,250.26,1892.78,Home,26,Medium,77
101961,61,Female,93507.0,80,11,99.42,1064.74,Sports,34,Low,32
101962,45,Male,48330.0,172,11,181.92,1979.73,Groceries,35,Medium,49
101963,46,Male,88207.0,258,10,295.36,2383.65,Home,39,Low,84
101964,38,Female,49081.0,279,13,68.84,779.31,Electronics,35,High,112
101965,64,Female,75313.0,221,11,48.41,532.7,Fashion,41,Medium,69
101966,33,Female,63593.0,46,10,242.77,2213.47,Electronics,33,Low,105
101967,54,Male,24295.0,73,13,26.98,354.01,Electronics,36,High,117
101968,37,Female,98311.0,54,8,200.11,1349.93,Electronics,32,High,32
101969,23,Male,42091.0,327,11,114.01,1406.02,Home,25,Medium,53
101970,36,Male,34608.0,221,13,222.67,3223.25,Home,35,Medium,111
101971,22,Male,47211.0,337,11,53.67,630.48,Electronics,49,High,28
101972,20,Female,110625.0,9,13,112.41,1479.71,Home,36,Low,105
101973,18,Female,34926.0,326,13,24.77,307.83,Electronics,31,High,92
101974,55,Female,63565.0,172,10,85.83,921.01,Electronics,34,Low,76
101975,32,Male,37537.0,84,10,155.31,1728.18,Beauty,33,Medium,70
101976,51,Female,40966.0,330,13,69.73,1018.38,Groceries,41,Medium,90
101977,52,Male,28012.0,329,17,187.9,2999.55,Beauty,45,Medium,81
101978,66,Male,66303.0,12,15,53.08,698.73,Groceries,40,Medium,36
101979,42,Male,56776.0,32,11,228.66,2356.13,Groceries,27,Medium,62
101980,41,Male,37373.0,339,12,278.07,2679.78,Sports,38,Medium,10
101981,29,Male,77464.0,289,13,128.06,1613.66,Fashion,40,Medium,90
101982,35,Male,79574.0,320,14,167.9,2137.62,Home,34,High,80
101983,32,Female,68144.0,304,18,156.78,3149.44,Groceries,31,High,96
101984,61,Male,83413.0,272,9,239.91,2310.17,Fashion,35,Low,80
101985,33,Female,53020.0,178,10,298.37,2417.97,Fashion,35,Medium,14
101986,44,Male,66447.0,114,17,225.99,3295.19,Beauty,37,Medium,115
101987,25,Female,53097.0,26,12,80.07,977.06,Home,38,Low,25
101988,63,Female,29853.0,237,7,214.9,1575.36,Beauty,35,High,65
101989,42,Female,64385.0,310,9,192.41,1917.94,Sports,29,Low,39
101990,34,Female,63174.0,172,12,78.83,1123.15,Electronics,23,Medium,43
101991,46,Male,59396.0,233,13,87.47,1228.95,Groceries,30,Medium,80
101992,25,Male,67478.0,37,7,202.78,1444.95,Sports,44,Medium,97
101993,32,Male,88238.0,265,13,246.19,3090.92,Home,35,Low,86
101994,44,Male,55912.0,13,12,233.47,3068.57,Sports,31,Medium,111
101995,63,Female,40857.0,316,8,189.8,1782.45,Beauty,30,High,92
101996,67,Female,55045.0,106,10,282.51,2737.98,Fashion,30,Medium,50
101997,69,Female,57263.0,126,5,224.69,1161.48,Sports,31,Medium,23
101998,24,Male,79672.0,336,12,171.74,1819.37,Groceries,33,Medium,2
101999,20,Female,62133.0,130,13,248.54,3693.01,Sports,30,Low,15
102000,46,Male,37036.0,316,9,101.34,989.96,Sports,47,High,115
102001,61,Female,76109.0,256,11,93.78,971.63,Fashion,40,High,44
102002,41,Female,72903.0,115,10,292.01,3357.0,Beauty,36,Low,44
102003,20,Female,62142.0,299,9,285.95,3058.25,Sports,37,Medium,63
102004,37,Female,78965.0,124,11,266.54,2683.92,Fashion,40,Low,106
102005,63,Female,82312.0,256,12,80.02,839.88,Groceries,45,Medium,111
102006,32,Male,52451.0,139,6,184.55,1254.3,Groceries,27,Low,37
102007,42,Female,41997.0,206,8,169.81,1403.27,Electronics,44,Medium,5
102008,47,Male,59762.0,47,9,76.87,798.2,Beauty,33,Low,32
102009,31,Male,70732.0,217,14,145.38,1911.18,Electronics,32,Medium,102
102010,24,Male,57893.0,319,5,150.24,775.62,Fashion,41,Low,87
102011,34,Male,40232.0,350,7,87.37,630.48,Electronics,32,Medium,23
102012,61,Male,63253.0,123,5,287.37,1257.66,Electronics,34,Low,97
102013,37,Male,19330.0,31,12,157.96,2268.51,Home,36,Medium,70
102014,53,Male,53511.0,55,10,166.97,1779.27,Electronics,39,Medium,48
102015,26,Male,77023.0,153,15,187.6,2998.76,Beauty,38,Medium,33
102016,55,Female,78109.0,286,12,268.35,2958.55,Sports,34,Medium,118
102017,65,Female,15000.0,36,17,169.33,3051.77,Groceries,34,Medium,105
102018,39,Male,56148.0,306,7,171.47,1360.16,Electronics,35,High,20
102019,19,Male,71986.0,285,6,87.25,589.15,Fashion,32,High,2
102020,41,Male,36478.0,256,11,188.79,2425.35,Home,36,Low,84
102021,25,Female,52561.0,178,9,126.72,980.21,Home,43,Medium,87
102022,28,Female,84154.0,36,6,201.1,1053.52,Groceries,41,Low,115
102023,30,Male,50317.0,254,12,104.21,1355.65,Groceries,43,Medium,90
102024,34,Male,91973.0,162,11,220.4,2722.83,Fashion,27,Medium,54
102025,25,Female,45176.0,21,10,193.29,2067.67,Fashion,35,Low,26
102026,38,Female,88198.0,294,10,152.86,1310.23,Beauty,36,Low,2
102027,35,Male,60671.0,75,12,47.07,586.29,Beauty,32,Medium,66
102028,47,Male,42433.0,207,16,195.55,3439.65,Fashion,43,Medium,97
102029,35,Male,88264.0,178,6,260.6,1336.55,Home,30,Medium,74
102030,63,Male,35871.0,37,11,67.9,614.2,Home,37,Low,28
102031,64,Female,44081.0,120,12,43.72,473.18,Fashion,37,Medium,15
102032,48,Female,69798.0,118,17,31.08,441.87,Electronics,28,High,82
102033,55,Male,61616.0,1,16,28.91,397.53,Beauty,41,Low,103
102034,49,Male,65479.0,209,15,255.78,3381.47,Electronics,24,Low,91
102035,28,Male,52634.0,311,13,223.73,2944.2,Fashion,29,High,101
102036,62,Female,36012.0,208,10,76.64,660.9,Fashion,27,High,52
102037,42,Male,46955.0,154,10,276.79,2883.8,Home,35,Medium,39
102038,50,Male,86408.0,250,17,57.9,901.88,Electronics,33,Medium,108
102039,55,Male,33260.0,171,9,124.77,1037.84,Beauty,40,Medium,76
102040,58,Female,92889.0,315,13,146.59,2261.95,Groceries,35,Low,14
102041,25,Male,66317.0,307,11,41.25,509.14,Groceries,44,Low,31
102042,28,Female,48064.0,107,4,117.29,454.92,Sports,34,Medium,73
102043,39,Male,19959.0,143,8,48.53,380.08,Beauty,42,Medium,46
102044,68,Male,22586.0,8,10,241.14,2039.84,Groceries,28,Low,40
102045,41,Male,52882.0,94,7,33.11,263.71,Electronics,30,Medium,59
102046,58,Female,50459.0,97,9,24.8,178.92,Home,38,Medium,26
102047,34,Male,62355.0,7,8,225.1,1544.71,Electronics,33,Low,91
102048,29,Male,94383.0,274,10,238.64,2418.92,Electronics,35,High,16
102049,63,Female,70752.0,12,9,158.78,1250.92,Groceries,35,Medium,2
102050,49,Female,57426.0,2,8,109.0,918.31,Fashion,39,High,81
102051,32,Female,84337.0,349,8,86.21,552.75,Sports,36,Medium,93
102052,33,Male,63013.0,7,7,52.77,310.05,Groceries,33,Low,96
102053,39,Female,91994.0,12,10,155.58,1720.52,Groceries,35,Medium,63
102054,45,Male,46558.0,340,14,157.5,2272.49,Groceries,39,Low,25
102055,37,Female,37044.0,57,11,147.67,1312.14,Sports,31,High,67
102056,50,Female,19993.0,78,9,237.91,1889.23,Home,32,Medium,41
102057,27,Female,57892.0,74,10,47.94,429.34,Beauty,35,Medium,55
102058,57,Male,35307.0,233,13,207.6,3075.62,Groceries,31,Medium,102
102059,49,Male,35024.0,279,14,132.44,1915.38,Home,33,Medium,99
102060,67,Male,80686.0,30,15,87.47,1333.79,Home,28,Medium,3
102061,50,Male,25558.0,314,10,210.85,1759.92,Electronics,45,Medium,27
102062,19,Male,62071.0,95,11,75.35,880.88,Fashion,42,Medium,14
102063,50,Male,58335.0,308,12,84.66,876.08,Sports,38,Medium,33
102064,50,Male,61843.0,56,7,299.59,2115.37,Fashion,32,Low,85
102065,58,Male,87682.0,10,8,268.83,2230.33,Home,30,Medium,10
102066,30,Male,43486.0,147,9,215.2,2201.66,Home,38,Low,53
102067,47,Female,87699.0,364,12,108.41,1460.39,Sports,41,Low,81
102068,50,Female,24796.0,87,8,170.28,1193.38,Fashion,35,Medium,71
102069,30,Male,73015.0,253,12,55.45,776.17,Electronics,27,Medium,91
102070,69,Male,89527.0,187,15,113.51,1364.0,Fashion,37,High,95
102071,43,Male,15000.0,233,7,39.03,254.65,Groceries,32,Medium,40
102072,39,Male,59292.0,253,8,190.89,1262.24,Fashion,41,High,98
102073,56,Female,57665.0,224,8,260.1,2264.71,Home,36,Medium,24
102074,19,Female,61437.0,340,11,246.67,2713.61,Sports,32,Medium,10
102075,55,Male,94231.0,4,11,259.7,2485.26,Groceries,41,Low,49
102076,56,Female,44727.0,353,11,68.89,632.04,Home,32,Low,28
102077,43,Female,36310.0,112,6,202.02,1079.31,Fashion,41,High,106
102078,63,Male,61582.0,193,13,287.89,4372.45,Sports,28,Medium,33
102079,67,Male,82486.0,141,8,239.31,2050.53,Groceries,34,Medium,47
102080,32,Male,71173.0,323,10,20.95,187.9,Fashion,43,Low,13
102081,51,Male,60686.0,140,16,267.05,4945.76,Groceries,30,High,44
102082,59,Female,55415.0,349,10,217.62,1859.78,Electronics,31,Medium,93
102083,61,Male,19861.0,95,9,54.18,524.38,Electronics,33,High,27
102084,66,Female,71717.0,41,9,107.87,941.65,Sports,28,Low,75
102085,57,Male,74107.0,2,11,52.9,527.97,Electronics,34,Medium,74
102086,28,Female,46153.0,278,9,224.35,1827.18,Home,39,Low,29
102087,20,Male,50706.0,150,13,20.99,272.96,Fashion,35,Medium,108
102088,23,Male,39035.0,41,12,150.07,2111.66,Groceries,32,Medium,78
102089,26,Female,77362.0,351,9,299.95,2961.22,Groceries,32,Low,85
102090,23,Female,52683.0,116,13,258.32,3575.93,Beauty,45,Medium,40
102091,26,Female,57014.0,120,11,184.42,2333.34,Electronics,50,Low,89
102092,56,Male,72585.0,237,12,214.3,2643.95,Groceries,22,Low,7
102093,48,Female,66539.0,270,9,189.02,1491.55,Groceries,34,Medium,79
102094,49,Female,71266.0,349,9,247.04,2647.73,Fashion,34,Medium,72
102095,58,Female,63497.0,291,11,268.08,2989.86,Sports,31,High,101
102096,67,Female,63942.0,9,9,234.65,1955.82,Beauty,27,Medium,86
102097,29,Female,63753.0,239,7,70.95,551.91,Groceries,37,Low,77
102098,25,Female,69058.0,118,9,124.31,1102.68,Electronics,36,High,39
102099,25,Female,70030.0,352,21,239.63,4050.87,Electronics,39,High,25
102100,67,Female,35506.0,315,10,250.49,2324.49,Beauty,38,Low,28
102101,45,Female,48056.0,312,14,196.06,2697.84,Sports,35,Medium,51
102102,37,Male,55933.0,10,10,219.96,2087.53,Groceries,42,Low,80
102103,64,Male,69036.0,25,21,68.86,1475.99,Groceries,41,High,71
102104,24,Female,91948.0,173,14,124.35,1520.4,Groceries,37,Medium,49
102105,28,Male,43736.0,225,8,169.7,1396.94,Sports,44,Medium,57
102106,37,Male,77573.0,11,14,295.44,4941.1,Electronics,30,High,70
102107,33,Female,48621.0,101,10,243.78,2685.3,Groceries,31,Low,15
102108,21,Female,87410.0,265,11,73.93,873.26,Beauty,27,Low,99
102109,23,Female,98247.0,327,13,118.67,1357.96,Groceries,36,Medium,2
102110,39,Female,25040.0,83,7,80.73,583.59,Beauty,32,Medium,12
102111,43,Female,53473.0,276,12,62.63,847.66,Beauty,34,Low,78
102112,20,Female,15000.0,345,16,53.59,768.49,Home,32,Low,53
102113,58,Male,26203.0,261,6,290.4,1454.41,Fashion,36,High,115
102114,59,Female,27449.0,221,11,273.86,3207.38,Sports,35,High,114
102115,31,Male,72481.0,311,2,155.31,332.19,Fashion,35,Low,60
102116,28,Female,68740.0,219,11,173.59,2141.98,Sports,30,High,66
102117,35,Female,76025.0,89,16,254.81,4288.25,Fashion,45,Medium,43
102118,29,Male,72158.0,15,11,201.67,2527.23,Home,34,Medium,34
102119,40,Female,69701.0,246,11,225.14,2244.83,Fashion,45,Medium,28
102120,29,Female,62237.0,176,10,241.52,1966.25,Groceries,33,Medium,5
102121,30,Male,57382.0,4,12,155.25,2036.48,Fashion,32,Medium,35
102122,42,Female,80392.0,334,7,292.94,1957.02,Fashion,36,Low,16
102123,62,Male,60246.0,21,11,195.94,1905.0,Electronics,30,Low,38
102124,68,Female,70504.0,208,6,197.38,971.89,Sports,29,Medium,106
102125,36,Female,15000.0,137,13,59.49,852.37,Fashion,26,Medium,99
102126,63,Male,36499.0,322,13,296.57,4358.65,Beauty,38,Medium,46
102127,53,Female,79604.0,363,10,39.82,380.52,Groceries,35,Medium,44
102128,62,Male,46631.0,216,11,295.98,3757.29,Groceries,36,Medium,44
102129,25,Male,32093.0,117,14,274.96,3719.42,Sports,35,Medium,5
102130,46,Male,72826.0,179,8,259.8,2453.8,Home,37,Medium,46
102131,49,Female,60027.0,246,12,208.61,2987.17,Sports,36,Low,104
102132,68,Female,51861.0,128,14,190.48,3005.53,Groceries,38,High,46
102133,61,Male,90182.0,358,15,299.05,4048.36,Home,28,Medium,116
102134,35,Female,86749.0,78,6,292.72,1662.41,Home,42,Medium,77
102135,23,Female,56243.0,229,18,247.31,4509.73,Electronics,46,Medium,119
102136,35,Female,74448.0,293,14,44.32,577.96,Beauty,34,Medium,65
102137,36,Male,15226.0,262,11,124.21,1540.61,Fashion,28,Medium,29
102138,39,Female,81867.0,82,13,262.46,3995.49,Beauty,39,Medium,2
102139,54,Male,38268.0,342,9,216.71,2329.38,Beauty,35,Medium,63
102140,49,Female,30957.0,338,12,54.16,607.36,Electronics,37,Medium,81
102141,58,Female,24295.0,307,16,117.51,1707.37,Fashion,32,High,36
102142,20,Male,22749.0,66,17,25.44,373.85,Electronics,35,Low,38
102143,45,Female,81607.0,96,13,269.98,2874.42,Home,31,Low,114
102144,27,Male,72623.0,145,14,229.16,2793.75,Fashion,29,High,114
102145,68,Female,44683.0,65,13,142.04,1687.36,Groceries,30,Medium,119
102146,52,Male,77098.0,9,7,232.91,1559.33,Home,35,Medium,88
102147,46,Female,48100.0,357,10,281.36,2374.35,Sports,30,Low,18
102148,32,Female,66473.0,186,11,98.37,1220.68,Home,43,Medium,8
102149,50,Female,50354.0,158,10,100.03,1047.93,Groceries,29,Medium,28
102150,24,Male,57601.0,31,11,155.14,1749.3,Electronics,35,Medium,4
102151,29,Male,41836.0,151,8,217.93,1775.01,Fashion,33,Low,38
102152,66,Male,44804.0,319,13,298.05,3549.12,Electronics,34,Medium,82
102153,47,Female,70882.0,242,10,65.62,771.05,Beauty,37,Low,64
102154,38,Male,74096.0,156,13,115.8,1343.86,Electronics,35,Medium,111
102155,48,Male,51718.0,59,9,121.76,1169.78,Fashion,32,Low,72
102156,41,Male,29489.0,10,11,223.23,2213.03,Electronics,37,Low,58
102157,37,Male,109425.0,345,19,268.25,6094.94,Beauty,39,Low,63
102158,54,Male,60734.0,124,7,71.46,582.59,Groceries,38,Medium,20
102159,21,Male,66243.0,356,14,219.82,2787.65,Beauty,36,Medium,60
102160,45,Male,34773.0,346,7,274.69,2297.76,Sports,37,Low,109
102161,61,Male,84305.0,282,10,53.96,566.79,Fashion,37,High,35
102162,37,Male,87358.0,237,16,197.82,3454.48,Electronics,27,High,81
102163,41,Male,25839.0,333,9,76.67,630.11,Fashion,30,Low,37
102164,67,Female,57952.0,17,9,143.52,1144.93,Beauty,28,Medium,75
102165,66,Female,56391.0,324,8,55.51,507.68,Electronics,28,Medium,63
102166,68,Male,107769.0,23,14,211.41,2693.59,Groceries,36,Low,112
102167,49,Female,88872.0,9,5,132.39,772.5,Home,24,Medium,35
102168,58,Female,30984.0,207,8,178.83,1354.33,Sports,43,Medium,52
102169,53,Male,45439.0,45,13,166.59,1740.46,Sports,32,Medium,18
102170,51,Male,42140.0,331,10,214.32,2222.21,Fashion,36,Medium,57
102171,53,Male,67434.0,27,12,270.76,3058.89,Sports,34,Medium,108
102172,19,Female,91444.0,188,9,98.33,1053.46,Electronics,37,Medium,20
102173,32,Male,62183.0,140,8,186.65,1425.54,Beauty,37,High,111
102174,51,Female,70023.0,9,11,180.65,1839.68,Groceries,37,High,59
102175,53,Male,46714.0,234,14,108.24,1555.6,Beauty,34,High,68
102176,23,Female,69916.0,92,16,159.88,2793.31,Groceries,27,Medium,26
102177,56,Female,50562.0,77,4,31.33,148.71,Beauty,36,High,13
102178,59,Male,27185.0,340,11,139.54,1270.69,Fashion,40,Low,21
102179,68,Male,68617.0,244,12,95.75,1112.01,Electronics,35,Medium,104
102180,68,Female,59803.0,333,10,261.91,2790.58,Sports,42,Medium,88
102181,29,Female,38056.0,155,9,120.18,867.45,Electronics,30,High,95
102182,20,Male,92908.0,218,19,73.82,1396.43,Sports,45,Medium,117
102183,62,Male,44671.0,285,14,168.31,2645.26,Electronics,40,Medium,110
102184,35,Female,72182.0,150,10,247.07,2026.84,Sports,37,Low,100
102185,57,Male,52749.0,329,7,119.13,780.72,Sports,34,Medium,55
102186,38,Female,90872.0,88,5,257.11,1234.6,Groceries,31,Medium,42
102187,32,Male,55248.0,106,15,111.32,1814.26,Home,32,Low,83
102188,50,Male,26507.0,294,8,225.97,1660.04,Home,35,Medium,97
102189,52,Male,76200.0,95,11,52.27,516.61,Beauty,44,Medium,99
102190,43,Female,90791.0,253,7,37.42,221.65,Fashion,40,Low,23
102191,25,Male,51448.0,39,6,226.52,1628.7,Beauty,43,Medium,70
102192,53,Female,73578.0,255,16,123.15,1948.07,Home,37,High,44
102193,65,Male,62589.0,54,16,130.04,1704.64,Fashion,40,Medium,26
102194,47,Female,52346.0,243,8,180.76,1201.13,Groceries,33,Low,65
102195,40,Female,76815.0,110,10,296.32,2522.22,Fashion,29,Low,76
102196,59,Male,43999.0,254,12,68.02,722.13,Home,30,Medium,114
102197,61,Female,60650.0,112,12,103.96,1367.49,Sports,40,Low,51
102198,31,Female,65147.0,174,16,201.64,3301.98,Fashion,36,Low,74
102199,31,Female,64422.0,189,14,216.27,3362.85,Home,32,High,90
102200,19,Female,44492.0,221,15,217.72,2638.53,Home,31,Low,27
102201,54,Male,101192.0,249,10,186.71,1691.68,Sports,37,Medium,37
102202,22,Male,85245.0,52,6,184.72,1066.44,Electronics,27,Low,105
102203,55,Male,79808.0,162,11,61.47,656.97,Home,30,Medium,40
102204,62,Female,88664.0,35,17,253.7,3542.72,Groceries,31,Low,27
102205,58,Female,61375.0,37,14,22.49,316.31,Beauty,28,High,65
102206,64,Male,52574.0,334,11,136.92,1377.57,Sports,29,Medium,60
102207,31,Male,38219.0,317,4,80.31,281.6,Electronics,32,Low,56
102208,56,Female,45931.0,111,14,49.22,736.26,Sports,36,Medium,112
102209,42,Male,39720.0,177,11,109.46,1003.63,Beauty,33,Low,78
102210,37,Male,49438.0,9,11,204.01,2573.55,Fashion,31,Medium,52
102211,19,Female,65530.0,275,13,159.18,2400.29,Home,35,Medium,101
102212,56,Male,78280.0,121,20,264.59,4922.51,Home,42,Medium,53
102213,23,Female,77727.0,105,9,187.91,2020.57,Sports,33,Low,14
102214,34,Male,36570.0,156,13,90.88,1134.78,Fashion,31,Low,32
102215,42,Female,73783.0,336,12,164.26,2335.63,Beauty,34,Low,96
102216,45,Female,82877.0,26,9,83.67,899.68,Sports,32,Medium,83
102217,19,Female,54915.0,296,8,70.02,633.41,Groceries,36,Low,72
102218,52,Female,83955.0,25,7,287.41,1709.95,Home,28,Low,35
102219,54,Female,77516.0,355,15,151.05,2342.26,Home,31,Low,49
102220,22,Male,34708.0,69,10,202.34,2211.11,Groceries,42,Low,14
102221,18,Male,103835.0,327,12,264.56,2638.15,Electronics,28,High,59
102222,57,Male,45687.0,151,8,110.21,1020.51,Beauty,32,Low,5
102223,29,Female,79148.0,345,10,240.93,2748.34,Home,35,Medium,95
102224,53,Male,78424.0,65,9,240.87,2544.04,Beauty,36,Medium,32
102225,62,Female,35520.0,150,5,250.72,1260.77,Sports,41,Low,88
102226,40,Female,63580.0,320,15,73.05,1018.74,Electronics,41,Medium,22
102227,64,Male,78178.0,245,11,289.6,3193.68,Electronics,46,Low,61
102228,48,Female,35308.0,58,10,96.94,1058.33,Sports,21,High,21
102229,28,Male,61992.0,156,16,237.51,3672.79,Beauty,40,Medium,33
102230,27,Female,79853.0,112,9,65.45,554.12,Groceries,39,Medium,79
102231,20,Female,81145.0,123,8,278.78,1852.93,Electronics,34,High,51
102232,31,Male,52059.0,353,17,139.8,2326.44,Home,41,High,48
102233,33,Female,90887.0,362,17,207.22,3371.81,Fashion,26,Medium,15
102234,27,Male,86110.0,203,7,258.05,1924.34,Electronics,33,Medium,3
102235,46,Female,64825.0,4,11,99.07,1063.07,Groceries,27,Medium,94
102236,27,Male,46821.0,129,10,128.92,1033.44,Sports,28,Low,57
102237,29,Female,36683.0,26,10,107.75,1070.76,Home,30,Medium,56
102238,47,Male,67551.0,289,6,99.2,660.37,Fashion,33,Low,105
102239,58,Male,89290.0,27,15,162.88,2878.39,Electronics,39,Low,62
102240,18,Female,57057.0,42,9,173.09,1366.48,Groceries,43,High,18
102241,22,Male,42818.0,71,7,41.51,281.57,Fashion,33,Medium,105
102242,37,Female,76498.0,64,11,208.52,2612.51,Fashion,26,Medium,72
102243,25,Female,63490.0,25,8,137.6,899.51,Home,36,Medium,83
102244,60,Male,70318.0,72,14,269.07,3540.8,Home,38,Low,56
102245,29,Male,49494.0,361,12,267.95,3332.54,Electronics,46,High,48
102246,18,Male,52603.0,268,11,221.63,2284.36,Electronics,29,Medium,91
102247,37,Male,49400.0,314,12,259.06,3095.52,Fashion,39,Low,5
102248,45,Male,69983.0,95,7,278.3,2290.27,Groceries,38,Low,109
102249,60,Female,53212.0,357,14,181.65,2058.82,Fashion,31,Medium,90
102250,54,Male,71848.0,364,10,292.13,2428.08,Beauty,36,Low,14
102251,64,Female,47573.0,315,15,287.51,3789.89,Groceries,34,Low,41
102252,54,Male,69950.0,117,10,50.77,484.33,Home,36,Low,60
102253,29,Male,74076.0,164,16,166.37,2630.82,Groceries,32,Medium,50
102254,54,Male,66631.0,278,14,52.05,593.65,Groceries,33,Medium,63
102255,66,Female,78341.0,65,11,211.56,2683.28,Home,34,Medium,65
102256,66,Male,50371.0,306,8,234.28,2068.1,Sports,34,Low,32
102257,61,Female,73853.0,260,9,267.71,2185.81,Beauty,35,Medium,91
102258,45,Female,64667.0,228,10,202.0,1823.47,Fashion,46,Medium,18
102259,64,Female,43805.0,200,6,147.12,715.21,Electronics,33,Low,18
102260,32,Male,21859.0,220,11,63.66,672.01,Groceries,30,Medium,118
102261,23,Female,26137.0,180,8,55.03,397.0,Electronics,37,Low,41
102262,61,Male,15833.0,358,9,155.99,1470.41,Beauty,38,Medium,107
102263,37,Female,68523.0,228,8,253.11,2063.66,Electronics,45,Low,75
102264,67,Male,53505.0,252,6,230.2,1633.76,Fashion,35,Medium,70
102265,31,Female,61744.0,299,11,266.62,3279.18,Sports,38,High,51
102266,19,Male,56392.0,361,14,247.08,2879.18,Sports,25,Low,93
102267,26,Male,71633.0,4,19,77.53,1593.44,Beauty,37,Medium,36
102268,54,Male,72218.0,141,14,76.09,897.85,Beauty,34,Medium,5
102269,37,Female,60858.0,166,12,148.24,1653.0,Sports,34,Low,111
102270,43,Female,62068.0,254,6,73.52,450.83,Sports,35,High,34
102271,46,Male,62867.0,153,16,72.49,1157.85,Home,40,Medium,15
102272,18,Female,87836.0,67,10,94.98,1023.25,Electronics,36,Medium,9
102273,52,Female,19908.0,55,18,26.32,532.51,Electronics,35,Low,97
102274,23,Female,46590.0,96,9,179.98,1833.24,Beauty,39,High,81
102275,54,Female,77305.0,167,7,131.05,755.28,Beauty,36,High,101
102276,22,Female,82158.0,321,10,86.47,913.7,Beauty,40,Medium,11
102277,50,Female,68544.0,331,11,57.58,750.27,Home,31,Medium,116
102278,66,Female,56317.0,342,10,147.64,1627.01,Fashion,35,Low,42
102279,68,Male,97231.0,62,7,188.55,1330.36,Groceries,31,Low,102
102280,31,Male,63556.0,174,15,292.52,5262.8,Sports,41,Medium,63
102281,29,Female,60616.0,253,9,91.07,670.12,Sports,32,Medium,41
102282,59,Male,86636.0,112,7,27.37,160.03,Home,33,Medium,61
102283,37,Male,69511.0,215,8,226.08,2002.63,Sports,37,Medium,30
102284,67,Male,78797.0,239,8,85.85,700.47,Home,36,High,113
102285,41,Female,81139.0,227,6,155.59,793.29,Groceries,42,Low,13
102286,60,Female,52551.0,230,9,246.3,2106.14,Electronics,42,Medium,75
102287,51,Female,95355.0,233,13,30.35,325.79,Sports,33,Low,113
102288,42,Female,15000.0,163,11,59.63,662.86,Fashion,35,Medium,7
102289,67,Female,20407.0,126,13,47.49,519.6,Home,38,Low,115
102290,46,Male,46396.0,253,7,85.44,480.11,Beauty,30,Low,58
102291,56,Female,51533.0,333,6,68.45,381.53,Groceries,36,Low,42
102292,48,Male,67252.0,199,7,108.65,679.59,Fashion,35,Medium,64
102293,64,Female,46211.0,197,10,228.97,2163.4,Electronics,40,Medium,115
102294,60,Male,59762.0,122,11,31.86,329.5,Fashion,46,Low,45
102295,67,Female,55897.0,264,11,40.65,470.4,Home,43,High,85
102296,40,Female,100089.0,54,11,178.01,2099.11,Sports,38,Medium,71
102297,61,Female,43900.0,135,8,165.67,1127.81,Electronics,39,Low,22
102298,55,Female,26339.0,339,9,152.74,1368.43,Home,35,Low,113
102299,37,Female,82380.0,359,10,164.45,1900.48,Groceries,28,Medium,96
102300,40,Female,45721.0,151,18,227.77,3523.27,Fashion,41,High,4
102301,62,Male,58167.0,100,8,181.31,1721.36,Fashion,28,Medium,79
102302,69,Female,47076.0,234,8,147.95,956.04,Electronics,38,High,39
102303,33,Male,74744.0,32,9,42.89,324.2,Electronics,32,High,110
102304,67,Female,32515.0,62,8,292.94,2041.28,Groceries,44,Low,85
102305,59,Male,15000.0,196,7,87.01,601.71,Groceries,29,Medium,101
102306,25,Male,85914.0,30,9,263.36,2179.82,Electronics,29,Medium,41
102307,67,Male,64949.0,243,11,126.11,1341.8,Home,38,Low,41
102308,38,Male,81453.0,106,14,211.5,3483.1,Home,34,Medium,102
102309,18,Male,85244.0,295,11,147.16,1516.05,Electronics,30,Medium,41
102310,25,Male,41671.0,133,13,119.17,1764.93,Fashion,36,Low,28
102311,46,Female,61213.0,22,15,192.01,2388.0,Beauty,31,Low,119
102312,49,Male,70108.0,156,5,170.11,956.68,Sports,33,Low,43
102313,55,Female,57834.0,214,11,85.08,1086.2,Groceries,43,Medium,64
102314,22,Female,53757.0,226,12,114.15,1252.0,Home,31,Low,6
102315,64,Male,55727.0,285,12,29.63,362.26,Sports,29,Medium,66
102316,39,Male,81671.0,171,13,74.2,843.89,Fashion,51,Medium,115
102317,64,Female,54820.0,42,10,114.03,953.68,Groceries,24,Medium,31
102318,51,Male,72005.0,60,10,292.19,3237.93,Home,40,Medium,91
102319,18,Male,66938.0,77,13,167.58,2291.68,Home,45,Medium,9
102320,43,Male,40716.0,202,8,216.22,1904.29,Fashion,35,Medium,1
102321,60,Male,66039.0,220,12,208.61,2442.93,Fashion,39,Medium,15
102322,27,Male,29227.0,187,11,294.65,2916.52,Home,42,Medium,23
102323,47,Male,68029.0,96,12,175.59,2045.43,Home,28,Low,17
102324,67,Male,77822.0,342,11,183.94,1671.11,Sports,33,Medium,58
102325,35,Female,82428.0,212,7,104.02,665.09,Fashion,37,Low,71
102326,34,Male,40946.0,340,13,195.31,2333.39,Beauty,29,High,104
102327,43,Female,49277.0,262,5,232.16,1260.41,Fashion,32,Medium,67
102328,25,Female,65681.0,329,9,48.91,361.51,Sports,39,Medium,98
102329,64,Female,50482.0,77,10,154.43,1386.95,Fashion,37,Low,53
102330,57,Female,21422.0,31,12,138.13,1509.45,Electronics,43,Medium,83
102331,66,Male,49166.0,39,17,51.8,898.69,Groceries,52,Medium,30
102332,29,Female,65604.0,306,14,115.56,1452.62,Electronics,34,Low,10
102333,44,Female,81351.0,334,17,169.85,2462.91,Beauty,32,Medium,55
102334,25,Female,93784.0,214,12,201.96,2188.9,Fashion,50,Medium,42
102335,42,Female,62499.0,126,9,100.89,879.64,Sports,35,High,114
102336,63,Female,71330.0,165,15,153.36,2323.84,Home,40,Medium,103
102337,21,Male,79216.0,246,11,225.54,2021.04,Fashion,40,Medium,48
102338,50,Male,18989.0,109,15,138.23,1915.71,Home,37,Low,111
102339,18,Female,39616.0,88,6,283.42,1880.21,Groceries,35,High,82
102340,36,Male,62051.0,200,6,28.6,178.3,Electronics,31,Low,23
102341,48,Male,91119.0,271,10,92.86,912.27,Groceries,34,Low,87
102342,33,Female,72595.0,51,11,57.35,618.98,Home,39,Medium,4
102343,31,Female,66594.0,198,13,171.56,2113.32,Groceries,28,Medium,106
102344,65,Female,55438.0,23,15,69.66,978.88,Home,37,Low,99
102345,22,Male,68536.0,153,13,227.72,2842.7,Electronics,42,Low,73
102346,58,Female,48071.0,223,9,277.14,2862.62,Home,33,Medium,75
102347,43,Male,44403.0,221,16,78.02,1232.76,Electronics,32,Low,65
102348,45,Male,46141.0,151,8,273.89,2339.48,Fashion,36,Medium,116
102349,19,Male,86810.0,266,10,196.89,2211.35,Home,29,Low,10
102350,67,Female,43195.0,73,9,74.93,656.02,Groceries,37,Medium,111
102351,23,Male,52024.0,77,11,226.23,2826.14,Sports,43,Medium,95
102352,26,Female,69420.0,32,10,45.44,543.95,Groceries,32,Medium,14
102353,50,Female,42396.0,65,11,213.8,2355.71,Beauty,33,Medium,92
102354,58,Female,64523.0,357,12,261.15,3011.89,Sports,29,Low,111
102355,42,Female,64516.0,18,9,286.11,2889.96,Groceries,26,Low,36
102356,65,Female,47511.0,164,12,35.27,448.49,Home,38,Medium,88
102357,30,Male,54824.0,287,13,37.34,507.4,Fashion,37,Medium,28
102358,26,Male,41128.0,54,9,280.51,2914.51,Beauty,42,High,59
102359,30,Male,87655.0,63,12,241.09,3066.03,Home,29,Medium,4
102360,48,Male,65152.0,257,12,236.79,3002.4,Electronics,24,Medium,78
102361,58,Male,39027.0,239,6,227.93,1207.25,Fashion,39,Low,69
102362,28,Female,62526.0,9,13,220.85,3087.21,Beauty,37,High,116
102363,21,Female,63432.0,120,9,191.7,2010.32,Home,46,Low,96
102364,51,Male,15135.0,348,10,247.57,2551.3,Fashion,35,Medium,17
102365,55,Male,86809.0,90,21,29.57,721.16,Electronics,34,High,98
102366,63,Male,40208.0,312,16,227.28,3403.12,Beauty,38,Medium,37
102367,21,Female,101804.0,175,10,183.22,1496.97,Sports,31,High,62
102368,55,Female,75906.0,3,14,274.09,3753.04,Beauty,36,Medium,90
102369,36,Female,37463.0,130,11,282.18,2488.1,Fashion,37,High,114
102370,23,Male,53715.0,54,10,87.57,754.79,Fashion,39,Medium,31
102371,51,Male,78452.0,293,9,241.05,1900.95,Electronics,33,Medium,92
102372,35,Male,55245.0,184,11,287.96,3210.43,Beauty,41,Low,28
102373,30,Male,83565.0,353,8,94.66,893.57,Home,28,Low,93
102374,58,Female,52479.0,224,13,258.3,2712.94,Sports,34,Low,53
102375,40,Male,58427.0,12,8,184.23,1318.61,Fashion,33,Medium,36
102376,36,Male,79003.0,195,10,130.6,1551.24,Fashion,32,Medium,26
102377,62,Male,72068.0,247,11,250.61,3177.55,Fashion,30,Medium,86
102378,28,Female,41495.0,154,14,263.68,4185.96,Fashion,41,Low,99
102379,18,Female,68681.0,78,13,99.14,1078.38,Beauty,37,High,28
102380,41,Male,63349.0,140,13,242.45,3333.52,Electronics,34,Medium,61
102381,24,Female,41765.0,90,14,33.91,418.37,Fashion,41,Low,108
102382,42,Female,32190.0,144,10,136.95,1452.23,Sports,36,Low,22
102383,38,Female,21372.0,72,14,39.54,537.51,Electronics,30,Medium,50
102384,32,Female,54112.0,177,13,102.27,1401.66,Beauty,37,High,35
102385,18,Female,58920.0,348,12,286.1,3335.51,Fashion,29,Medium,82
102386,29,Male,70092.0,263,7,225.73,1837.8,Beauty,33,Low,117
102387,24,Male,76410.0,271,11,231.57,2063.6,Sports,28,High,69
102388,32,Male,51723.0,105,10,57.66,505.46,Groceries,38,High,93
102389,38,Female,58339.0,72,9,182.03,1856.49,Groceries,42,Medium,11
102390,36,Female,44826.0,74,13,128.87,1833.96,Sports,34,High,88
102391,46,Female,61745.0,143,9,225.57,1775.38,Fashion,31,High,38
102392,42,Female,79370.0,62,8,63.98,434.33,Fashion,36,Medium,119
102393,50,Male,62023.0,146,9,98.94,823.23,Electronics,29,Medium,59
102394,66,Male,83267.0,46,9,271.6,2426.67,Fashion,32,High,45
102395,49,Male,79036.0,229,11,67.54,608.3,Electronics,36,Medium,44
102396,66,Male,89154.0,105,14,197.08,3140.53,Fashion,27,Medium,25
102397,52,Male,62585.0,109,14,108.24,1528.06,Beauty,38,Low,16
102398,61,Male,49351.0,317,15,42.93,752.0,Home,37,Medium,20
102399,55,Female,72425.0,121,6,82.63,461.22,Home,34,High,54
102400,43,Female,52542.0,43,14,263.43,3022.45,Sports,39,Medium,13
102401,28,Male,71797.0,99,13,274.95,4105.3,Beauty,29,Medium,119
102402,52,Female,46744.0,194,14,137.55,1655.81,Home,25,Medium,35
102403,25,Male,43432.0,311,10,193.85,1811.06,Groceries,41,High,12
102404,63,Male,84329.0,214,12,165.74,1960.51,Groceries,35,Medium,63
102405,31,Female,39749.0,229,10,98.31,979.93,Electronics,36,High,4
102406,27,Male,80445.0,185,9,116.54,848.94,Groceries,35,Low,36
102407,19,Male,71721.0,112,9,167.51,1523.72,Fashion,42,Medium,94
102408,63,Male,61886.0,347,11,214.7,1962.13,Electronics,31,Medium,93
102409,26,Female,22147.0,272,7,117.96,768.53,Beauty,31,Low,82
102410,20,Female,89713.0,313,7,215.7,1797.07,Home,32,Medium,105
102411,38,Female,41303.0,102,13,289.07,3427.77,Home,33,Low,93
102412,43,Female,79063.0,210,10,26.88,302.44,Groceries,41,Medium,9
102413,25,Male,46181.0,227,12,65.87,793.7,Groceries,38,High,74
102414,65,Female,44577.0,281,9,276.56,2192.76,Fashion,35,Medium,10
102415,19,Female,73372.0,22,15,40.04,653.92,Home,39,High,53
102416,23,Female,70769.0,248,16,234.21,3830.01,Groceries,31,Low,8
102417,45,Male,37098.0,159,13,194.71,2564.68,Home,30,Low,59
102418,46,Female,88735.0,229,13,33.36,352.13,Home,37,Low,113
102419,43,Female,55879.0,343,12,20.2,226.29,Groceries,31,Low,19
102420,42,Male,61379.0,187,15,160.56,2634.51,Home,36,High,44
102421,29,Male,54058.0,143,10,52.86,591.2,Groceries,34,Low,44
102422,22,Male,37945.0,338,13,264.22,3867.39,Sports,29,Low,34
102423,51,Male,74704.0,358,10,154.62,1260.09,Groceries,40,Low,53
102424,65,Female,65791.0,24,12,85.64,889.03,Home,40,Medium,3
102425,54,Male,43898.0,141,13,67.1,1041.73,Sports,34,Medium,87
102426,32,Female,78883.0,240,11,254.02,2409.12,Home,33,Medium,111
102427,61,Female,61097.0,292,12,221.25,2350.22,Home,39,Medium,2
102428,53,Female,61528.0,305,18,221.03,4460.14,Sports,37,Low,60
102429,32,Female,95530.0,82,14,43.89,588.27,Beauty,33,Medium,46
102430,60,Female,27840.0,48,10,194.86,1649.54,Fashion,29,Medium,15
102431,65,Male,27576.0,353,13,263.46,2911.36,Sports,30,High,99
102432,40,Female,32080.0,358,15,234.45,2931.25,Beauty,35,Medium,112
102433,23,Female,67273.0,171,10,53.08,463.0,Beauty,38,Medium,7
102434,63,Female,52819.0,262,14,285.8,3996.37,Home,39,Medium,61
102435,67,Male,54409.0,68,9,39.53,286.76,Home,41,Low,35
102436,61,Female,41152.0,14,14,175.93,2085.81,Fashion,37,Low,35
102437,60,Female,93305.0,30,6,284.6,1985.68,Sports,41,Low,69
102438,62,Male,100020.0,110,9,250.23,2591.31,Groceries,29,Low,49
102439,38,Female,77978.0,212,7,210.63,1670.85,Home,39,High,83
102440,40,Female,29854.0,264,10,259.78,2812.15,Sports,28,Medium,95
102441,60,Male,50262.0,322,13,208.52,2885.9,Electronics,44,High,2
102442,33,Female,76549.0,202,14,35.39,450.97,Home,33,Low,34
102443,64,Female,59083.0,84,7,118.24,773.05,Groceries,32,Medium,108
102444,32,Female,78044.0,53,11,139.59,1373.22,Home,36,High,110
102445,42,Female,84956.0,355,16,172.99,3299.61,Beauty,28,Low,13
102446,53,Female,98144.0,256,14,84.3,1243.6,Sports,36,Low,64
102447,28,Male,46903.0,74,12,266.73,3797.08,Fashion,36,High,35
102448,68,Male,61626.0,220,8,84.04,610.95,Electronics,43,Medium,98
102449,32,Male,51185.0,143,9,204.13,1926.24,Groceries,36,Low,78
102450,21,Female,19984.0,100,13,265.45,3808.29,Home,39,Low,35
102451,38,Female,74032.0,129,9,225.19,1698.17,Groceries,28,High,101
102452,30,Female,71269.0,219,12,58.08,743.51,Fashion,29,Low,26
102453,39,Male,49063.0,271,11,286.39,2733.28,Electronics,34,High,44
102454,36,Female,28039.0,22,8,45.74,340.76,Groceries,33,Medium,106
102455,51,Female,52318.0,178,10,76.02,825.93,Sports,40,Medium,7
102456,31,Female,74623.0,48,10,58.99,575.76,Sports,36,Medium,100
102457,21,Male,86747.0,117,7,206.74,1690.98,Groceries,33,Low,39
102458,65,Male,45748.0,329,15,246.07,3308.96,Electronics,23,Medium,85
102459,69,Female,82154.0,179,7,86.64,522.49,Home,38,Medium,79
102460,63,Female,72449.0,273,14,294.19,3850.41,Sports,33,Low,13
102461,44,Female,68265.0,362,11,58.99,740.23,Home,36,Low,84
102462,46,Male,34129.0,339,14,108.44,1729.14,Home,33,High,115
102463,64,Male,34998.0,360,5,157.29,745.34,Groceries,37,Medium,98
102464,45,Male,43384.0,347,10,246.48,2770.28,Sports,33,Medium,90
102465,52,Female,53472.0,179,16,125.43,1667.95,Groceries,42,Low,4
102466,25,Male,96015.0,49,12,70.37,678.12,Fashion,40,Medium,98
102467,33,Female,46755.0,315,10,150.18,1720.95,Home,34,Medium,84
102468,59,Female,75425.0,255,4,153.42,705.5,Electronics,33,Low,19
102469,53,Male,50705.0,30,14,24.54,294.55,Beauty,28,Low,101
102470,47,Female,69454.0,85,11,25.85,261.34,Home,32,Medium,31
102471,35,Male,58740.0,277,6,97.74,668.68,Electronics,42,High,83
102472,19,Female,63540.0,34,8,227.54,1517.25,Groceries,36,Medium,119
102473,66,Female,67392.0,329,13,122.48,1823.49,Sports,33,High,43
102474,30,Male,55011.0,98,13,79.14,1059.55,Home,37,Low,64
102475,21,Female,67489.0,76,4,51.63,219.51,Fashion,31,Low,2
102476,43,Female,84678.0,175,15,98.55,1534.32,Home,44,Low,90
102477,42,Female,44918.0,341,9,154.8,1439.19,Electronics,32,Medium,22
102478,47,Female,83717.0,249,12,46.15,484.03,Electronics,37,Medium,81
102479,28,Female,54696.0,340,10,24.18,216.27,Electronics,25,Low,88
102480,24,Female,52580.0,134,15,55.65,861.48,Sports,31,Medium,76
102481,48,Female,73991.0,178,15,226.63,3265.38,Fashion,41,High,22
102482,61,Female,53177.0,228,8,150.57,1224.45,Fashion,35,Medium,104
102483,27,Male,66383.0,63,13,144.65,1694.94,Electronics,37,Medium,84
102484,56,Male,64515.0,268,14,25.53,352.25,Fashion,37,Medium,67
102485,30,Female,18330.0,258,18,219.06,3380.65,Fashion,34,Medium,15
102486,48,Female,68352.0,144,8,76.53,499.19,Groceries,31,High,43
102487,24,Male,31178.0,303,14,45.44,750.95,Beauty,37,Medium,14
102488,66,Female,32702.0,52,6,255.77,1671.54,Fashion,36,Medium,112
102489,59,Male,67329.0,303,9,155.97,1402.64,Beauty,26,Medium,74
102490,59,Male,70732.0,99,7,229.7,1640.71,Electronics,54,High,20
102491,53,Male,84101.0,306,12,250.13,3014.98,Sports,35,Low,23
102492,37,Female,38213.0,45,14,290.09,4709.13,Beauty,33,Medium,54
102493,21,Female,45174.0,42,9,194.64,1943.5,Groceries,29,Low,73
102494,24,Female,69287.0,327,5,39.12,181.92,Fashion,40,Low,103
102495,18,Male,84486.0,57,10,176.15,1562.93,Groceries,35,Medium,62
102496,61,Male,63843.0,33,9,162.67,1210.18,Home,31,High,115
102497,62,Male,42440.0,114,10,36.12,310.31,Groceries,35,High,62
102498,59,Female,90128.0,300,9,105.76,948.06,Beauty,45,Low,64
102499,64,Male,54753.0,114,14,135.41,1670.2,Groceries,34,Low,74
102500,30,Male,55376.0,56,13,65.07,782.43,Groceries,29,Medium,53
102501,39,Female,31283.0,44,12,22.45,229.89,Fashion,41,Medium,104
102502,38,Male,74482.0,212,9,231.95,2440.61,Groceries,25,Medium,61
102503,39,Male,77052.0,352,14,258.46,2943.56,Beauty,34,Medium,53
102504,45,Female,45883.0,329,13,84.15,1029.11,Sports,37,Medium,117
102505,26,Female,95024.0,34,9,21.06,171.2,Fashion,36,Medium,3
102506,43,Male,48257.0,270,10,269.18,2162.38,Electronics,32,Low,12
102507,26,Female,72505.0,196,15,57.51,1010.54,Home,41,Low,20
102508,32,Male,64473.0,125,11,132.9,1352.91,Electronics,31,Low,25
102509,27,Female,19489.0,79,8,122.47,980.65,Fashion,35,Low,89
102510,41,Male,70878.0,255,9,65.99,613.53,Electronics,29,High,28
102511,59,Female,69082.0,145,10,187.67,1959.63,Home,37,Low,16
102512,25,Male,24672.0,83,6,277.19,1636.7,Beauty,34,Low,51
102513,41,Female,90507.0,230,9,163.84,1529.9,Beauty,29,High,117
102514,33,Female,69164.0,137,11,292.42,3540.55,Groceries,35,High,40
102515,66,Female,84788.0,27,10,73.42,866.97,Electronics,30,Low,21
102516,43,Female,25678.0,177,11,257.58,3011.36,Beauty,40,Medium,71
102517,44,Female,51791.0,207,6,91.93,543.25,Fashion,28,Low,76
102518,54,Female,83612.0,306,9,90.15,793.37,Sports,47,Medium,112
102519,21,Female,28634.0,311,10,52.95,573.95,Home,36,Medium,106
102520,67,Male,52378.0,213,10,261.82,2751.24,Electronics,36,Medium,99
102521,41,Male,68130.0,354,11,223.02,2375.1,Sports,30,High,82
102522,36,Female,22108.0,37,8,115.66,864.54,Home,34,Low,82
102523,53,Female,33572.0,293,12,117.84,1693.02,Electronics,25,Medium,11
102524,56,Male,87642.0,179,9,256.54,2555.26,Fashion,30,Medium,32
102525,27,Male,61196.0,160,13,279.72,3209.85,Sports,34,Medium,97
102526,42,Female,83534.0,12,7,188.68,1210.96,Beauty,37,Low,47
102527,35,Male,63642.0,169,18,133.92,2790.16,Sports,34,Medium,45
102528,36,Male,109118.0,312,10,34.88,371.24,Electronics,31,Medium,97
102529,53,Female,68775.0,80,11,55.44,563.68,Electronics,25,Medium,79
102530,27,Female,85396.0,14,10,59.7,564.57,Fashion,35,Medium,18
102531,50,Female,55078.0,54,12,97.5,1113.33,Fashion,30,High,86
102532,67,Male,64215.0,254,19,91.97,1528.16,Groceries,44,Low,6
102533,22,Female,72837.0,65,10,172.01,1727.78,Electronics,40,Medium,59
102534,64,Female,76156.0,58,12,284.35,3774.67,Fashion,31,Medium,86
102535,66,Male,59220.0,96,10,261.27,2679.65,Electronics,29,Medium,6
102536,52,Female,60055.0,21,11,162.57,1899.82,Fashion,31,High,15
102537,61,Male,70038.0,260,15,24.84,386.82,Home,25,Medium,102
102538,51,Male,70025.0,73,9,39.15,290.18,Fashion,31,High,94
102539,50,Male,39499.0,248,10,260.9,2283.46,Fashion,49,Low,61
102540,38,Male,64499.0,127,5,99.42,467.34,Home,43,Medium,118
102541,34,Male,66415.0,46,12,109.07,1512.62,Home,37,Medium,30
102542,39,Male,40474.0,268,12,59.14,666.73,Beauty,40,Medium,46
102543,65,Female,78119.0,128,17,82.47,1305.04,Groceries,39,Low,117
102544,54,Female,68255.0,30,10,89.21,742.44,Fashion,31,Medium,110
102545,32,Female,106613.0,94,9,135.39,1448.6,Home,30,Medium,96
102546,52,Male,59480.0,224,11,194.48,2377.64,Groceries,39,High,84
102547,45,Female,82722.0,316,11,118.88,1446.78,Groceries,27,Medium,17
102548,24,Male,70783.0,100,6,145.96,835.02,Electronics,29,Medium,93
102549,49,Female,98429.0,71,11,70.93,648.64,Home,40,Medium,75
102550,28,Male,40600.0,81,16,35.79,518.47,Sports,34,Medium,114
102551,27,Female,50094.0,300,18,117.51,2413.76,Home,41,Low,107
102552,26,Male,41286.0,108,12,37.5,392.45,Home,24,Low,84
102553,31,Female,58442.0,102,12,103.92,1443.7,Groceries,36,High,105
102554,30,Male,37506.0,91,17,254.53,4388.89,Beauty,32,Medium,84
102555,42,Female,29478.0,16,10,122.74,1332.73,Home,42,High,8
102556,19,Male,17332.0,110,8,74.11,581.89,Home,35,Medium,50
102557,52,Female,16051.0,263,6,272.58,1918.29,Beauty,34,High,17
102558,24,Female,73128.0,160,6,199.02,1069.77,Groceries,36,Medium,57
102559,38,Female,50891.0,253,11,296.71,3358.37,Groceries,44,Medium,58
102560,35,Male,35325.0,89,10,104.07,861.33,Electronics,33,High,76
102561,20,Male,46818.0,95,17,76.1,1283.57,Electronics,37,Low,96
102562,59,Male,49442.0,272,8,103.42,983.8,Home,38,Low,86
102563,56,Male,40708.0,247,9,247.5,1860.53,Home,32,Medium,27
102564,58,Male,92111.0,361,11,62.43,688.58,Beauty,45,Low,58
102565,66,Female,88337.0,206,8,87.5,728.65,Fashion,44,Medium,101
102566,28,Male,91770.0,345,12,216.46,3046.11,Sports,34,High,51
102567,56,Female,63584.0,318,7,226.64,1457.92,Fashion,27,Low,47
102568,41,Female,65609.0,286,9,288.48,2599.37,Fashion,40,Medium,57
102569,63,Male,46948.0,248,7,294.44,2462.74,Home,29,Medium,50
102570,36,Female,43059.0,67,10,205.79,2279.35,Groceries,36,Low,90
102571,21,Male,60435.0,46,12,121.58,1640.11,Groceries,40,Low,31
102572,43,Male,73047.0,43,12,146.84,1959.79,Sports,38,Medium,29
102573,55,Male,83915.0,229,8,142.99,1150.89,Groceries,39,High,95
102574,59,Female,49080.0,301,9,128.47,1125.87,Home,32,Medium,24
102575,49,Male,34945.0,234,8,114.71,827.68,Beauty,24,Low,63
102576,56,Male,74680.0,199,14,67.01,925.37,Groceries,33,Medium,68
102577,62,Male,23637.0,336,11,122.52,1089.23,Beauty,33,Medium,110
102578,63,Female,59216.0,32,10,291.38,2444.22,Electronics,32,Medium,78
102579,53,Male,61786.0,264,11,267.0,2687.07,Sports,40,Low,77
102580,57,Female,52424.0,113,7,192.85,1260.11,Groceries,41,Low,23
102581,54,Female,29095.0,318,13,73.99,1041.71,Groceries,31,High,8
102582,50,Male,52688.0,276,18,266.03,4159.52,Electronics,24,Low,13
102583,53,Female,92851.0,146,7,107.32,840.12,Fashion,34,High,1
102584,20,Female,71834.0,357,12,172.8,2323.1,Home,36,Low,63
102585,26,Male,83234.0,6,13,275.3,3703.5,Groceries,27,Low,27
102586,25,Male,35656.0,340,7,113.71,793.26,Beauty,32,Medium,81
102587,50,Male,65114.0,108,8,275.74,2177.15,Electronics,32,Low,41
102588,23,Female,61767.0,260,8,85.84,664.89,Electronics,38,High,9
102589,58,Male,62154.0,71,8,280.04,1871.63,Fashion,36,Low,27
102590,56,Female,71117.0,340,8,120.43,1023.34,Beauty,25,Medium,90
102591,21,Female,62946.0,162,10,124.89,1287.51,Beauty,30,Medium,113
102592,30,Female,36211.0,100,11,174.84,1550.72,Groceries,34,Low,21
102593,66,Female,72265.0,327,17,117.17,1755.01,Fashion,33,Medium,107
102594,19,Female,76818.0,33,13,146.0,1849.66,Sports,43,Medium,46
102595,22,Male,86390.0,143,14,160.37,2605.58,Electronics,32,High,48
102596,61,Male,87273.0,244,7,157.49,1318.63,Home,41,Medium,68
102597,44,Female,69529.0,224,11,289.11,3499.92,Electronics,33,High,14
102598,49,Female,37143.0,214,15,98.9,1631.46,Fashion,30,Medium,42
102599,38,Male,29412.0,120,13,99.68,1251.92,Home,38,Medium,109
102600,25,Male,55458.0,168,12,254.62,3142.15,Home,35,Low,59
102601,55,Female,78389.0,349,13,129.76,1506.6,Electronics,30,Low,75
102602,25,Female,77101.0,217,11,40.5,487.94,Home,41,Medium,62
102603,67,Male,65480.0,355,9,154.75,1147.51,Groceries,37,High,4
102604,20,Male,59269.0,322,14,174.06,2356.18,Electronics,33,Medium,59
102605,61,Female,98075.0,217,10,192.95,2185.24,Fashion,39,Medium,34
102606,20,Male,71481.0,54,9,85.83,920.74,Sports,32,Medium,5
102607,39,Male,58255.0,208,13,292.51,4101.61,Fashion,31,Medium,32
102608,23,Female,47091.0,80,16,226.37,3183.33,Groceries,39,Medium,80
102609,19,Female,39828.0,151,12,221.64,2735.29,Sports,33,Medium,92
102610,40,Female,37859.0,55,14,264.4,3791.2,Sports,40,Low,66
102611,61,Male,39830.0,5,7,27.32,226.87,Beauty,35,Low,35
102612,19,Female,65619.0,35,10,191.68,2177.63,Fashion,37,Low,8
102613,55,Male,59639.0,349,18,248.99,3673.32,Electronics,28,Medium,57
102614,34,Female,53482.0,119,13,29.62,341.95,Electronics,29,High,25
102615,52,Female,74730.0,197,6,231.72,1580.47,Sports,35,Medium,23
102616,51,Male,96183.0,54,6,297.12,2119.63,Fashion,29,Medium,36
102617,40,Male,43533.0,259,8,186.15,1366.89,Fashion,31,Low,25
102618,47,Female,46514.0,262,14,138.91,2093.11,Electronics,31,Low,17
102619,69,Female,15659.0,343,16,147.01,2171.33,Beauty,31,Medium,63
102620,25,Male,59473.0,312,13,210.25,2231.53,Groceries,41,Low,114
102621,39,Female,57448.0,2,8,179.59,1626.07,Electronics,32,High,64
102622,61,Male,77856.0,82,10,240.52,2634.99,Electronics,42,Medium,90
102623,53,Male,58264.0,350,14,138.06,1587.48,Groceries,30,High,110
102624,22,Female,48238.0,5,11,136.85,1291.87,Electronics,36,Medium,37
102625,30,Male,63854.0,174,10,228.87,2746.01,Sports,27,Low,85
102626,46,Male,71141.0,139,11,200.75,2341.42,Sports,41,Medium,5
102627,48,Male,27645.0,193,11,237.87,2931.01,Sports,39,Low,24
102628,64,Female,80138.0,138,8,268.41,2051.62,Beauty,41,Medium,74
102629,33,Male,86126.0,297,7,93.75,661.04,Sports,47,Medium,66
102630,59,Female,70949.0,116,12,108.21,1360.79,Beauty,31,Medium,90
102631,47,Female,41309.0,44,8,167.55,1504.48,Sports,43,Low,73
102632,33,Female,53479.0,346,15,280.53,3936.8,Fashion,34,Medium,48
102633,29,Male,83657.0,289,11,253.71,2983.11,Fashion,31,Low,117
102634,34,Male,40436.0,219,12,151.16,2013.93,Groceries,32,High,30
102635,33,Female,72573.0,56,13,180.47,2632.46,Beauty,27,High,39
102636,29,Female,58985.0,242,10,219.45,2193.83,Home,24,Medium,117
102637,25,Male,63204.0,258,17,166.35,2797.82,Sports,36,High,100
102638,37,Female,43285.0,1,11,47.57,440.5,Home,36,Medium,63
102639,20,Female,66613.0,289,17,118.77,2017.25,Home,31,High,96
102640,33,Male,65182.0,103,6,33.33,216.13,Sports,35,High,57
102641,47,Female,29813.0,292,10,207.56,2424.79,Electronics,31,High,72
102642,62,Male,59911.0,149,11,114.39,1069.65,Groceries,32,Medium,61
102643,40,Male,72278.0,84,6,226.74,1615.6,Beauty,36,High,3
102644,45,Female,52294.0,26,16,140.32,2006.3,Home,46,Medium,4
102645,68,Male,15000.0,175,9,32.76,256.61,Electronics,29,Low,89
102646,57,Male,57704.0,223,11,126.29,1174.99,Electronics,33,Low,49
102647,22,Male,89329.0,129,13,81.23,1263.02,Sports,26,Medium,91
102648,37,Female,53111.0,142,9,80.0,737.57,Groceries,31,Low,16
102649,57,Female,88573.0,346,7,125.73,799.35,Sports,33,Low,23
102650,61,Female,43753.0,302,14,293.93,3814.68,Groceries,44,Medium,111
102651,18,Male,36781.0,298,8,288.82,2726.71,Sports,35,Medium,26
102652,47,Male,59898.0,135,14,244.97,3978.27,Groceries,40,High,79
102653,38,Female,43548.0,55,9,88.73,750.65,Fashion,34,Medium,115
102654,37,Female,66597.0,56,6,233.9,1158.41,Electronics,26,Medium,26
102655,23,Male,52549.0,76,12,24.3,330.5,Beauty,41,Medium,119
102656,39,Female,89478.0,319,7,35.78,291.98,Electronics,30,Medium,25
102657,35,Female,51167.0,339,11,254.01,3171.35,Electronics,34,Low,42
102658,25,Female,61795.0,355,24,177.99,4977.42,Groceries,41,Low,75
102659,56,Female,71927.0,132,9,124.53,1154.8,Electronics,34,High,77
102660,49,Female,79126.0,42,11,227.33,2840.37,Fashion,37,Low,44
102661,50,Male,89593.0,352,12,52.02,735.08,Fashion,35,Low,1
102662,33,Female,55303.0,110,10,100.27,1159.08,Home,33,High,36
102663,29,Female,52014.0,70,11,223.73,2546.85,Electronics,30,Medium,95
102664,55,Male,21722.0,284,10,78.01,857.03,Sports,33,Medium,115
102665,69,Male,100834.0,126,8,188.18,1638.7,Sports,27,High,22
102666,51,Male,67219.0,348,14,145.35,2281.5,Sports,38,Medium,100
102667,31,Male,75036.0,296,11,76.66,751.8,Beauty,25,Medium,5
102668,53,Female,71115.0,179,20,268.75,4304.68,Fashion,36,Medium,109
102669,50,Female,60991.0,298,12,141.95,1710.15,Home,36,Low,117
102670,40,Female,67007.0,197,11,187.68,2283.77,Beauty,31,Medium,19
102671,67,Female,48807.0,261,5,90.85,386.13,Home,45,Medium,112
102672,62,Male,53958.0,101,11,117.11,1305.1,Fashion,41,Low,95
102673,19,Male,40996.0,61,9,33.72,280.95,Home,35,High,87
102674,58,Female,91145.0,183,12,155.3,2115.74,Sports,23,Medium,61
102675,38,Female,71230.0,297,7,116.56,685.46,Sports,38,Low,86
102676,19,Female,99523.0,9,7,112.23,894.93,Fashion,33,Medium,57
102677,44,Female,105928.0,206,9,269.18,2529.96,Sports,28,High,95
102678,26,Male,31917.0,318,12,217.08,3042.01,Groceries,32,Medium,21
102679,18,Female,79705.0,54,13,148.04,2259.87,Sports,31,Medium,67
102680,28,Male,32841.0,180,12,74.7,1007.15,Electronics,42,Medium,53
102681,20,Male,63548.0,104,8,292.51,2368.26,Fashion,36,Medium,60
102682,69,Male,66295.0,126,15,40.93,526.17,Fashion,38,Medium,61
102683,40,Male,34257.0,34,11,58.11,569.01,Home,37,Medium,75
102684,43,Female,45250.0,165,11,95.69,1017.96,Home,41,High,12
102685,21,Female,67207.0,298,12,287.27,3763.04,Home,32,Low,42
102686,35,Female,63526.0,270,14,98.09,1397.9,Electronics,36,High,89
102687,23,Female,39633.0,289,11,157.6,1690.82,Sports,32,High,48
102688,52,Male,46039.0,118,13,233.13,3003.46,Fashion,27,Medium,85
102689,39,Male,30171.0,354,15,280.17,4608.49,Sports,25,Medium,71
102690,60,Male,35942.0,92,15,189.43,2312.21,Home,38,Low,95
102691,32,Female,52572.0,100,17,127.6,2119.42,Fashion,51,Medium,75
102692,39,Male,79749.0,87,5,295.94,1522.73,Home,34,High,65
102693,54,Male,82285.0,234,7,27.33,198.1,Beauty,30,Medium,78
102694,69,Male,96669.0,124,14,253.01,3710.3,Electronics,25,Low,47
102695,59,Male,68485.0,203,14,97.68,1123.25,Fashion,46,Low,23
102696,29,Female,63766.0,32,14,248.89,3565.23,Home,29,Low,100
102697,64,Male,69903.0,357,11,65.41,734.06,Home,37,Medium,43
102698,66,Male,69711.0,39,8,117.11,1069.86,Beauty,46,High,69
102699,59,Female,27670.0,94,12,35.67,472.57,Home,32,Medium,40
102700,55,Female,97777.0,10,12,75.89,739.92,Electronics,36,Low,56
102701,35,Female,21381.0,215,14,188.78,2702.03,Sports,36,High,69
102702,62,Male,82975.0,100,9,233.22,2259.3,Sports,26,Medium,66
102703,52,Male,61128.0,244,18,275.14,5111.28,Sports,42,Medium,38
102704,47,Male,38210.0,58,13,53.51,744.71,Electronics,25,Medium,70
102705,41,Male,70627.0,357,15,59.36,753.87,Beauty,32,Medium,81
102706,59,Female,57637.0,320,13,282.86,3190.68,Sports,28,High,5
102707,47,Male,46349.0,19,9,234.47,2180.07,Sports,33,High,78
102708,31,Male,32370.0,357,14,171.13,2683.98,Electronics,33,Low,100
102709,23,Female,30690.0,117,14,153.48,1741.31,Fashion,35,Low,60
102710,20,Female,47782.0,136,10,64.16,625.24,Home,24,Low,47
102711,33,Female,52260.0,327,8,126.2,1208.31,Home,30,Medium,110
102712,24,Male,35789.0,296,18,124.33,2475.83,Electronics,38,High,92
102713,69,Male,60770.0,13,9,201.54,1777.72,Sports,37,High,76
102714,31,Male,38637.0,101,12,187.69,1890.15,Beauty,35,Medium,97
102715,26,Male,67204.0,155,11,36.72,381.17,Groceries,41,Medium,40
102716,32,Male,84628.0,82,9,257.57,1997.7,Sports,44,Medium,24
102717,38,Female,65787.0,88,12,282.51,3960.72,Groceries,33,Low,18
102718,52,Female,58123.0,105,21,238.46,5379.52,Home,38,Low,75
102719,19,Male,49302.0,130,6,69.95,479.41,Beauty,29,Low,110
102720,44,Male,88922.0,272,13,68.21,1027.71,Electronics,36,Low,89
102721,19,Male,56130.0,14,12,223.31,2794.29,Beauty,33,High,115
102722,52,Male,109804.0,128,8,143.44,921.04,Sports,35,Low,83
102723,35,Male,36339.0,60,12,238.07,2920.92,Electronics,33,Medium,68
102724,31,Female,65798.0,227,10,41.13,461.07,Sports,38,High,62
102725,37,Female,88254.0,17,11,220.6,2246.54,Sports,34,Low,7
102726,35,Female,46197.0,45,13,138.75,2112.37,Beauty,37,Low,82
102727,27,Male,55278.0,38,9,28.68,309.42,Sports,40,Low,15
102728,42,Male,72523.0,124,6,172.64,1056.25,Groceries,41,Low,106
102729,19,Female,67758.0,360,10,215.73,2184.26,Electronics,34,High,112
102730,42,Female,71194.0,64,11,167.91,1961.66,Home,36,High,79
102731,50,Male,83205.0,253,14,54.41,781.95,Fashion,42,Medium,66
102732,53,Female,53065.0,262,12,248.45,2576.47,Groceries,29,Medium,105
102733,48,Female,88741.0,112,15,108.78,1482.31,Home,35,Medium,36
102734,31,Male,25600.0,102,13,278.01,3183.02,Electronics,32,Medium,59
102735,18,Female,81549.0,49,15,273.93,3405.7,Fashion,33,Medium,71
102736,63,Female,82944.0,277,13,76.1,846.99,Fashion,28,Medium,29
102737,33,Female,44511.0,227,14,153.38,2553.02,Electronics,27,High,25
102738,63,Male,30987.0,23,12,58.46,716.95,Groceries,43,Medium,55
102739,69,Female,55357.0,332,16,209.77,2854.08,Beauty,38,Medium,21
102740,20,Female,68076.0,185,9,258.54,2525.2,Beauty,35,Medium,49
102741,52,Female,53298.0,64,12,201.54,2396.02,Sports,31,Low,12
102742,58,Male,70039.0,157,11,92.93,909.65,Sports,39,Low,8
102743,23,Male,98755.0,283,9,41.37,438.39,Sports,36,Low,85
102744,42,Female,32706.0,149,9,39.39,315.45,Home,35,Low,41
102745,30,Male,20918.0,327,11,191.06,1763.37,Electronics,42,Medium,24
102746,51,Female,58614.0,363,10,286.93,2531.61,Groceries,31,High,36
102747,25,Male,46397.0,169,10,214.68,2500.53,Beauty,31,Low,2
102748,38,Male,50394.0,133,8,224.58,2053.77,Electronics,37,Medium,29
102749,51,Female,85338.0,314,11,112.2,1428.87,Beauty,32,Medium,13
102750,21,Female,57588.0,132,12,184.09,2576.83,Fashion,41,Medium,89
102751,42,Female,59420.0,197,12,108.65,1083.46,Home,30,Low,7
102752,32,Male,51264.0,135,8,272.47,2364.02,Groceries,34,Low,111
102753,21,Female,59224.0,35,8,57.1,486.86,Fashion,31,Medium,40
102754,62,Male,65370.0,220,6,196.97,1414.83,Sports,38,High,100
102755,29,Male,115692.0,185,10,224.64,2439.3,Beauty,31,High,59
102756,49,Female,65593.0,5,10,215.58,2407.62,Sports,36,Medium,58
102757,49,Male,83254.0,71,12,92.05,1199.59,Sports,23,Medium,100
102758,45,Female,63728.0,342,9,156.09,1472.57,Electronics,37,Low,11
102759,30,Male,19444.0,241,10,205.74,2101.04,Fashion,28,Medium,29
102760,48,Female,48659.0,351,15,280.66,5000.12,Groceries,26,Medium,17
102761,31,Male,65578.0,297,10,159.9,1878.08,Fashion,26,Medium,13
102762,37,Male,74468.0,331,11,104.14,1117.06,Groceries,34,Medium,9
102763,35,Female,64205.0,193,6,128.23,702.95,Home,35,Low,94
102764,46,Male,78407.0,168,8,171.57,1377.54,Home,39,High,42
102765,23,Female,30800.0,339,14,293.38,4511.67,Groceries,30,High,9
102766,49,Male,60976.0,236,11,195.93,2069.84,Fashion,32,Medium,21
102767,46,Male,86559.0,294,9,63.33,578.46,Groceries,29,Low,78
102768,60,Male,40569.0,298,16,256.08,3767.38,Groceries,43,Medium,27
102769,19,Female,82412.0,248,11,70.81,756.39,Sports,32,Low,55
102770,40,Female,81378.0,165,13,30.85,474.41,Groceries,33,Medium,35
102771,36,Female,35260.0,312,7,48.06,298.05,Sports,36,Medium,91
102772,48,Female,66758.0,71,12,240.11,3444.6,Beauty,35,Medium,40
102773,68,Female,63176.0,231,15,272.53,3622.81,Sports,46,Low,89
102774,22,Male,56473.0,55,13,95.1,1146.91,Groceries,37,High,12
102775,36,Male,29462.0,182,10,159.47,1331.36,Beauty,27,Medium,72
102776,51,Female,54739.0,22,9,187.22,1854.89,Electronics,41,High,29
102777,27,Male,56874.0,283,7,137.23,775.26,Fashion,31,Medium,5
102778,42,Male,26034.0,105,16,38.29,683.18,Groceries,39,Medium,60
102779,19,Male,33897.0,175,10,35.86,369.66,Home,38,Medium,102
102780,28,Male,41460.0,294,9,143.3,1418.03,Groceries,46,Medium,19
102781,67,Female,39034.0,39,8,243.4,2167.72,Groceries,39,High,35
102782,48,Male,66525.0,60,13,43.7,482.74,Home,35,Medium,46
102783,32,Female,78230.0,300,10,77.59,627.36,Sports,35,Low,46
102784,26,Female,53789.0,299,11,95.54,911.7,Sports,31,High,45
102785,40,Male,75326.0,212,11,176.56,1852.1,Electronics,26,Medium,39
102786,36,Female,79050.0,155,9,32.09,239.52,Groceries,22,Medium,41
102787,26,Male,58294.0,173,13,260.81,3331.86,Groceries,33,Medium,111
102788,52,Male,68161.0,23,9,151.8,1248.76,Fashion,30,Low,111
102789,38,Male,55533.0,240,10,155.87,1473.8,Beauty,38,High,89
102790,26,Female,37543.0,209,13,111.43,1703.75,Sports,40,Low,18
102791,45,Female,45065.0,122,12,79.36,1037.75,Groceries,39,Low,59
102792,63,Female,66523.0,253,14,121.83,1813.52,Fashion,41,High,87
102793,68,Male,57573.0,141,15,275.75,4390.32,Electronics,44,Medium,104
102794,24,Male,74743.0,340,12,46.38,568.89,Fashion,43,High,30
102795,33,Male,22260.0,362,13,37.0,483.5,Sports,37,Low,65
102796,33,Female,27069.0,320,10,52.05,600.06,Sports,41,High,90
102797,50,Male,29436.0,153,15,237.55,2957.5,Electronics,28,Low,84
102798,21,Male,63333.0,214,11,33.56,337.93,Beauty,28,Medium,105
102799,21,Female,32438.0,308,7,113.29,667.45,Groceries,36,Low,41
102800,56,Female,66403.0,48,9,138.96,1006.04,Fashion,34,Medium,85
102801,57,Female,75060.0,317,13,161.99,1696.38,Groceries,28,Medium,55
102802,34,Male,90325.0,17,14,20.9,236.89,Groceries,37,High,59
102803,54,Male,88118.0,296,11,156.29,1844.17,Groceries,36,Medium,118
102804,56,Male,46092.0,331,6,74.58,377.92,Home,40,Low,45
102805,69,Female,26607.0,345,12,47.41,501.2,Electronics,41,Medium,84
102806,46,Female,47361.0,69,10,169.32,1638.33,Groceries,33,Medium,119
102807,69,Female,79537.0,85,9,228.36,1865.54,Electronics,34,High,67
102808,53,Female,52206.0,282,10,281.73,3174.19,Beauty,42,Low,17
102809,55,Male,59514.0,208,10,275.54,2891.47,Groceries,38,High,91
102810,56,Male,48857.0,40,8,131.72,983.5,Fashion,26,High,82
102811,67,Male,91624.0,96,13,217.14,2617.07,Fashion,28,Low,103
102812,54,Male,39711.0,250,11,214.77,2536.06,Electronics,34,Low,74
102813,69,Male,61335.0,136,16,135.39,1880.88,Groceries,40,Medium,20
102814,52,Male,82165.0,73,12,47.5,519.96,Electronics,33,Medium,23
102815,24,Male,96831.0,301,12,126.96,1434.2,Electronics,40,Low,64
102816,44,Male,46104.0,273,10,297.86,2924.56,Home,39,Medium,8
102817,45,Female,79216.0,169,12,175.41,1844.36,Groceries,31,Medium,103
102818,39,Female,47355.0,333,13,115.59,1296.64,Home,36,Low,101
102819,31,Male,87543.0,198,20,228.27,5460.15,Groceries,42,Medium,65
102820,24,Female,94589.0,347,10,212.17,2472.37,Sports,34,High,118
102821,54,Male,42208.0,106,12,182.06,2205.36,Sports,29,High,60
102822,39,Male,73069.0,101,13,198.48,2854.31,Home,35,Medium,7
102823,22,Female,82266.0,359,10,183.78,1965.71,Sports,38,Medium,4
102824,19,Male,54115.0,235,6,287.76,1433.12,Home,28,High,28
102825,44,Male,70954.0,280,12,162.56,1964.69,Sports,32,Medium,19
102826,38,Male,72000.0,329,5,185.25,809.14,Home,34,Low,6
102827,55,Male,100193.0,106,19,152.06,2986.28,Sports,36,High,115
102828,32,Male,20580.0,35,13,188.06,2016.25,Electronics,27,Medium,26
102829,38,Male,58882.0,157,10,269.43,2331.01,Electronics,35,Medium,40
102830,27,Male,34995.0,273,11,115.13,1409.14,Electronics,29,Medium,101
102831,40,Female,60276.0,240,16,158.85,2890.56,Groceries,44,Low,118
102832,56,Female,44343.0,207,10,145.61,1693.42,Fashion,35,Medium,19
102833,22,Male,54902.0,245,12,131.43,1827.44,Home,38,Low,81
102834,18,Female,42517.0,93,7,249.89,2034.02,Fashion,32,Low,93
102835,30,Male,63107.0,109,12,84.94,854.04,Electronics,47,Medium,113
102836,38,Male,81478.0,306,12,159.98,2042.23,Home,34,Medium,21
102837,43,Male,52545.0,114,10,278.9,3013.3,Home,38,Medium,5
102838,67,Male,88612.0,24,12,65.15,709.31,Groceries,32,Low,17
102839,62,Female,80879.0,293,8,21.3,204.0,Fashion,45,Medium,38
102840,38,Female,100681.0,252,8,94.26,689.48,Beauty,44,Medium,62
102841,35,Female,68227.0,267,11,278.25,3152.44,Fashion,25,High,105
102842,54,Female,58767.0,355,8,44.53,409.3,Sports,33,Medium,116
102843,62,Male,28295.0,209,7,58.38,374.2,Home,35,High,40
102844,49,Female,44366.0,55,12,109.7,1372.48,Electronics,41,High,7
102845,53,Male,55842.0,27,16,235.52,4099.95,Sports,38,Medium,27
102846,34,Male,58210.0,323,6,230.36,1452.21,Beauty,33,Medium,118
102847,52,Female,106974.0,2,8,44.38,341.69,Sports,31,Low,31
102848,66,Male,55860.0,68,7,281.48,2320.89,Home,37,Low,98
102849,28,Female,24633.0,148,7,86.87,635.41,Sports,32,High,62
102850,38,Female,73291.0,319,11,98.58,964.82,Home,42,Medium,26
102851,69,Female,72130.0,328,16,128.2,2302.37,Home,38,Medium,70
102852,43,Female,50821.0,130,13,197.66,2729.8,Sports,32,Medium,31
102853,21,Female,102553.0,83,13,165.97,1820.6,Electronics,48,Medium,12
102854,51,Male,22068.0,42,9,280.01,2296.45,Beauty,46,Medium,15
102855,69,Female,84989.0,156,13,178.09,1998.58,Sports,28,Low,58
102856,65,Female,54178.0,157,15,259.97,3233.0,Fashion,38,Medium,1
102857,35,Male,40992.0,107,12,41.9,448.54,Home,31,Medium,62
102858,57,Female,108008.0,284,15,259.65,3549.11,Electronics,40,Medium,59
102859,52,Female,74734.0,188,9,75.36,669.16,Beauty,26,Medium,90
102860,58,Male,54031.0,105,11,121.52,1587.63,Groceries,33,Medium,37
102861,46,Male,53625.0,112,10,109.57,1289.98,Groceries,22,Medium,6
102862,69,Female,65508.0,133,12,114.44,1512.63,Sports,33,Medium,24
102863,46,Male,50761.0,271,15,277.23,4402.15,Groceries,29,Medium,47
102864,55,Female,85992.0,110,7,143.65,1185.45,Fashion,30,Low,64
102865,59,Male,61754.0,73,9,95.03,732.95,Sports,35,Medium,36
102866,38,Female,80351.0,346,13,102.43,1241.22,Sports,25,Low,108
102867,59,Female,64159.0,293,17,244.93,4252.63,Beauty,45,Medium,83
102868,30,Female,77397.0,143,18,170.95,3463.5,Electronics,38,High,56
102869,66,Male,86910.0,260,15,145.86,2296.23,Home,41,Low,82
102870,58,Female,93619.0,245,11,279.51,3454.47,Sports,31,Low,102
102871,34,Male,69819.0,340,12,280.4,2897.87,Sports,38,Medium,80
102872,26,Female,42669.0,155,12,231.71,2438.78,Sports,33,High,17
102873,58,Female,56548.0,149,9,165.04,1628.29,Electronics,33,Low,11
102874,18,Female,59477.0,60,9,52.65,445.1,Sports,30,Low,4
102875,19,Female,48536.0,86,13,218.23,2764.47,Beauty,36,Medium,80
102876,65,Female,45197.0,192,16,248.23,4435.04,Home,21,Medium,9
102877,46,Male,63490.0,327,20,258.57,4281.99,Home,41,Medium,87
102878,50,Male,40334.0,182,9,182.92,1427.64,Sports,43,Medium,74
102879,27,Male,36452.0,287,13,192.71,2300.61,Electronics,38,High,90
102880,67,Female,26111.0,273,10,218.6,2521.33,Groceries,37,Low,109
102881,57,Female,69607.0,255,13,264.7,3310.17,Sports,42,Medium,100
102882,38,Male,66825.0,7,13,32.72,383.18,Beauty,32,High,110
102883,45,Female,53506.0,126,9,177.7,1713.44,Sports,33,Low,39
102884,28,Female,79885.0,83,15,123.35,1502.62,Fashion,37,Low,67
102885,51,Female,40024.0,28,11,253.28,3092.67,Beauty,36,Low,84
102886,25,Male,67617.0,266,8,57.47,496.15,Electronics,33,Low,81
102887,39,Male,61083.0,283,13,274.72,2935.78,Home,37,Medium,110
102888,25,Male,45186.0,251,8,54.72,437.41,Electronics,19,Medium,47
102889,66,Male,50149.0,188,7,45.01,302.99,Electronics,44,Medium,28
102890,32,Male,48610.0,299,12,117.02,1212.22,Sports,49,Medium,1
102891,34,Female,65055.0,69,9,298.52,2314.89,Fashion,29,Medium,36
102892,40,Female,71869.0,319,9,197.46,1535.59,Sports,45,High,89
102893,41,Female,51472.0,326,7,27.4,199.45,Electronics,43,Low,97
102894,62,Female,45758.0,99,12,89.79,935.73,Sports,25,Medium,50
102895,36,Male,62744.0,193,8,61.77,407.11,Beauty,30,Medium,85
102896,22,Male,26965.0,227,13,20.28,311.89,Electronics,30,Medium,94
102897,49,Female,60687.0,182,6,164.18,803.5,Home,41,Medium,77
102898,61,Male,91236.0,327,9,126.71,1215.15,Sports,38,Medium,39
102899,18,Female,45921.0,93,11,191.72,2476.74,Sports,27,Medium,50
102900,40,Female,56463.0,143,7,80.58,459.81,Home,38,Medium,23
102901,54,Female,80491.0,203,16,252.69,4796.23,Sports,41,Medium,53
102902,25,Female,75093.0,132,13,127.29,1656.32,Electronics,28,Low,6
102903,30,Male,61237.0,267,18,155.21,3112.37,Groceries,36,High,83
102904,25,Female,58829.0,134,15,225.1,3545.49,Sports,39,Medium,10
102905,40,Male,35289.0,179,10,66.53,696.4,Home,26,Low,16
102906,60,Female,69823.0,186,15,93.46,1563.82,Home,41,High,77
102907,18,Female,33132.0,18,15,63.33,784.83,Groceries,33,Low,22
102908,62,Female,18696.0,323,15,235.06,3374.13,Electronics,28,Medium,66
102909,68,Female,80162.0,97,7,47.31,393.37,Fashion,35,Medium,42
102910,41,Male,67740.0,34,11,156.92,1418.59,Electronics,41,Medium,90
102911,52,Female,77595.0,300,13,229.97,2705.95,Beauty,33,High,5
102912,41,Male,45270.0,351,12,162.17,2080.01,Sports,27,High,94
102913,34,Female,69327.0,187,11,162.43,1501.16,Home,36,Medium,37
102914,22,Female,51219.0,347,6,37.83,230.31,Home,29,High,86
102915,37,Female,53455.0,111,11,239.2,2855.77,Electronics,38,Medium,51
102916,38,Male,79475.0,247,8,189.12,1668.75,Electronics,28,High,82
102917,57,Female,57004.0,71,15,206.9,3179.46,Sports,32,Medium,93
102918,48,Female,46072.0,309,13,234.42,3048.23,Electronics,32,Low,19
102919,63,Female,32690.0,327,14,176.97,2689.55,Groceries,33,High,4
102920,53,Female,67214.0,212,9,162.41,1254.16,Groceries,28,Medium,72
102921,28,Female,81190.0,309,10,205.69,2205.42,Fashion,39,Medium,27
102922,69,Male,44337.0,108,10,272.0,3176.14,Home,33,Medium,55
102923,32,Male,73780.0,177,15,198.78,3199.67,Sports,39,Low,93
102924,36,Female,41144.0,228,13,240.73,2561.81,Sports,36,Medium,108
102925,24,Female,74986.0,19,16,154.48,2477.6,Electronics,39,Medium,97
102926,68,Male,60658.0,322,11,185.08,2220.15,Home,32,Medium,7
102927,45,Female,65357.0,248,15,70.44,863.56,Fashion,46,Medium,61
102928,68,Male,46052.0,209,11,156.79,1905.57,Fashion,31,High,99
102929,60,Female,67151.0,216,13,61.69,731.91,Fashion,35,Medium,68
102930,22,Female,48046.0,201,12,150.77,1873.48,Beauty,33,Low,26
102931,22,Male,51727.0,257,15,38.19,679.71,Home,36,Medium,59
102932,47,Female,29647.0,106,6,181.34,1303.44,Beauty,40,Low,77
102933,49,Male,44557.0,311,9,100.29,951.14,Fashion,42,High,75
102934,25,Male,49490.0,271,11,255.66,2802.68,Beauty,30,High,39
102935,27,Male,66256.0,271,11,125.35,1201.08,Beauty,43,High,34
102936,55,Female,71913.0,121,11,276.98,2691.32,Groceries,45,Medium,25
102937,64,Male,47841.0,245,16,152.41,2369.5,Electronics,39,Low,85
102938,49,Male,56711.0,66,11,257.68,3063.83,Fashion,38,High,36
102939,65,Female,93728.0,228,7,103.24,800.53,Groceries,34,Low,105
102940,45,Female,62622.0,137,11,146.45,1431.75,Groceries,38,Medium,105
102941,34,Female,49262.0,194,11,197.43,2202.5,Sports,34,Low,66
102942,48,Female,26407.0,194,14,92.42,1341.29,Beauty,40,Medium,89
102943,25,Female,42922.0,146,8,204.05,1889.06,Electronics,34,Medium,96
102944,57,Female,42143.0,145,17,100.81,1971.81,Sports,40,Medium,65
102945,42,Male,99557.0,72,8,155.6,1402.83,Home,38,High,97
102946,26,Female,43031.0,354,17,26.54,454.19,Groceries,37,Low,6
102947,19,Male,61021.0,192,13,41.89,449.83,Beauty,39,Low,13
102948,32,Female,67415.0,44,11,83.59,858.61,Sports,32,Medium,17
102949,67,Male,82130.0,157,14,245.82,3609.04,Electronics,44,High,80
102950,20,Male,60160.0,16,7,204.91,1513.32,Groceries,35,Low,38
102951,66,Female,49794.0,78,16,270.17,4926.3,Fashion,34,Medium,86
102952,53,Female,48469.0,52,9,273.32,2341.21,Electronics,39,Low,43
102953,21,Male,67128.0,2,12,124.91,1760.7,Fashion,35,Medium,41
102954,31,Female,46313.0,232,10,122.91,1063.53,Home,38,Low,71
102955,58,Female,37916.0,61,12,254.01,2499.29,Fashion,26,Low,2
102956,58,Male,49790.0,132,5,139.4,606.86,Fashion,32,Medium,1
102957,42,Male,33510.0,52,15,260.02,3841.52,Home,32,High,19
102958,67,Male,97012.0,297,12,161.66,2190.49,Home,36,Medium,16
102959,27,Female,71931.0,180,15,138.92,1795.27,Fashion,28,Medium,34
102960,38,Female,92417.0,31,15,98.14,1500.47,Groceries,29,Medium,93
102961,53,Female,69709.0,155,14,55.42,861.72,Groceries,39,Low,72
102962,29,Female,90492.0,121,12,167.25,1633.59,Beauty,37,Medium,90
102963,44,Male,67349.0,51,10,111.06,906.92,Sports,42,High,11
102964,57,Female,74524.0,95,11,89.84,984.52,Sports,41,High,74
102965,19,Male,17326.0,176,17,67.5,1001.83,Home,35,Medium,68
102966,30,Female,41713.0,11,10,128.81,1262.63,Electronics,31,High,51
102967,49,Female,60739.0,12,16,175.64,2297.58,Fashion,40,Medium,98
102968,48,Male,61224.0,355,4,254.37,1211.56,Home,37,High,49
102969,33,Female,58472.0,45,11,249.65,2915.52,Home,42,Medium,23
102970,49,Female,69060.0,290,12,259.42,3345.52,Home,29,Medium,2
102971,49,Male,69884.0,205,9,181.35,1638.5,Groceries,38,High,97
102972,51,Female,77302.0,219,9,176.67,1796.68,Electronics,32,Medium,32
102973,28,Male,73380.0,328,7,273.44,2169.35,Groceries,37,Low,54
102974,27,Male,84082.0,256,8,100.79,696.37,Sports,36,Medium,20
102975,32,Male,84245.0,248,12,60.73,807.0,Home,27,Low,77
102976,34,Male,63493.0,21,17,43.18,753.64,Groceries,36,Medium,67
102977,57,Female,101633.0,41,8,266.69,2357.44,Home,37,High,93
102978,35,Female,87187.0,278,12,124.1,1738.61,Electronics,47,Medium,18
102979,26,Female,43861.0,277,15,159.64,2236.65,Fashion,40,Low,70
102980,42,Male,67852.0,195,7,244.86,1762.64,Groceries,38,Medium,14
102981,57,Female,23148.0,71,10,124.49,1388.05,Electronics,37,Low,68
102982,31,Female,26516.0,270,19,263.03,5970.63,Fashion,39,Low,90
102983,42,Female,50010.0,335,7,110.08,805.26,Home,31,Low,76
102984,67,Female,42491.0,73,8,225.07,1959.89,Beauty,33,Medium,61
102985,39,Male,50133.0,308,13,206.86,3061.73,Electronics,28,Medium,38
102986,69,Male,66570.0,199,11,76.38,924.63,Sports,30,Low,116
102987,47,Female,84506.0,76,9,54.86,581.1,Beauty,38,High,58
102988,37,Male,83435.0,275,9,51.24,411.3,Fashion,43,Medium,92
102989,38,Female,68264.0,283,12,202.26,2823.03,Fashion,33,Low,41
102990,61,Female,38258.0,146,9,23.62,187.67,Home,38,Low,6
102991,49,Female,48852.0,13,12,204.99,2523.96,Sports,40,Low,102
102992,68,Male,72744.0,363,14,238.95,3375.94,Groceries,42,Medium,108
102993,63,Female,43478.0,129,9,104.7,1067.19,Electronics,28,High,4
102994,66,Male,34662.0,230,10,228.8,2195.15,Beauty,48,High,72
102995,38,Male,69846.0,85,5,66.31,284.23,Home,39,High,44
102996,52,Female,59033.0,162,13,288.94,4066.93,Sports,47,Low,95
102997,49,Male,55782.0,51,8,84.98,708.84,Fashion,31,Medium,96
102998,47,Male,82196.0,215,18,156.74,3190.43,Fashion,34,High,4
102999,56,Female,81776.0,1,9,294.54,2925.1,Beauty,35,High,28
103000,66,Male,95622.0,123,9,274.0,2855.46,Fashion,29,Low,7
103001,29,Male,46972.0,288,7,204.65,1626.87,Sports,39,Medium,9
103002,58,Female,68595.0,200,4,123.37,530.2,Sports,26,Low,67
103003,64,Female,60380.0,183,11,216.02,2343.63,Groceries,38,Low,53
103004,35,Male,66766.0,216,9,148.88,1082.85,Electronics,37,High,97
103005,38,Female,37312.0,240,6,50.48,279.57,Fashion,29,Medium,20
103006,30,Female,31951.0,349,8,242.87,2119.79,Groceries,40,High,19
103007,38,Male,59196.0,68,10,264.05,2175.25,Sports,32,Low,16
103008,25,Male,43150.0,319,10,134.13,1478.97,Groceries,33,High,3
103009,63,Female,78764.0,82,10,206.4,2077.53,Fashion,41,Medium,6
103010,57,Male,29986.0,142,14,28.5,457.7,Electronics,36,Low,102
103011,63,Female,31636.0,41,7,75.23,560.27,Groceries,23,Low,93
103012,24,Female,51667.0,239,9,179.67,1810.07,Sports,33,Medium,114
103013,40,Male,29238.0,3,11,96.74,924.31,Home,32,Medium,54
103014,61,Male,93520.0,94,8,284.42,1977.66,Beauty,34,Low,98
103015,49,Female,56342.0,59,7,254.37,1574.82,Home,36,High,78
103016,28,Female,47944.0,228,10,203.4,1898.38,Groceries,29,Medium,26
103017,39,Female,69359.0,18,9,299.68,3133.44,Sports,42,Medium,34
103018,39,Female,77677.0,239,10,88.11,977.78,Groceries,33,Medium,9
103019,60,Male,64139.0,360,10,277.36,2623.43,Groceries,35,Medium,55
103020,42,Female,58638.0,74,10,105.28,1229.03,Home,38,Low,33
103021,39,Male,40331.0,332,14,187.05,2910.87,Beauty,29,Low,60
103022,45,Male,72618.0,169,8,141.62,1203.68,Groceries,36,Medium,19
103023,46,Female,88334.0,264,8,144.1,1123.55,Beauty,16,Medium,73
103024,30,Male,55606.0,160,10,233.5,2476.65,Home,32,Low,39
103025,35,Male,43024.0,337,11,117.31,1338.53,Beauty,34,Medium,6
103026,19,Female,63630.0,169,8,162.11,1443.1,Sports,42,Medium,23
103027,46,Male,60053.0,206,9,79.28,635.2,Sports,37,High,57
103028,38,Male,35673.0,357,11,233.77,2968.07,Sports,33,Medium,109
103029,32,Female,49946.0,9,13,174.54,2352.4,Beauty,38,Low,9
103030,69,Female,95770.0,346,10,91.42,1026.38,Home,29,Low,90
103031,44,Female,33049.0,304,10,94.46,886.9,Fashion,29,Medium,10
103032,67,Female,46188.0,115,9,102.19,879.95,Beauty,23,Low,70
103033,48,Female,41026.0,152,13,215.8,3296.11,Fashion,34,Medium,14
103034,32,Female,42794.0,87,8,186.63,1565.87,Fashion,33,Medium,17
103035,68,Female,51090.0,95,15,250.23,3479.8,Fashion,37,High,68
103036,40,Male,68968.0,231,17,180.03,2548.99,Sports,35,Medium,111
103037,41,Male,86171.0,186,7,105.86,721.56,Fashion,43,Low,78
103038,61,Female,64066.0,114,8,289.6,2640.3,Groceries,34,Medium,24
103039,30,Male,46312.0,274,14,268.11,3380.34,Home,33,Medium,13
103040,39,Male,90798.0,29,13,98.07,1458.64,Fashion,33,Low,59
103041,60,Female,18629.0,203,12,275.55,2859.08,Sports,30,High,101
103042,54,Male,73470.0,2,16,221.63,3021.16,Fashion,34,Low,65
103043,50,Female,39465.0,78,11,136.11,1560.51,Home,34,High,38
103044,20,Male,58982.0,324,16,150.73,2705.56,Electronics,35,Low,97
103045,36,Female,71262.0,231,10,144.99,1612.32,Electronics,43,Medium,17
103046,40,Male,27892.0,98,11,243.12,2720.97,Beauty,26,Low,14
103047,46,Male,62833.0,117,13,69.14,948.68,Sports,33,High,81
103048,47,Male,64370.0,110,10,36.43,329.06,Sports,32,High,46
103049,56,Female,89247.0,167,8,159.57,1302.71,Sports,36,High,16
103050,61,Male,114303.0,297,8,101.31,715.72,Fashion,29,Medium,71
103051,64,Male,28941.0,337,7,177.9,1458.67,Home,48,Low,106
103052,42,Female,88343.0,87,11,293.89,3463.04,Home,40,Low,47
103053,54,Female,59242.0,22,7,208.01,1493.72,Home,34,Medium,76
103054,64,Male,43829.0,210,7,288.58,1815.74,Electronics,36,Medium,23
103055,25,Male,67381.0,305,10,224.98,2167.89,Home,42,Medium,104
103056,59,Male,33954.0,272,11,41.26,504.73,Sports,35,Medium,112
103057,33,Male,35148.0,324,9,269.0,2168.64,Fashion,36,Low,6
103058,25,Female,25297.0,278,9,75.7,580.16,Electronics,30,Medium,107
103059,18,Male,70922.0,139,9,262.14,2177.46,Beauty,31,Medium,38
103060,61,Male,66540.0,341,12,229.74,3081.61,Fashion,40,Medium,30
103061,22,Female,43712.0,232,16,254.81,4701.74,Groceries,27,Low,22
103062,20,Male,90472.0,233,15,91.0,1318.24,Sports,37,Low,1
103063,18,Male,46741.0,80,10,246.07,2737.54,Electronics,29,Low,114
103064,21,Male,85660.0,55,7,190.9,1246.62,Sports,35,Low,67
103065,57,Female,62442.0,291,16,42.92,689.13,Fashion,34,Medium,104
103066,52,Female,46473.0,34,10,268.96,2173.4,Home,28,Low,40
103067,49,Male,57700.0,329,8,265.51,2304.2,Groceries,32,Medium,1
103068,59,Male,34925.0,333,13,180.16,2546.98,Sports,42,Medium,101
103069,51,Female,64335.0,252,10,146.73,1232.65,Groceries,33,Low,100
103070,60,Male,60611.0,125,13,132.15,1620.92,Fashion,37,Low,97
103071,42,Male,70549.0,11,12,188.77,2250.33,Sports,33,Medium,48
103072,27,Female,77583.0,317,7,255.67,1985.92,Home,30,Medium,102
103073,38,Female,62312.0,122,9,178.46,1814.04,Groceries,36,Low,109
103074,63,Female,30474.0,35,14,56.3,857.3,Electronics,37,Low,39
103075,56,Male,78647.0,69,9,105.73,843.41,Beauty,36,Medium,44
103076,44,Male,60293.0,313,12,207.11,2342.5,Fashion,33,Medium,49
103077,44,Male,22119.0,139,8,201.11,1446.26,Sports,30,Medium,61
103078,19,Male,66192.0,12,9,165.29,1569.24,Electronics,33,Low,113
103079,58,Female,67702.0,125,11,87.33,1017.25,Home,35,Medium,112
103080,65,Male,52830.0,299,10,95.76,772.27,Home,35,Medium,75
103081,30,Male,56043.0,147,15,155.59,2550.16,Groceries,32,Medium,54
103082,26,Female,48095.0,77,9,130.46,1047.1,Fashion,38,Medium,110
103083,69,Female,68323.0,68,11,108.46,1336.88,Beauty,31,High,96
103084,53,Male,62800.0,206,13,252.25,3715.8,Sports,27,Medium,19
103085,39,Female,41835.0,236,9,161.13,1622.44,Electronics,35,Medium,21
103086,59,Female,92359.0,59,10,160.86,1549.48,Sports,24,High,75
103087,43,Male,46684.0,258,11,139.86,1445.11,Electronics,42,Medium,86
103088,29,Male,15000.0,254,15,210.65,3077.75,Fashion,26,Low,19
103089,34,Male,50587.0,243,12,69.18,839.2,Home,28,Medium,28
103090,31,Male,80619.0,277,13,284.2,3325.02,Home,46,Medium,96
103091,31,Female,55869.0,220,14,49.29,809.2,Sports,41,High,90
103092,51,Female,27304.0,225,8,218.88,1753.89,Sports,33,Medium,19
103093,37,Male,39438.0,101,10,217.2,1801.19,Groceries,36,Low,15
103094,28,Male,38380.0,342,9,51.9,560.0,Electronics,36,High,5
103095,33,Female,48494.0,122,11,298.05,3257.7,Groceries,33,High,12
103096,68,Male,54766.0,218,10,29.61,349.04,Electronics,35,High,109
103097,48,Male,69877.0,75,15,122.11,1751.27,Fashion,29,Low,23
103098,23,Male,62569.0,331,8,138.94,989.15,Sports,30,Low,49
103099,36,Male,63528.0,237,9,244.79,2411.86,Beauty,38,High,81
103100,54,Female,95587.0,339,11,28.35,303.43,Electronics,44,Medium,11
103101,21,Male,77217.0,240,11,175.97,2231.02,Home,39,High,95
103102,64,Female,75456.0,165,10,77.12,760.25,Fashion,46,Low,41
103103,21,Male,23737.0,334,12,180.32,2023.92,Home,29,Medium,58
103104,37,Male,44964.0,157,10,200.98,2384.97,Fashion,33,Medium,112
103105,27,Female,28060.0,211,12,29.56,401.6,Electronics,31,Medium,72
103106,41,Male,44619.0,277,14,38.89,480.34,Home,34,Medium,40
103107,52,Female,75897.0,216,8,43.86,349.32,Beauty,43,Low,22
103108,43,Male,52143.0,218,10,258.64,2186.35,Beauty,34,Low,96
103109,54,Male,81449.0,233,7,279.47,1649.34,Electronics,31,High,10
103110,55,Male,73863.0,12,18,142.56,2928.82,Groceries,29,High,39
103111,38,Male,61009.0,83,13,264.94,4039.14,Fashion,25,Low,102
103112,57,Male,81921.0,113,8,153.34,1343.91,Sports,37,High,51
103113,56,Female,87288.0,271,10,132.32,1582.14,Home,32,Medium,45
103114,38,Female,69088.0,195,6,168.75,828.34,Beauty,36,Low,119
103115,27,Male,64599.0,141,11,241.25,2474.9,Electronics,26,Medium,119
103116,55,Male,72667.0,124,13,82.65,916.34,Home,43,Medium,70
103117,63,Female,31868.0,141,7,104.48,813.86,Electronics,40,Medium,99
103118,21,Female,57649.0,208,8,257.68,2383.37,Groceries,34,Medium,75
103119,62,Male,59520.0,115,10,276.47,2706.22,Sports,37,High,18
103120,37,Male,52625.0,206,7,54.44,431.26,Home,40,High,97
103121,34,Female,44210.0,288,13,217.38,3218.88,Home,39,Medium,41
103122,24,Male,79961.0,355,12,22.69,233.04,Electronics,35,Low,77
103123,21,Female,63401.0,343,12,88.93,1014.65,Electronics,31,Medium,103
103124,46,Male,65220.0,149,11,39.22,377.58,Home,36,Low,69
103125,31,Female,88492.0,210,7,164.31,1228.41,Beauty,30,Low,53
103126,20,Female,56093.0,112,15,116.15,1663.73,Groceries,30,High,64
103127,41,Male,52224.0,142,15,58.52,936.71,Home,28,Low,100
103128,54,Female,87226.0,24,12,20.09,277.33,Fashion,38,Medium,46
103129,33,Male,30185.0,49,16,128.75,1988.11,Beauty,50,Medium,25
103130,69,Male,61024.0,288,10,102.45,1217.89,Fashion,43,Medium,68
103131,21,Male,45247.0,331,13,33.07,414.19,Home,33,Low,47
103132,41,Male,65854.0,11,16,258.5,3662.4,Groceries,42,Medium,119
103133,51,Female,71439.0,188,6,135.02,819.61,Beauty,43,High,29
103134,47,Male,72552.0,68,18,236.94,4092.68,Electronics,32,Medium,24
103135,35,Male,80525.0,90,16,138.17,1879.11,Beauty,44,Medium,106
103136,36,Male,54949.0,110,14,38.9,440.73,Electronics,26,Medium,85
103137,48,Male,56196.0,164,18,130.39,2576.09,Home,33,Low,58
103138,36,Female,70532.0,206,11,268.12,3459.98,Sports,32,High,105
103139,66,Male,77750.0,32,7,22.18,151.56,Electronics,44,Medium,75
103140,63,Female,33994.0,327,15,270.68,3354.39,Fashion,29,Low,27
103141,36,Female,66282.0,74,10,203.88,2235.05,Fashion,39,Low,112
103142,39,Female,52095.0,251,16,298.78,5482.39,Sports,34,Low,48
103143,41,Male,61743.0,355,9,276.51,2313.05,Sports,32,Medium,101
103144,62,Male,52866.0,21,18,263.31,4212.57,Fashion,38,High,41
103145,29,Male,45545.0,296,9,30.5,256.61,Home,32,Low,74
103146,47,Male,39630.0,298,10,98.47,1145.53,Home,31,Medium,11
103147,55,Female,56980.0,328,16,124.93,1933.29,Home,29,High,43
103148,48,Female,67168.0,302,13,215.95,2980.46,Fashion,23,Medium,73
103149,53,Male,47940.0,338,11,201.62,1840.22,Sports,41,Low,106
103150,36,Male,83796.0,73,7,68.07,434.85,Groceries,37,High,3
103151,65,Male,109169.0,41,14,226.31,2823.66,Fashion,34,Low,49
103152,62,Male,68263.0,94,11,63.58,577.02,Fashion,31,Medium,49
103153,53,Male,59175.0,132,8,147.8,1002.96,Electronics,34,Medium,44
103154,47,Male,41755.0,99,11,182.05,1935.75,Home,40,Medium,6
103155,66,Male,67401.0,53,10,263.79,2699.1,Electronics,35,Low,48
103156,50,Female,89544.0,229,6,196.77,1091.8,Beauty,45,High,89
103157,35,Female,98970.0,128,8,287.36,2224.86,Beauty,44,Medium,71
103158,69,Female,87923.0,212,12,298.46,3953.27,Fashion,28,Low,27
103159,66,Female,76866.0,285,14,162.47,2044.56,Beauty,32,Medium,50
103160,45,Male,68204.0,279,15,34.41,419.96,Fashion,51,Low,86
103161,64,Male,39027.0,341,11,27.93,277.37,Fashion,38,Medium,83
103162,28,Male,58006.0,159,8,259.58,2426.68,Groceries,20,Low,94
103163,62,Male,55682.0,352,9,159.96,1162.09,Electronics,45,Low,86
103164,50,Male,58136.0,233,5,122.7,522.44,Sports,36,High,23
103165,34,Female,45612.0,71,12,99.65,987.77,Home,28,Low,76
103166,23,Male,75157.0,205,8,98.9,752.25,Home,30,Medium,66
103167,21,Female,54523.0,189,6,40.39,256.66,Groceries,34,Low,29
103168,37,Male,52899.0,151,6,104.84,732.29,Electronics,32,Medium,93
103169,65,Female,45679.0,8,7,200.55,1568.98,Home,34,Medium,14
103170,64,Male,64646.0,332,7,127.86,805.77,Fashion,36,Low,73
103171,44,Female,89935.0,100,9,285.39,2707.05,Electronics,34,High,109
103172,32,Male,59796.0,16,16,207.09,3530.6,Beauty,38,High,106
103173,23,Male,65635.0,154,14,261.91,3066.15,Home,31,Medium,90
103174,64,Male,98705.0,157,13,51.96,655.79,Electronics,31,High,29
103175,31,Male,84069.0,93,9,146.14,1215.96,Groceries,34,Low,5
103176,28,Female,71755.0,262,12,31.6,327.19,Sports,34,Medium,86
103177,56,Male,70914.0,37,10,270.6,2228.31,Sports,39,Low,59
103178,26,Female,47939.0,161,8,61.12,396.48,Electronics,33,High,93
103179,43,Male,45983.0,351,9,245.52,2526.75,Groceries,43,Medium,77
103180,33,Female,62828.0,174,7,278.67,1818.54,Home,38,Medium,18
103181,22,Male,63335.0,317,19,143.73,2723.3,Fashion,49,Low,71
103182,69,Male,43005.0,18,17,129.02,2010.53,Electronics,43,Low,77
103183,27,Female,74066.0,351,20,188.03,3257.97,Electronics,37,Medium,61
103184,67,Male,54454.0,16,12,227.29,2467.06,Home,36,Low,109
103185,20,Male,82546.0,360,9,200.77,1568.41,Fashion,30,Medium,112
103186,30,Female,58892.0,270,12,20.32,268.99,Fashion,50,High,48
103187,60,Male,57122.0,359,13,240.06,3629.48,Home,35,High,100
103188,66,Female,41252.0,68,14,61.27,835.31,Electronics,33,Low,85
103189,47,Male,43443.0,30,9,145.91,1482.81,Home,41,Low,92
103190,62,Female,86355.0,316,11,99.06,1057.31,Sports,27,Low,44
103191,23,Female,65379.0,309,11,279.81,3012.39,Home,32,Medium,119
103192,34,Female,67786.0,225,8,160.59,1277.07,Groceries,38,Medium,38
103193,62,Female,92013.0,164,8,166.2,1499.91,Electronics,31,Low,117
103194,68,Male,33648.0,320,9,41.32,436.78,Beauty,35,High,3
103195,36,Male,73425.0,14,9,271.26,2680.05,Beauty,28,Low,118
103196,59,Female,28242.0,279,7,86.93,703.06,Groceries,35,Medium,28
103197,52,Male,51247.0,156,8,135.91,1149.35,Electronics,38,High,54
103198,63,Male,37098.0,122,9,295.88,3024.29,Electronics,34,High,45
103199,43,Male,77172.0,263,11,51.89,583.76,Sports,32,Medium,86
103200,68,Female,22205.0,170,12,221.19,2943.82,Home,33,Low,43
103201,22,Male,55398.0,10,23,92.84,2310.63,Beauty,32,High,107
103202,46,Male,36825.0,172,8,137.54,1210.03,Home,42,Medium,33
103203,54,Female,42904.0,358,15,137.09,1837.86,Beauty,40,High,114
103204,37,Male,45986.0,13,16,281.03,3873.72,Beauty,38,High,13
103205,66,Female,86382.0,213,14,22.9,340.22,Beauty,38,Low,41
103206,38,Female,53295.0,161,13,122.82,1585.73,Sports,27,Medium,57
103207,27,Female,94547.0,232,7,258.68,2002.45,Sports,23,Low,109
103208,22,Male,98732.0,160,11,274.94,2596.7,Fashion,35,High,101
103209,53,Male,102274.0,127,4,107.17,505.45,Groceries,49,Medium,5
103210,23,Female,58825.0,48,15,87.75,1423.68,Electronics,38,Medium,100
103211,43,Female,64207.0,261,11,149.16,1327.7,Fashion,29,Medium,104
103212,21,Female,67559.0,61,10,228.84,2358.46,Home,31,Medium,8
103213,56,Female,52650.0,122,14,63.13,817.58,Fashion,33,Medium,66
103214,56,Female,68487.0,90,10,239.65,2180.5,Home,40,Low,44
103215,67,Female,41296.0,359,12,163.55,2278.32,Sports,26,High,43
103216,52,Male,22490.0,255,14,59.43,943.83,Electronics,37,Medium,105
103217,18,Female,74283.0,90,16,208.09,2676.28,Electronics,28,High,81
103218,41,Female,53005.0,3,11,195.9,1880.51,Electronics,39,Medium,4
103219,53,Female,40466.0,280,13,194.26,2747.14,Beauty,32,Medium,19
103220,23,Male,42995.0,117,13,231.34,3426.28,Beauty,45,Medium,34
103221,58,Male,90302.0,98,12,70.74,922.77,Sports,32,Medium,62
103222,63,Male,69282.0,162,15,215.3,3262.19,Home,38,Medium,81
103223,61,Male,29554.0,340,3,268.44,961.42,Sports,41,Medium,89
103224,48,Female,36260.0,298,8,168.49,1508.2,Electronics,37,Medium,5
103225,37,Male,54162.0,297,5,156.09,770.44,Electronics,26,High,116
103226,41,Female,69528.0,82,15,243.38,3772.6,Electronics,35,Medium,81
103227,42,Female,44109.0,358,5,60.95,249.26,Home,33,High,11
103228,53,Female,56541.0,148,12,115.44,1642.8,Home,30,Medium,58
103229,38,Female,62291.0,6,9,259.06,2203.53,Fashion,35,Low,16
103230,47,Female,62705.0,185,11,159.94,1873.01,Fashion,43,Low,80
103231,41,Female,15000.0,252,17,255.32,4630.29,Groceries,35,High,70
103232,61,Male,64433.0,25,8,90.52,595.82,Home,32,Medium,102
103233,59,Male,25343.0,41,12,129.08,1403.89,Sports,41,Low,103
103234,47,Male,54272.0,169,8,250.61,2130.14,Home,20,Medium,119
103235,39,Male,49972.0,3,9,65.78,689.62,Fashion,42,Medium,82
103236,45,Male,38425.0,364,9,270.54,2706.23,Beauty,37,Medium,110
103237,24,Female,76863.0,171,12,106.76,1322.19,Electronics,29,Low,118
103238,52,Male,37520.0,57,13,292.36,3393.98,Fashion,34,Low,3
103239,45,Male,49541.0,83,19,251.76,5642.24,Fashion,31,Medium,18
103240,31,Male,77575.0,330,9,147.56,1276.87,Beauty,17,High,116
103241,27,Female,48970.0,179,8,227.83,1567.4,Fashion,34,Medium,110
103242,33,Female,44830.0,133,12,175.47,1702.74,Groceries,49,Low,7
103243,33,Female,54637.0,86,11,258.91,3360.82,Groceries,40,Medium,75
103244,48,Male,70810.0,353,9,165.07,1650.78,Groceries,31,Low,47
103245,59,Male,88926.0,271,5,296.64,1314.94,Sports,36,High,15
103246,42,Male,41278.0,344,13,57.38,639.05,Groceries,38,Medium,101
103247,30,Male,42898.0,94,16,209.41,3966.36,Sports,36,Medium,62
103248,23,Male,54473.0,356,10,88.78,795.75,Home,26,Medium,78
103249,61,Female,64603.0,250,10,73.54,724.2,Home,29,Low,23
103250,26,Male,44595.0,295,14,134.31,1963.72,Groceries,34,Low,36
103251,62,Female,73771.0,198,24,122.89,2433.08,Home,31,Low,17
103252,53,Male,41654.0,79,10,32.97,309.18,Home,38,Low,22
103253,60,Female,21983.0,166,3,139.76,493.68,Electronics,33,Medium,24
103254,37,Female,70636.0,39,8,286.54,2476.02,Groceries,33,Medium,27
103255,35,Female,72952.0,308,17,150.73,2426.89,Groceries,34,Low,17
103256,60,Female,80893.0,214,12,104.51,1400.47,Fashion,26,Low,23
103257,38,Male,20162.0,131,9,285.74,2918.51,Fashion,27,Low,71
103258,21,Male,46688.0,157,11,161.6,1530.0,Home,27,Low,1
103259,67,Male,54979.0,159,8,100.39,830.94,Fashion,34,Medium,50
103260,50,Female,95139.0,322,9,239.24,2038.4,Electronics,40,High,63
103261,44,Male,56816.0,227,11,82.61,911.2,Groceries,34,Low,50
103262,24,Male,33070.0,45,9,89.37,794.38,Electronics,28,Low,91
103263,23,Male,65935.0,201,15,110.81,1664.69,Groceries,34,High,116
103264,32,Male,86189.0,22,15,130.54,1975.29,Sports,40,High,98
103265,35,Female,81933.0,339,14,183.21,2123.01,Beauty,33,High,37
103266,49,Female,71236.0,242,13,164.28,1860.31,Groceries,32,Low,109
103267,28,Male,65253.0,229,11,228.24,2577.12,Beauty,35,Medium,15
103268,37,Male,15000.0,238,8,220.81,2074.58,Beauty,44,Medium,110
103269,41,Male,60513.0,149,14,32.76,503.86,Electronics,38,Low,56
103270,32,Female,63563.0,273,20,57.49,1029.6,Home,30,Low,82
103271,65,Female,56802.0,67,13,80.25,985.54,Fashion,31,Medium,56
103272,24,Female,74142.0,7,12,187.35,2100.16,Fashion,44,High,68
103273,38,Male,56480.0,233,10,270.67,2998.5,Electronics,30,Medium,29
103274,59,Female,52629.0,357,12,110.97,1583.16,Fashion,38,Medium,87
103275,43,Female,80780.0,292,7,289.85,1911.6,Home,41,Medium,43
103276,61,Female,51728.0,256,9,68.4,496.11,Fashion,27,High,86
103277,31,Female,61293.0,67,12,278.93,3932.09,Sports,30,Medium,20
103278,54,Female,77951.0,250,16,244.28,4304.37,Groceries,42,Low,86
103279,38,Male,39787.0,77,11,128.93,1607.91,Sports,44,Low,12
103280,35,Male,37616.0,87,12,77.77,824.49,Groceries,45,Low,109
103281,22,Male,87159.0,252,15,129.56,2056.63,Sports,36,High,99
103282,20,Male,48146.0,222,12,79.85,855.75,Fashion,34,Medium,90
103283,40,Female,73849.0,72,9,177.12,1282.67,Fashion,40,Medium,14
103284,43,Male,24494.0,202,7,180.95,1092.9,Home,40,Low,61
103285,54,Male,15000.0,59,9,235.09,2473.64,Sports,29,Low,108
103286,41,Male,67285.0,276,11,167.8,1635.61,Groceries,21,Low,84
103287,66,Female,57450.0,221,11,116.64,1326.74,Beauty,37,Medium,100
103288,36,Male,67473.0,157,12,275.25,3921.34,Groceries,45,Medium,76
103289,68,Female,97494.0,181,7,41.84,243.17,Fashion,43,Medium,61
103290,42,Female,35253.0,213,18,246.46,4982.72,Fashion,37,Low,9
103291,38,Female,60764.0,129,13,134.68,1819.16,Fashion,31,Low,97
103292,29,Male,89549.0,243,10,70.71,657.15,Beauty,30,Low,88
103293,58,Female,38140.0,172,9,53.7,457.06,Sports,39,High,73
103294,50,Male,48305.0,270,16,81.81,1061.4,Groceries,34,Medium,24
103295,67,Male,24654.0,163,11,54.15,537.48,Sports,34,High,94
103296,21,Male,104757.0,24,7,148.5,1007.65,Groceries,42,Low,69
103297,59,Female,15909.0,193,8,117.91,1025.12,Groceries,34,High,8
103298,24,Female,75972.0,294,11,119.84,1199.48,Home,30,Low,79
103299,39,Male,33604.0,129,13,63.92,857.65,Fashion,39,Medium,45
103300,50,Female,38982.0,41,14,204.73,3131.85,Sports,27,Medium,53
103301,34,Female,81279.0,31,8,190.18,1642.26,Sports,35,Low,119
103302,41,Female,45150.0,36,7,295.04,2139.87,Fashion,32,Medium,20
103303,51,Male,73036.0,361,11,66.94,759.96,Sports,35,Medium,58
103304,45,Female,87601.0,253,8,253.52,2207.62,Home,29,Medium,79
103305,60,Female,64014.0,215,13,29.48,358.02,Sports,37,Medium,86
103306,58,Male,77786.0,287,16,40.53,635.57,Groceries,34,High,96
103307,56,Female,61613.0,256,12,201.45,2868.16,Fashion,36,Medium,70
103308,39,Male,62540.0,186,8,133.81,1142.67,Fashion,34,Medium,102
103309,66,Female,47301.0,61,13,84.54,1107.76,Home,31,Medium,111
103310,34,Female,98577.0,262,11,20.77,235.63,Beauty,33,Low,33
103311,51,Female,74857.0,276,13,205.68,2250.76,Sports,26,Medium,61
103312,23,Female,70436.0,111,11,143.44,1635.9,Groceries,40,Medium,11
103313,63,Female,75406.0,317,11,67.82,846.43,Electronics,36,Low,92
103314,23,Female,46454.0,141,8,292.22,2359.84,Groceries,38,Low,3
103315,51,Male,78619.0,233,10,118.24,1029.59,Groceries,32,Medium,110
103316,18,Female,91118.0,23,15,104.86,1540.32,Sports,38,High,49
103317,27,Female,32386.0,79,15,162.89,2226.4,Electronics,43,Medium,57
103318,38,Female,70831.0,31,10,97.62,921.43,Home,31,Medium,67
103319,22,Male,61256.0,4,7,96.37,600.39,Sports,29,Low,29
103320,19,Male,49616.0,118,13,290.56,3526.33,Fashion,40,Medium,11
103321,39,Male,38135.0,66,8,93.12,840.82,Electronics,35,Low,101
103322,65,Female,81038.0,287,13,189.53,2717.87,Fashion,36,Low,109
103323,19,Female,64160.0,176,15,30.49,455.62,Electronics,35,High,55
103324,27,Male,55857.0,123,9,63.22,633.28,Fashion,39,High,107
103325,51,Male,70848.0,231,9,26.18,280.44,Sports,30,Low,96
103326,33,Male,57450.0,43,14,169.65,2285.93,Beauty,33,Low,50
103327,65,Female,45919.0,4,9,157.65,1691.26,Electronics,39,Medium,15
103328,68,Male,62579.0,190,8,112.66,809.68,Home,41,Medium,4
103329,56,Female,59440.0,304,7,216.08,1787.57,Sports,40,Low,32
103330,39,Female,24516.0,250,10,195.22,2236.78,Electronics,34,Low,52
103331,29,Female,47409.0,144,8,188.1,1323.7,Fashion,40,Medium,107
103332,41,Male,34712.0,345,9,114.15,965.64,Groceries,28,Medium,62
103333,64,Female,26972.0,333,10,111.6,1208.82,Beauty,30,Low,98
103334,57,Male,69354.0,158,8,264.57,1855.48,Electronics,41,Medium,74
103335,55,Male,46625.0,65,10,172.31,1785.62,Beauty,33,Medium,94
103336,27,Male,80828.0,325,14,96.23,1365.98,Sports,40,Medium,41
103337,52,Male,23428.0,270,15,172.1,2366.59,Fashion,42,Low,82
103338,68,Female,54045.0,75,11,94.7,958.59,Sports,29,Low,17
103339,66,Female,47681.0,29,9,71.88,651.14,Fashion,43,Medium,5
103340,49,Female,28441.0,335,8,99.01,728.67,Sports,29,High,72
103341,24,Female,60102.0,238,7,196.09,1197.07,Electronics,32,Medium,104
103342,38,Male,30187.0,153,9,164.43,1641.68,Beauty,37,Low,110
103343,37,Male,64454.0,94,10,66.06,682.2,Electronics,30,Low,69
103344,43,Male,74415.0,237,18,274.22,4812.83,Beauty,28,Medium,81
103345,21,Male,65351.0,322,6,159.52,835.09,Electronics,35,Medium,103
103346,63,Female,67878.0,115,13,242.24,3267.99,Fashion,38,Medium,39
103347,69,Male,80625.0,296,9,112.59,1065.44,Home,33,Low,106
103348,39,Female,59465.0,219,14,288.12,4001.02,Sports,35,Medium,91
103349,32,Male,43479.0,246,14,230.59,3063.93,Home,42,Medium,32
103350,57,Male,47821.0,32,9,147.26,1520.03,Home,38,Medium,7
103351,38,Male,48253.0,20,12,272.64,3539.71,Home,39,Medium,86
103352,32,Male,39133.0,53,7,220.89,1457.27,Groceries,41,Medium,76
103353,39,Female,75684.0,206,11,140.55,1603.62,Beauty,46,Low,50
103354,69,Female,70538.0,219,9,292.76,2354.21,Beauty,39,Medium,88
103355,45,Female,26700.0,195,14,103.59,1166.86,Sports,34,Low,49
103356,31,Female,43474.0,305,8,91.84,843.12,Groceries,29,Low,43
103357,44,Male,38160.0,195,15,270.5,4575.06,Sports,38,High,17
103358,58,Male,66347.0,345,17,218.06,3913.73,Groceries,33,Medium,71
103359,57,Female,81530.0,82,6,116.74,787.66,Sports,30,Low,112
103360,45,Female,68964.0,1,13,84.9,1227.68,Electronics,28,Medium,81
103361,43,Male,45976.0,167,11,69.85,879.07,Home,38,Medium,20
103362,66,Male,53620.0,317,11,107.78,1371.41,Beauty,36,Medium,91
103363,19,Female,32143.0,183,11,55.15,684.01,Fashion,33,Medium,45
103364,42,Female,33677.0,350,14,60.7,969.37,Home,19,Medium,74
103365,20,Female,76921.0,273,12,237.45,2851.33,Beauty,48,Medium,70
103366,25,Male,88882.0,157,14,37.85,573.99,Beauty,38,High,48
103367,61,Female,45705.0,362,11,143.0,1468.08,Sports,30,Medium,32
103368,50,Female,60962.0,201,14,133.4,2137.38,Fashion,30,High,117
103369,59,Female,74410.0,192,14,288.85,4623.94,Home,37,Low,8
103370,69,Female,26723.0,341,9,150.35,1118.32,Sports,40,Low,44
103371,52,Female,39026.0,299,11,65.04,671.66,Home,30,High,62
103372,23,Male,99873.0,76,18,44.75,699.64,Sports,30,High,108
103373,56,Female,40846.0,140,18,225.08,3461.23,Groceries,33,High,83
103374,69,Male,52763.0,306,14,61.37,829.93,Beauty,34,Medium,83
103375,40,Female,47941.0,196,12,282.64,3562.16,Groceries,41,High,22
103376,42,Female,20104.0,61,12,176.58,1986.5,Electronics,32,Low,35
103377,67,Female,61654.0,360,10,132.48,1223.7,Fashion,36,Medium,28
103378,60,Male,59495.0,307,14,211.61,2481.97,Beauty,39,High,33
103379,36,Male,63617.0,333,11,75.7,793.7,Groceries,23,Low,6
103380,22,Male,58308.0,354,12,127.03,1506.66,Sports,39,Low,12
103381,68,Female,50803.0,83,9,29.36,253.53,Home,44,Medium,97
103382,28,Female,49655.0,334,8,265.75,2279.14,Electronics,33,Medium,50
103383,29,Male,49996.0,5,12,139.07,1527.43,Home,22,Medium,98
103384,27,Male,40226.0,219,13,232.47,3283.27,Home,36,High,61
103385,25,Female,43324.0,254,11,276.72,3509.97,Fashion,39,Low,50
103386,41,Male,40562.0,88,19,202.78,3993.43,Home,37,Medium,76
103387,45,Female,71468.0,209,9,125.21,1076.71,Fashion,35,Low,37
103388,58,Male,66122.0,180,11,193.47,1855.5,Sports,38,Medium,116
103389,53,Male,60543.0,208,11,120.89,1559.8,Home,38,Medium,100
103390,54,Male,98845.0,273,16,178.85,3149.88,Home,29,High,67
103391,38,Female,41486.0,65,9,141.01,1140.37,Home,42,High,100
103392,25,Female,82376.0,21,9,61.96,479.71,Sports,42,Medium,103
103393,26,Male,54799.0,177,6,238.43,1172.68,Groceries,46,Medium,61
103394,64,Female,63143.0,363,10,159.0,1393.19,Groceries,44,Low,92
103395,32,Female,73423.0,22,12,73.24,960.57,Sports,28,Medium,115
103396,65,Female,50449.0,325,9,269.71,2553.16,Electronics,45,Medium,11
103397,63,Female,38866.0,36,13,258.9,3995.0,Electronics,35,Medium,80
103398,57,Male,42164.0,250,11,176.47,1802.94,Fashion,39,High,54
103399,35,Female,17874.0,149,11,291.69,3576.42,Sports,36,Medium,67
103400,59,Female,72136.0,73,13,279.61,3083.09,Beauty,39,High,86
103401,37,Male,71655.0,91,7,271.16,1945.64,Electronics,31,High,58
103402,23,Female,91673.0,176,7,57.32,395.91,Fashion,37,Low,49
103403,29,Female,68299.0,126,14,102.5,1629.13,Home,31,High,79
103404,19,Female,73104.0,204,14,134.85,2040.14,Home,39,Low,99
103405,24,Male,58369.0,246,9,252.93,1998.03,Electronics,41,Low,84
103406,33,Male,69298.0,99,12,263.95,3780.46,Beauty,43,Medium,43
103407,20,Female,81792.0,271,23,230.42,5984.68,Fashion,40,Medium,68
103408,62,Female,63629.0,44,11,152.27,1577.57,Fashion,33,Medium,93
103409,20,Male,49575.0,222,9,65.33,664.65,Beauty,39,Low,84
103410,44,Male,55595.0,97,13,29.85,458.97,Groceries,37,Low,29
103411,67,Male,75037.0,36,6,215.8,1496.93,Beauty,22,High,14
103412,60,Female,50175.0,168,17,298.36,5186.16,Electronics,29,Medium,1
103413,57,Female,77781.0,30,10,116.73,1203.32,Groceries,36,Low,18
103414,55,Male,98172.0,282,7,179.24,1057.24,Sports,37,Medium,81
103415,50,Female,78029.0,85,4,246.96,855.35,Fashion,30,Medium,15
103416,45,Female,74943.0,357,10,72.21,861.5,Beauty,37,Medium,116
103417,18,Female,66953.0,121,11,252.28,3074.56,Groceries,26,Medium,89
103418,25,Female,44463.0,287,10,195.1,1580.71,Fashion,28,Low,13
103419,54,Female,42648.0,248,12,179.56,2195.7,Sports,32,Medium,97
103420,49,Female,42448.0,184,5,233.44,1094.97,Groceries,37,Low,24
103421,65,Female,71095.0,253,11,87.47,889.63,Beauty,47,Medium,34
103422,60,Male,52211.0,273,14,192.14,2750.86,Sports,34,Medium,11
103423,54,Male,59420.0,209,13,87.31,1053.38,Fashion,29,Low,101
103424,21,Male,68373.0,354,12,70.27,759.44,Fashion,34,Low,62
103425,47,Male,43192.0,24,14,194.54,3200.53,Beauty,35,Low,47
103426,23,Male,49962.0,122,7,95.4,544.89,Home,38,Medium,25
103427,63,Male,66458.0,225,9,220.03,1929.71,Fashion,43,Low,105
103428,36,Male,54183.0,123,13,164.06,2142.32,Home,31,Medium,32
103429,49,Male,56051.0,294,12,214.59,2513.23,Sports,32,Low,65
103430,26,Male,39347.0,173,11,269.65,3152.72,Electronics,33,Medium,29
103431,29,Female,56322.0,143,6,58.71,285.43,Sports,31,High,41
103432,28,Female,93043.0,169,9,38.69,401.83,Beauty,38,Medium,75
103433,63,Male,51073.0,57,9,131.98,1187.92,Home,37,Low,22
103434,33,Female,37060.0,42,1,220.68,225.42,Beauty,41,Low,76
103435,18,Female,79163.0,309,14,268.12,3697.78,Electronics,37,Medium,1
103436,62,Male,70467.0,119,12,29.74,348.96,Home,28,Low,16
103437,38,Male,64252.0,121,10,242.03,2116.99,Fashion,35,Medium,16
103438,47,Male,33627.0,312,7,41.12,288.35,Beauty,35,Medium,103
103439,30,Female,36468.0,251,10,182.56,1768.16,Home,36,Medium,3
103440,51,Female,29254.0,343,16,116.35,1837.86,Electronics,26,Medium,101
103441,21,Male,68631.0,332,11,24.94,220.99,Home,30,High,100
103442,45,Female,80397.0,341,17,47.19,683.79,Beauty,43,Medium,94
103443,55,Female,69305.0,341,10,119.04,1315.71,Groceries,38,Medium,3
103444,48,Female,98998.0,337,15,287.05,4166.42,Groceries,36,Low,99
103445,44,Male,51162.0,182,10,63.35,695.05,Sports,38,Medium,52
103446,22,Female,53527.0,165,12,96.15,1002.01,Sports,34,High,31
103447,42,Female,62131.0,264,8,298.36,2576.12,Electronics,34,High,35
103448,20,Female,55410.0,210,10,154.57,1415.31,Home,32,Low,118
103449,50,Female,69974.0,11,18,93.43,1819.72,Fashion,39,Medium,50
103450,21,Female,47208.0,182,10,192.46,1606.49,Beauty,37,High,76
103451,42,Female,32106.0,251,13,142.09,1724.25,Electronics,31,Low,113
103452,37,Female,24213.0,138,11,260.33,2427.62,Beauty,38,Medium,94
103453,51,Male,69610.0,218,11,22.23,257.21,Electronics,31,High,89
103454,43,Male,49482.0,239,11,299.1,3148.75,Electronics,45,High,23
103455,22,Female,36609.0,337,12,38.57,384.02,Beauty,35,Medium,81
103456,52,Male,47619.0,87,3,170.39,516.56,Sports,34,Medium,104
103457,45,Female,99051.0,298,9,215.27,1569.24,Electronics,38,Low,65
103458,46,Female,37782.0,293,11,173.95,2157.21,Home,32,Medium,81
103459,26,Female,74544.0,92,13,104.22,1592.42,Electronics,34,High,118
103460,69,Male,68422.0,208,11,259.52,3208.79,Fashion,30,Low,105
103461,55,Female,86829.0,204,13,140.52,2156.68,Electronics,40,Medium,107
103462,67,Female,57538.0,186,9,104.2,1086.76,Sports,31,Medium,109
103463,23,Male,28793.0,85,8,235.13,2178.19,Sports,29,Low,59
103464,36,Male,79851.0,315,18,60.84,983.61,Fashion,31,Low,35
103465,61,Female,55004.0,152,8,77.4,552.62,Electronics,27,High,63
103466,28,Male,85489.0,156,9,90.78,918.14,Electronics,28,High,18
103467,19,Male,76319.0,293,10,141.77,1412.81,Beauty,41,Medium,10
103468,64,Female,79917.0,21,11,25.69,332.59,Electronics,29,High,47
103469,61,Female,107370.0,161,8,297.7,2760.04,Sports,25,Low,33
103470,61,Female,65640.0,339,11,188.04,2393.75,Electronics,41,High,6
103471,26,Male,88857.0,156,9,291.8,2443.54,Sports,38,High,21
103472,38,Male,51903.0,143,10,246.09,2099.54,Sports,35,Low,47
103473,41,Male,70814.0,257,5,57.61,308.55,Home,36,Medium,30
103474,51,Female,49955.0,107,13,78.54,996.75,Groceries,34,Medium,90
103475,39,Male,69585.0,284,11,29.65,382.76,Sports,34,Low,71
103476,20,Male,67496.0,50,14,253.46,4050.7,Groceries,35,High,21
103477,29,Female,18789.0,35,7,186.17,1526.73,Home,33,High,102
103478,45,Female,47765.0,224,17,80.22,1400.76,Groceries,41,Low,111
103479,47,Female,64606.0,156,6,291.62,1768.08,Groceries,33,Medium,114
103480,43,Male,15000.0,191,13,226.29,3350.19,Fashion,26,High,45
103481,65,Female,58083.0,184,4,217.55,874.34,Fashion,39,Low,97
103482,38,Male,80169.0,237,12,94.76,1319.07,Beauty,43,Medium,118
103483,45,Male,86005.0,297,10,107.74,876.76,Groceries,32,Medium,50
103484,43,Female,44351.0,323,16,207.03,3125.38,Sports,38,Low,3
103485,50,Female,87288.0,304,7,186.19,1477.89,Electronics,38,Medium,76
103486,38,Female,84162.0,342,13,201.24,2312.6,Electronics,40,Low,33
103487,52,Female,17042.0,58,15,266.07,3829.76,Home,45,Medium,88
103488,69,Female,62316.0,39,12,64.91,626.26,Sports,41,Low,71
103489,51,Male,64529.0,241,8,52.57,387.2,Beauty,35,Low,58
103490,58,Male,90376.0,25,13,178.1,2147.34,Groceries,33,Low,72
103491,68,Male,65728.0,316,8,160.04,1399.41,Fashion,39,Low,47
103492,64,Female,87875.0,117,15,132.8,2133.3,Electronics,36,Low,37
103493,35,Male,44384.0,342,9,273.32,2405.72,Groceries,31,Low,54
103494,28,Female,28039.0,240,10,176.35,1924.69,Electronics,34,Low,35
103495,40,Female,47043.0,175,16,178.83,2779.26,Fashion,39,Low,63
103496,65,Male,91540.0,340,10,122.6,1193.93,Fashion,44,Low,7
103497,39,Male,78518.0,228,14,116.34,1723.59,Beauty,35,Low,4
103498,34,Female,106449.0,253,14,296.53,4521.53,Sports,28,Low,34
103499,22,Male,31133.0,111,10,194.46,2214.44,Groceries,38,Medium,39
103500,61,Female,80826.0,241,9,251.03,2486.46,Groceries,32,Low,86
103501,28,Male,75097.0,224,13,145.29,2017.44,Home,35,Low,33
103502,47,Male,54294.0,298,18,73.72,1359.59,Home,45,Medium,75
103503,32,Male,75519.0,52,13,110.96,1331.76,Fashion,32,Medium,9
103504,44,Male,62799.0,221,10,116.92,1057.46,Sports,44,Medium,106
103505,52,Male,69206.0,304,13,178.18,2634.37,Groceries,36,Medium,115
103506,50,Female,73611.0,288,8,63.29,550.34,Sports,48,Medium,15
103507,37,Male,79602.0,152,10,128.37,1368.64,Fashion,33,Medium,92
103508,33,Male,61736.0,118,17,48.16,739.74,Fashion,35,High,30
103509,51,Male,95547.0,279,16,159.03,3022.64,Home,35,Medium,106
103510,19,Female,55685.0,135,6,285.28,1425.02,Beauty,45,Medium,113
103511,52,Female,97675.0,209,17,114.9,2217.58,Home,36,Medium,44
103512,57,Female,37443.0,127,10,33.92,299.96,Groceries,31,Medium,23
103513,45,Female,40299.0,293,10,190.45,1822.43,Sports,34,Low,68
103514,64,Female,41470.0,7,12,197.72,2304.19,Fashion,34,Low,78
103515,56,Male,79137.0,222,15,154.28,2464.81,Home,31,Medium,83
103516,23,Male,43891.0,77,10,131.12,1335.67,Sports,37,High,88
103517,26,Male,89803.0,338,13,269.95,3068.69,Fashion,39,Low,57
103518,37,Female,49471.0,351,10,282.76,2296.03,Sports,40,Low,45
103519,18,Female,67986.0,278,14,208.49,3172.47,Beauty,30,High,100
103520,25,Male,72802.0,334,13,160.34,2088.52,Electronics,45,Low,71
103521,40,Female,39685.0,338,6,38.91,220.55,Electronics,36,High,18
103522,20,Female,32185.0,227,8,104.29,762.41,Home,38,Medium,107
103523,21,Female,65658.0,275,9,99.83,1014.57,Electronics,25,Low,45
103524,42,Male,54455.0,351,6,36.31,243.61,Fashion,31,Low,49
103525,64,Male,69969.0,295,8,256.14,2316.37,Home,48,Medium,15
103526,55,Female,33087.0,117,8,262.77,1865.97,Sports,34,Medium,47
103527,32,Female,52865.0,292,12,275.46,3770.88,Groceries,36,High,113
103528,38,Female,56363.0,271,10,227.71,2719.35,Electronics,36,Low,5
103529,52,Female,15000.0,157,10,218.94,2276.23,Electronics,43,Medium,105
103530,63,Male,79909.0,60,9,153.79,1133.4,Home,33,Medium,100
103531,69,Female,44851.0,184,7,260.07,1967.78,Fashion,32,Medium,62
103532,31,Male,89983.0,144,8,162.84,1322.58,Electronics,37,Low,84
103533,53,Male,46143.0,161,12,28.3,368.4,Sports,37,Medium,7
103534,29,Male,49573.0,89,7,183.77,1125.97,Fashion,33,Low,74
103535,34,Female,35162.0,16,14,129.33,1887.24,Electronics,43,Medium,65
103536,56,Male,82932.0,249,9,165.96,1517.06,Beauty,32,Low,98
103537,26,Male,69083.0,98,16,143.4,2388.46,Beauty,27,Low,87
103538,52,Female,88003.0,104,14,159.1,2430.31,Electronics,47,Medium,94
103539,30,Female,55853.0,300,6,50.4,307.75,Sports,25,Medium,106
103540,32,Female,59166.0,235,9,24.07,201.19,Electronics,26,Low,40
103541,35,Male,26360.0,307,16,115.25,1703.12,Fashion,46,High,83
103542,68,Female,47519.0,274,14,91.27,1377.47,Groceries,29,Low,57
103543,50,Male,63410.0,261,10,90.02,959.2,Groceries,43,Medium,33
103544,23,Male,67744.0,239,12,282.39,3282.96,Electronics,38,Low,98
103545,44,Female,96479.0,262,5,249.32,1173.57,Home,33,Medium,80
103546,40,Male,22981.0,332,9,23.74,223.93,Fashion,37,Medium,34
103547,44,Male,64589.0,115,8,22.44,166.03,Groceries,47,High,30
103548,51,Male,52475.0,268,7,237.53,1970.82,Home,35,Medium,24
103549,63,Male,61510.0,12,8,295.76,2457.39,Groceries,37,High,96
103550,55,Female,62054.0,73,14,150.26,2181.01,Home,27,High,36
103551,31,Male,56176.0,362,8,141.28,965.83,Electronics,25,Medium,16
103552,53,Female,37338.0,305,13,97.23,1319.43,Beauty,30,Low,83
103553,25,Male,33624.0,178,11,206.66,2086.78,Home,32,Medium,104
103554,52,Male,54702.0,260,11,152.06,1640.43,Electronics,39,Medium,58
103555,36,Female,31588.0,259,17,66.91,1154.85,Beauty,32,High,113
103556,47,Male,57742.0,270,14,154.78,2147.81,Home,34,Low,3
103557,31,Male,54933.0,320,13,125.38,1831.66,Home,32,Medium,81
103558,37,Male,15000.0,120,15,269.15,3390.42,Home,41,Medium,31
103559,66,Male,98672.0,169,8,236.04,1637.04,Fashion,34,Low,3
103560,42,Male,61545.0,68,14,216.35,2613.32,Groceries,31,Low,12
103561,57,Male,15000.0,59,13,111.6,1634.66,Home,40,Low,38
103562,41,Female,64943.0,130,8,59.09,400.53,Electronics,30,Low,46
103563,31,Female,55932.0,266,6,262.11,1869.23,Home,31,Medium,94
103564,43,Female,33645.0,75,11,115.97,1515.07,Fashion,27,Medium,104
103565,55,Male,66186.0,90,13,186.03,2894.15,Fashion,30,Medium,62
103566,40,Male,41157.0,357,8,185.43,1768.08,Beauty,33,Medium,70
103567,39,Male,63861.0,154,7,279.85,1683.93,Fashion,34,High,77
103568,65,Female,45970.0,218,10,68.08,723.67,Home,43,High,53
103569,36,Male,41888.0,28,14,236.06,3172.24,Home,40,Low,34
103570,63,Female,59689.0,130,8,149.53,1307.17,Home,38,High,5
103571,68,Male,27558.0,66,10,68.93,663.36,Groceries,43,High,86
103572,20,Male,58349.0,144,14,253.98,3389.65,Home,41,Low,73
103573,59,Male,73145.0,313,7,249.64,2029.84,Sports,36,High,33
103574,36,Female,85412.0,277,16,31.25,498.91,Fashion,30,Medium,27
103575,26,Male,81771.0,103,11,218.64,2635.69,Home,38,Low,12
103576,45,Female,87067.0,314,12,62.99,801.21,Beauty,35,High,112
103577,37,Male,50906.0,37,11,190.9,2232.37,Groceries,19,Medium,18
103578,62,Male,39507.0,249,21,200.26,3951.65,Electronics,28,Low,47
103579,24,Female,76307.0,156,10,206.27,1858.45,Fashion,30,Low,42
103580,31,Male,49662.0,132,11,53.63,680.88,Home,21,Medium,73
103581,26,Male,60125.0,47,14,187.53,2126.16,Home,31,Low,89
103582,36,Male,74937.0,195,14,47.96,583.6,Electronics,44,Medium,30
103583,64,Male,100422.0,103,7,228.76,1366.11,Groceries,26,Medium,37
103584,69,Female,70576.0,328,8,37.85,357.23,Sports,40,High,42
103585,31,Female,64102.0,171,9,232.19,1675.97,Electronics,39,Medium,16
103586,55,Male,37578.0,89,12,267.38,2577.14,Groceries,33,High,27
103587,53,Male,83387.0,246,9,103.59,830.4,Beauty,31,High,23
103588,57,Female,68173.0,58,9,237.92,1952.07,Groceries,29,Medium,116
103589,34,Male,53057.0,105,13,136.91,1822.42,Beauty,27,Medium,70
103590,47,Female,50992.0,180,10,243.36,2882.58,Home,34,High,95
103591,26,Male,51863.0,69,6,212.15,1255.1,Beauty,36,Low,106
103592,50,Female,60879.0,302,15,100.96,1386.45,Home,31,Medium,78
103593,69,Female,30820.0,153,17,74.25,1422.3,Fashion,31,Medium,27
103594,42,Female,84360.0,25,13,276.13,3425.69,Home,38,High,17
103595,31,Female,80693.0,35,10,254.91,2183.81,Beauty,36,Medium,107
103596,28,Male,56650.0,15,14,204.77,3204.58,Beauty,28,Low,6
103597,52,Male,51907.0,106,13,117.82,1226.81,Home,41,High,78
103598,58,Female,59536.0,218,11,162.93,1580.83,Groceries,33,Medium,83
103599,31,Female,62931.0,74,11,176.2,2042.97,Home,30,High,10
103600,47,Female,53998.0,344,5,44.1,185.44,Home,39,Medium,45
103601,58,Female,79982.0,285,14,292.23,3691.62,Home,35,Medium,56
103602,21,Male,31518.0,38,11,45.71,481.35,Beauty,31,Low,31
103603,21,Female,45761.0,197,7,222.07,1490.08,Sports,42,Medium,91
103604,45,Female,75505.0,280,7,157.98,1315.0,Sports,37,Low,103
103605,25,Female,66486.0,275,12,232.77,2989.38,Fashion,35,Low,40
103606,19,Female,46409.0,174,5,93.06,379.13,Beauty,37,Low,3
103607,58,Female,68009.0,305,12,130.63,1392.84,Electronics,32,Medium,47
103608,63,Female,44141.0,44,9,167.14,1574.32,Groceries,42,High,92
103609,39,Female,53798.0,154,8,53.81,467.23,Fashion,36,Medium,113
103610,58,Male,80874.0,153,8,258.51,1969.31,Groceries,27,High,112
103611,33,Female,78662.0,291,11,297.63,3740.89,Electronics,35,Medium,24
103612,46,Female,65765.0,142,16,136.92,2579.29,Electronics,33,Medium,101
103613,66,Female,38977.0,256,12,125.51,1574.84,Beauty,43,Low,11
103614,65,Male,52447.0,312,7,186.34,1336.93,Fashion,31,Low,75
103615,47,Male,61929.0,134,9,212.83,2107.63,Sports,34,Low,115
103616,29,Male,89108.0,32,11,263.2,3221.83,Sports,38,High,31
103617,52,Female,24353.0,26,12,124.41,1322.99,Sports,33,Medium,47
103618,28,Female,42557.0,255,5,234.15,1163.06,Home,33,Medium,78
103619,63,Female,82572.0,223,16,87.22,1366.18,Home,30,Medium,43
103620,67,Male,87203.0,56,6,210.53,1486.24,Fashion,41,Low,11
103621,38,Female,58606.0,293,9,150.69,1145.6,Home,29,Medium,108
103622,38,Male,90768.0,125,14,205.27,3383.55,Groceries,36,Low,56
103623,22,Male,45333.0,230,9,126.35,1170.17,Fashion,31,Medium,6
103624,65,Male,29815.0,53,14,102.42,1312.32,Fashion,49,Low,1
103625,37,Male,75805.0,101,18,156.08,3224.5,Electronics,32,Medium,76
103626,54,Male,85894.0,334,10,270.63,2219.63,Electronics,26,Low,2
103627,20,Female,85561.0,292,10,208.96,1938.26,Fashion,43,High,36
103628,61,Female,42731.0,357,12,191.26,2526.96,Sports,35,Medium,73
103629,50,Male,63988.0,267,7,221.56,1754.21,Electronics,34,High,80
103630,26,Female,76796.0,283,10,224.15,1943.38,Home,49,Medium,41
103631,26,Female,66020.0,2,13,102.53,1568.42,Fashion,33,Low,106
103632,21,Male,88927.0,22,4,85.17,279.86,Groceries,59,High,98
103633,52,Male,51899.0,66,12,162.56,1898.87,Fashion,29,Low,65
103634,34,Female,58588.0,212,10,61.39,515.05,Groceries,36,Medium,33
103635,51,Female,64724.0,236,13,152.93,1668.16,Electronics,42,High,66
103636,41,Female,76651.0,17,19,214.05,4740.27,Sports,36,Low,93
103637,49,Female,56111.0,14,14,22.07,358.91,Beauty,37,Low,106
103638,18,Male,78549.0,7,14,51.12,748.68,Groceries,29,High,116
103639,25,Female,92092.0,335,12,289.4,4120.53,Sports,42,Low,73
103640,62,Male,49639.0,222,13,279.82,3624.64,Beauty,31,Medium,8
103641,40,Male,56707.0,104,17,137.02,2592.89,Groceries,36,High,92
103642,64,Female,79355.0,1,13,185.21,2019.86,Sports,40,Low,3
103643,57,Female,98551.0,287,16,63.48,973.27,Groceries,36,Medium,44
103644,29,Female,72719.0,247,10,112.68,1133.6,Fashion,42,Medium,11
103645,29,Male,44275.0,91,12,242.02,3227.37,Beauty,47,Low,1
103646,63,Male,63963.0,314,14,259.67,3394.69,Fashion,49,Medium,48
103647,64,Male,79204.0,312,8,133.48,1273.01,Electronics,35,High,70
103648,32,Male,43749.0,214,6,107.09,702.9,Fashion,38,Medium,42
103649,58,Female,38432.0,43,8,210.87,1709.21,Home,42,Low,77
103650,36,Male,53100.0,74,15,221.01,3090.73,Electronics,34,High,45
103651,43,Male,73193.0,242,15,295.47,4683.88,Fashion,51,Medium,91
103652,69,Female,32616.0,49,16,215.25,3682.41,Fashion,31,Medium,87
103653,46,Male,46138.0,364,12,87.25,1122.04,Home,35,Medium,34
103654,39,Male,65473.0,316,10,36.8,380.69,Sports,33,Medium,107
103655,57,Female,81810.0,222,12,92.13,1061.55,Fashion,30,High,32
103656,38,Male,65804.0,350,15,83.46,1410.47,Groceries,37,Low,61
103657,68,Male,67494.0,144,9,45.99,373.89,Sports,24,High,93
103658,55,Male,80098.0,329,12,144.43,1820.09,Groceries,32,Low,6
103659,37,Male,91945.0,209,8,100.68,796.31,Beauty,49,Medium,104
103660,46,Female,89710.0,99,6,279.03,1937.25,Sports,33,Low,78
103661,68,Male,19173.0,188,12,133.09,1654.93,Beauty,45,Low,78
103662,21,Female,61961.0,114,12,265.45,3638.58,Groceries,40,Medium,97
103663,24,Male,78250.0,175,12,105.88,1500.95,Fashion,31,Medium,110
103664,45,Female,93996.0,271,7,252.82,1505.71,Beauty,35,Medium,88
103665,45,Female,72820.0,63,9,147.26,1354.6,Groceries,41,Medium,62
103666,21,Female,42816.0,284,4,29.06,134.09,Fashion,42,Low,35
103667,39,Male,45460.0,225,17,156.35,3053.53,Home,37,Low,11
103668,29,Male,46019.0,161,12,83.5,880.12,Groceries,23,Medium,14
103669,62,Male,66150.0,36,17,106.08,1789.92,Electronics,39,High,109
103670,20,Female,50404.0,141,5,211.62,940.9,Electronics,33,Medium,45
103671,39,Male,15000.0,318,6,168.26,1169.8,Groceries,35,High,26
103672,61,Male,36434.0,196,8,268.81,1723.16,Fashion,39,Low,112
103673,19,Male,51115.0,151,12,282.07,3003.57,Sports,34,High,90
103674,41,Male,32750.0,269,10,213.47,2057.03,Home,30,Medium,40
103675,51,Female,35729.0,344,12,261.79,2791.06,Groceries,33,Medium,34
103676,44,Female,101019.0,40,12,74.62,1065.07,Beauty,34,High,79
103677,58,Male,59828.0,238,11,42.2,416.67,Home,32,Medium,92
103678,18,Male,52278.0,222,11,113.23,1176.93,Fashion,30,Medium,95
103679,25,Male,73347.0,281,13,111.2,1257.14,Electronics,37,Medium,66
103680,40,Female,82921.0,225,8,206.23,1931.41,Fashion,29,Medium,22
103681,55,Male,104812.0,154,11,255.3,2708.64,Fashion,25,Low,41
103682,23,Female,94107.0,280,12,103.13,1119.67,Groceries,31,Medium,59
103683,39,Female,68696.0,353,10,138.94,1248.3,Home,39,High,99
103684,42,Male,29344.0,39,19,49.39,970.55,Sports,29,Medium,82
103685,35,Male,39950.0,217,8,135.57,1291.77,Home,44,Medium,108
103686,34,Male,51963.0,244,11,80.03,1047.3,Sports,28,Medium,32
103687,29,Female,70131.0,109,13,127.09,1970.5,Electronics,36,Medium,35
103688,23,Female,61886.0,61,10,94.58,902.91,Home,34,Low,111
103689,43,Male,30539.0,198,8,246.44,2298.33,Sports,27,Low,70
103690,44,Female,26965.0,276,8,21.14,165.36,Home,36,Medium,4
103691,25,Male,65180.0,172,8,114.84,922.6,Fashion,27,Low,94
103692,36,Male,62401.0,272,13,291.39,3818.22,Electronics,35,High,114
103693,59,Female,55802.0,271,10,210.12,1734.41,Home,38,Low,76
103694,18,Female,69659.0,42,9,236.21,1851.28,Beauty,32,Low,101
103695,46,Female,84936.0,189,8,260.76,2408.25,Fashion,32,Medium,8
103696,62,Female,66201.0,260,9,121.32,1264.99,Beauty,39,Low,53
103697,66,Male,41167.0,152,15,38.46,508.13,Fashion,41,Medium,85
103698,52,Male,98304.0,131,10,134.99,1243.33,Electronics,33,Medium,31
103699,57,Male,56474.0,114,7,202.76,1606.56,Home,40,Medium,22
103700,31,Female,61000.0,222,11,123.82,1200.85,Beauty,27,High,14
103701,52,Male,46927.0,54,15,145.53,2515.48,Groceries,35,Medium,73
103702,65,Female,38512.0,338,8,251.14,2268.85,Groceries,25,Low,33
103703,62,Female,40140.0,296,7,30.15,237.01,Beauty,28,Medium,16
103704,37,Female,35744.0,42,11,113.72,1446.94,Groceries,28,Medium,18
103705,66,Male,15000.0,93,14,156.76,2534.3,Fashion,29,Low,16
103706,30,Female,56875.0,260,9,103.77,1089.79,Home,34,Medium,30
103707,55,Female,82047.0,281,11,144.83,1834.99,Sports,35,Medium,108
103708,66,Female,40314.0,356,8,132.49,1105.25,Home,28,Low,12
103709,63,Female,111190.0,192,10,278.69,2405.35,Electronics,27,Low,14
103710,66,Female,87728.0,125,10,158.07,1649.71,Sports,33,Medium,104
103711,25,Female,59636.0,296,12,153.37,2165.99,Electronics,39,Medium,101
103712,60,Female,37778.0,348,9,91.26,974.99,Beauty,31,Medium,94
103713,37,Female,28058.0,341,9,32.97,323.85,Beauty,34,Medium,85
103714,50,Female,57726.0,35,10,103.85,1119.02,Home,31,Medium,6
103715,43,Female,61362.0,47,12,27.62,389.57,Electronics,29,Low,24
103716,56,Female,55912.0,153,9,251.5,2074.52,Fashion,31,Low,13
103717,38,Female,81386.0,238,14,77.2,929.91,Groceries,37,High,52
103718,66,Male,89942.0,5,10,275.13,2520.19,Home,33,High,116
103719,59,Male,69453.0,125,19,268.03,6007.09,Sports,32,Low,110
103720,60,Female,70529.0,328,17,206.11,3100.66,Sports,27,Medium,92
103721,58,Female,53689.0,87,15,261.51,3490.75,Electronics,32,Medium,81
103722,26,Female,59902.0,3,8,265.82,1865.38,Groceries,31,Medium,74
103723,41,Male,68233.0,165,11,237.38,2595.3,Beauty,29,Medium,77
103724,54,Male,53665.0,223,12,162.22,2177.42,Home,36,Low,107
103725,66,Male,73217.0,349,9,286.01,2452.44,Fashion,35,Low,97
103726,58,Female,38876.0,297,11,248.97,2300.62,Electronics,38,Low,71
103727,34,Female,45356.0,343,9,55.56,548.08,Home,46,Medium,101
103728,41,Female,39062.0,341,14,137.57,2010.59,Home,35,Medium,69
103729,38,Female,46628.0,25,8,171.11,1357.46,Beauty,26,Low,97
103730,68,Male,54254.0,39,8,168.24,1595.78,Groceries,36,Medium,98
103731,56,Female,80582.0,105,8,126.27,998.21,Sports,21,Medium,14
103732,58,Male,60829.0,5,13,168.86,2399.36,Beauty,39,Low,115
103733,56,Male,34314.0,136,8,46.04,318.01,Groceries,30,Medium,85
103734,30,Female,31961.0,4,11,203.47,2163.45,Electronics,39,High,82
103735,28,Male,51680.0,169,13,159.37,1833.36,Electronics,42,Medium,78
103736,63,Male,76688.0,316,13,240.54,2937.07,Beauty,42,High,91
103737,36,Male,88060.0,310,10,214.15,2124.13,Groceries,27,Low,39
103738,28,Male,28185.0,78,10,51.58,448.64,Home,30,Medium,102
103739,30,Female,67447.0,19,15,118.2,1987.92,Sports,37,Medium,48
103740,63,Female,51963.0,205,12,226.15,2579.21,Electronics,34,Low,26
103741,62,Male,53516.0,355,17,114.33,2251.93,Groceries,31,Low,28
103742,18,Female,38715.0,324,17,178.73,3250.68,Electronics,32,Medium,65
103743,57,Male,55599.0,33,14,289.16,3524.57,Sports,40,Medium,13
103744,61,Female,37816.0,150,11,42.38,492.65,Beauty,28,Medium,99
103745,36,Female,54683.0,193,11,73.28,652.36,Fashion,35,High,86
103746,29,Female,82965.0,139,12,154.57,2082.89,Fashion,33,High,45
103747,25,Female,72625.0,272,10,226.76,2697.74,Beauty,27,Medium,3
103748,25,Female,98275.0,196,10,112.43,1204.24,Home,33,High,111
103749,62,Male,70527.0,127,10,52.89,619.13,Home,30,Medium,50
103750,29,Female,63490.0,349,12,108.42,1194.25,Fashion,32,High,85
103751,65,Male,71058.0,231,6,200.44,1165.88,Sports,28,Medium,1
103752,50,Male,44484.0,44,11,241.91,2580.75,Groceries,42,High,99
103753,62,Female,18279.0,230,7,293.56,1736.02,Groceries,32,Medium,52
103754,43,Male,75923.0,216,14,233.18,3651.62,Beauty,39,Medium,38
103755,56,Female,24093.0,244,6,157.83,945.11,Sports,33,Low,10
103756,45,Male,82432.0,9,9,101.93,913.86,Groceries,26,Medium,88
103757,22,Male,75016.0,250,9,279.7,2686.93,Home,46,Medium,63
103758,25,Female,43010.0,200,7,169.58,1030.84,Groceries,42,High,118
103759,42,Female,51278.0,334,12,212.86,2871.22,Beauty,28,Medium,111
103760,44,Female,59769.0,79,12,152.28,1729.32,Groceries,39,Low,52
103761,63,Female,41557.0,245,7,87.79,511.2,Home,29,High,8
103762,40,Male,70810.0,190,16,173.14,2427.09,Beauty,37,Low,58
103763,47,Female,72573.0,86,15,255.17,3449.16,Electronics,31,Medium,49
103764,62,Male,31141.0,271,12,127.33,1331.13,Beauty,42,High,4
103765,64,Male,43538.0,262,11,207.24,2044.59,Fashion,30,Medium,34
103766,40,Male,59264.0,1,8,31.86,305.43,Groceries,28,Medium,32
103767,66,Male,82812.0,20,8,282.23,2291.91,Fashion,35,Low,108
103768,64,Male,73046.0,130,9,291.58,2732.26,Fashion,40,Low,25
103769,37,Male,15000.0,326,12,128.16,1332.47,Sports,37,Medium,117
103770,35,Female,54160.0,258,14,159.55,1826.29,Sports,34,Medium,31
103771,35,Male,69453.0,131,14,64.96,840.45,Sports,32,High,102
103772,19,Male,44001.0,7,13,74.94,1079.36,Beauty,32,Medium,10
103773,21,Male,42452.0,340,14,188.58,2702.2,Electronics,46,High,35
103774,47,Female,45061.0,241,16,195.56,2516.66,Electronics,37,Medium,40
103775,50,Female,53840.0,192,9,115.65,1161.08,Fashion,35,Medium,77
103776,53,Male,40418.0,310,10,124.73,1049.73,Fashion,41,Low,60
103777,35,Female,73199.0,297,8,161.74,1263.06,Fashion,26,Medium,78
103778,54,Male,42786.0,115,8,283.14,2717.67,Fashion,38,Low,68
103779,36,Female,39277.0,102,6,61.9,315.15,Home,34,Low,100
103780,64,Male,52026.0,338,11,174.43,2160.51,Fashion,42,Medium,3
103781,45,Female,89578.0,319,9,36.29,365.7,Sports,38,Medium,115
103782,57,Female,70506.0,1,8,148.34,1160.63,Fashion,30,Low,67
103783,37,Female,71777.0,25,6,131.22,941.09,Beauty,43,Medium,3
103784,66,Male,65725.0,209,11,65.98,670.03,Sports,36,Low,64
103785,50,Male,41060.0,143,11,65.92,671.69,Sports,35,Medium,48
103786,29,Male,47199.0,197,7,146.03,880.08,Fashion,33,Medium,53
103787,68,Female,43800.0,145,8,55.45,420.49,Fashion,43,Medium,8
103788,32,Female,81831.0,149,8,102.54,753.52,Groceries,36,Medium,47
103789,58,Male,65907.0,181,11,39.94,457.7,Sports,32,Low,61
103790,56,Female,26654.0,55,6,103.24,505.64,Fashion,26,High,116
103791,19,Male,89053.0,363,11,169.43,1722.28,Beauty,35,Low,27
103792,46,Male,53361.0,138,13,228.28,2379.7,Beauty,36,High,73
103793,58,Male,73068.0,209,11,252.51,2229.1,Fashion,37,Low,70
103794,27,Male,81047.0,185,11,114.6,1422.11,Groceries,38,Low,20
103795,19,Female,15000.0,65,10,282.86,3111.25,Home,29,Medium,100
103796,68,Female,69092.0,37,11,87.37,1054.92,Sports,36,Low,10
103797,28,Female,54948.0,112,15,42.56,601.02,Sports,31,Low,28
103798,30,Male,15000.0,263,8,279.0,2409.88,Groceries,27,Medium,68
103799,27,Female,37349.0,76,8,171.15,1235.86,Home,38,Medium,52
103800,31,Male,50908.0,296,15,118.39,1640.46,Electronics,38,Medium,2
103801,35,Male,76913.0,178,12,271.47,3339.06,Beauty,38,High,38
103802,68,Male,56475.0,254,8,237.21,2049.21,Beauty,34,Medium,1
103803,26,Male,62962.0,1,15,253.08,3440.46,Groceries,38,Low,43
103804,56,Male,52877.0,148,6,101.86,654.99,Fashion,38,Medium,58
103805,45,Male,81758.0,364,9,264.58,2821.74,Fashion,39,Low,64
103806,20,Female,70421.0,159,8,201.94,1611.54,Fashion,32,High,3
103807,37,Female,63257.0,324,4,226.64,872.87,Electronics,39,Low,69
103808,23,Female,37137.0,268,18,107.48,1727.63,Fashion,40,Medium,118
103809,44,Female,62397.0,150,7,88.6,584.51,Electronics,30,High,8
103810,19,Male,115637.0,129,11,134.29,1494.22,Groceries,38,Medium,116
103811,46,Male,75905.0,126,14,181.06,2985.14,Electronics,38,Low,16
103812,55,Female,45213.0,1,10,206.48,1867.2,Fashion,26,High,76
103813,20,Female,97049.0,117,7,159.43,996.13,Sports,34,Low,84
103814,33,Female,44332.0,149,7,215.68,1787.91,Fashion,32,Low,14
103815,47,Female,74286.0,269,11,218.33,2503.31,Beauty,41,Medium,92
103816,57,Female,59076.0,189,13,206.5,2937.13,Electronics,31,Medium,33
103817,19,Female,63643.0,141,9,90.3,919.88,Beauty,32,Medium,43
103818,34,Female,64377.0,105,14,144.97,1690.06,Electronics,31,Low,42
103819,58,Female,55049.0,252,10,234.41,2329.86,Home,31,High,46
103820,29,Male,52213.0,281,11,268.35,2526.9,Home,29,Medium,47
103821,52,Male,33663.0,344,9,160.33,1514.72,Home,35,Medium,111
103822,60,Male,37500.0,101,12,296.3,4200.92,Fashion,33,Low,88
103823,18,Male,66679.0,282,9,68.92,510.18,Electronics,32,Medium,2
103824,62,Female,46346.0,358,13,82.83,979.49,Home,33,Medium,102
103825,32,Male,41800.0,163,9,149.01,1609.14,Sports,37,High,105
103826,43,Female,116546.0,203,10,162.45,1303.17,Groceries,32,High,70
103827,54,Male,109787.0,100,16,138.85,1901.29,Groceries,31,Low,33
103828,38,Female,71616.0,281,14,140.51,1637.27,Home,49,Low,69
103829,66,Female,74430.0,257,8,156.43,1383.62,Home,29,Low,59
103830,48,Male,43752.0,94,8,109.65,965.25,Home,40,Medium,44
103831,42,Male,36295.0,324,12,56.66,755.41,Groceries,38,Low,88
103832,40,Female,53193.0,279,11,287.71,3512.76,Home,33,Medium,28
103833,41,Female,60006.0,227,9,242.6,2476.17,Beauty,29,Low,48
103834,55,Female,74262.0,362,12,248.17,3303.1,Sports,38,Low,64
103835,45,Male,23393.0,150,12,122.19,1456.63,Sports,35,Medium,97
103836,38,Male,102945.0,351,15,133.09,2192.38,Sports,44,Medium,113
103837,60,Female,64960.0,62,7,282.04,2051.37,Sports,37,High,58
103838,35,Male,28986.0,129,10,292.42,2768.07,Beauty,30,Low,18
103839,53,Female,63149.0,187,9,283.93,2899.4,Beauty,44,Low,89
103840,52,Male,41951.0,68,9,199.93,2006.69,Electronics,41,High,37
103841,62,Male,40549.0,30,10,87.96,764.72,Home,28,Medium,29
103842,26,Male,38752.0,304,13,189.39,1993.71,Fashion,42,Low,52
103843,55,Male,54870.0,275,13,184.94,2227.25,Electronics,34,Low,61
103844,47,Male,102054.0,127,19,274.31,5011.27,Fashion,22,Medium,116
103845,61,Female,61853.0,213,9,107.27,839.68,Fashion,27,Medium,77
103846,51,Female,73878.0,306,17,76.19,1479.22,Electronics,33,Medium,53
103847,49,Male,78770.0,134,14,94.43,1075.37,Home,31,Medium,113
103848,20,Female,57105.0,219,12,88.08,1050.03,Electronics,34,Medium,80
103849,20,Female,36780.0,319,11,201.55,1822.84,Groceries,42,High,77
103850,45,Male,28025.0,157,11,247.48,2762.17,Beauty,27,High,20
103851,61,Female,52251.0,188,11,123.07,1334.09,Sports,34,Medium,67
103852,32,Male,82879.0,162,6,69.4,463.06,Beauty,32,Medium,102
103853,58,Female,78708.0,129,11,116.07,1373.64,Beauty,26,Medium,43
103854,40,Female,65128.0,304,15,173.04,2952.71,Beauty,29,Low,58
103855,57,Female,67778.0,89,10,206.06,2097.15,Beauty,39,Medium,103
103856,28,Female,57264.0,162,10,173.94,1963.74,Electronics,36,High,14
103857,65,Female,50370.0,36,14,91.88,1399.07,Electronics,28,Low,12
103858,49,Female,45236.0,227,8,277.05,2464.19,Groceries,39,Medium,33
103859,53,Female,30571.0,151,11,142.59,1631.65,Sports,27,Medium,81
103860,50,Male,95943.0,81,13,148.51,2100.2,Fashion,40,High,82
103861,41,Male,63422.0,47,11,290.87,3073.78,Groceries,31,Medium,107
103862,56,Male,51151.0,204,8,263.14,1755.65,Home,35,High,12
103863,51,Male,96423.0,148,8,245.76,1900.48,Electronics,28,Medium,45
103864,45,Female,100240.0,231,12,71.15,742.26,Electronics,35,Medium,26
103865,54,Female,114903.0,27,15,254.66,4017.59,Groceries,27,Low,28
103866,24,Female,55033.0,189,9,147.49,1201.7,Electronics,38,Medium,77
103867,21,Male,62105.0,165,12,78.63,1116.47,Sports,37,Medium,101
103868,54,Male,73019.0,212,10,297.45,2702.27,Sports,37,High,12
103869,18,Male,93244.0,308,8,68.18,457.76,Beauty,36,Low,57
103870,18,Female,61240.0,75,10,278.14,3204.87,Groceries,27,Medium,4
103871,64,Male,40333.0,92,10,20.15,194.6,Groceries,40,Medium,84
103872,37,Female,44932.0,62,13,142.62,1747.11,Beauty,23,Medium,57
103873,36,Male,83549.0,66,14,28.37,458.41,Groceries,34,Medium,10
103874,46,Female,72421.0,80,6,275.49,1754.4,Home,41,Medium,49
103875,27,Male,56542.0,140,7,55.25,391.73,Electronics,36,Medium,45
103876,35,Female,55226.0,130,15,208.47,2910.82,Fashion,42,Low,47
103877,45,Male,56543.0,254,6,196.74,1082.46,Fashion,31,High,115
103878,52,Male,84781.0,320,12,238.14,2948.57,Fashion,39,Medium,74
103879,60,Female,44221.0,29,19,229.13,4355.9,Groceries,41,Low,103
103880,64,Female,35732.0,202,10,29.09,264.84,Home,37,Medium,28
103881,48,Male,96336.0,237,12,128.75,1349.74,Home,29,Medium,12
103882,44,Female,60501.0,87,15,110.31,1865.13,Fashion,37,Medium,22
103883,28,Male,58413.0,96,12,292.41,3772.44,Fashion,30,Medium,64
103884,66,Female,73420.0,287,9,236.97,2553.55,Home,35,High,85
103885,66,Male,40222.0,339,22,218.23,4831.4,Beauty,34,Medium,45
103886,55,Female,75010.0,289,9,143.8,1550.13,Groceries,44,Low,15
103887,22,Male,52345.0,252,12,269.47,3182.97,Groceries,24,Low,80
103888,25,Male,82513.0,180,14,24.71,350.78,Fashion,41,Medium,64
103889,51,Male,29325.0,100,10,83.96,741.91,Sports,33,Medium,103
103890,65,Female,69013.0,73,11,214.6,2029.65,Groceries,41,Low,66
103891,69,Male,55375.0,131,8,162.35,1527.5,Sports,47,High,50
103892,29,Female,45907.0,182,13,169.47,2627.18,Electronics,36,Medium,79
103893,55,Female,75427.0,194,7,136.58,974.25,Groceries,45,Medium,79
103894,18,Female,57034.0,18,8,66.61,484.34,Sports,52,Medium,87
103895,48,Male,69320.0,126,11,66.54,864.1,Electronics,32,Low,82
103896,21,Female,85314.0,211,9,102.45,1031.5,Electronics,27,Medium,93
103897,66,Female,75830.0,7,10,151.13,1317.74,Fashion,41,Low,43
103898,62,Female,38393.0,114,12,250.76,2766.39,Sports,30,Medium,33
103899,67,Male,49165.0,340,13,145.11,1512.32,Fashion,46,Medium,93
103900,22,Female,69186.0,84,9,271.38,2522.53,Beauty,31,Low,37
103901,47,Female,75878.0,339,11,53.74,597.38,Electronics,39,High,17
103902,41,Female,52181.0,361,9,96.1,748.62,Groceries,28,Low,26
103903,20,Female,63957.0,102,15,39.75,557.93,Groceries,38,Medium,43
103904,28,Male,63832.0,93,12,162.81,2296.97,Groceries,30,High,58
103905,62,Male,66618.0,316,5,45.21,239.52,Sports,33,Medium,9
103906,21,Female,36421.0,102,10,242.79,2780.43,Home,36,Low,21
103907,43,Female,31699.0,251,6,31.13,212.06,Beauty,33,Medium,104
103908,44,Female,15000.0,24,13,153.11,2325.35,Beauty,36,Medium,116
103909,63,Female,62111.0,167,10,137.77,1125.05,Fashion,38,Medium,65
103910,60,Male,32716.0,140,9,76.63,624.14,Home,39,Medium,63
103911,44,Male,102735.0,94,15,184.32,2671.43,Home,41,Medium,73
103912,59,Male,73082.0,181,14,128.11,1894.05,Electronics,36,Medium,110
103913,68,Male,36363.0,64,11,75.43,865.62,Fashion,37,Medium,27
103914,67,Female,82703.0,4,14,251.44,3162.66,Electronics,35,High,78
103915,23,Female,82750.0,94,11,204.99,1977.81,Home,30,High,36
103916,32,Male,84374.0,272,13,23.4,296.58,Beauty,30,Low,59
103917,47,Male,43839.0,283,5,160.52,722.54,Electronics,31,Low,95
103918,59,Female,74321.0,132,17,95.97,1935.02,Electronics,41,Medium,46
103919,54,Female,84713.0,72,12,276.23,3931.91,Sports,29,Medium,99
103920,54,Female,91417.0,304,8,223.16,1509.17,Fashion,32,High,30
103921,59,Female,29525.0,81,5,191.25,1034.7,Fashion,30,Medium,82
103922,54,Female,55647.0,174,9,44.94,360.49,Home,40,High,17
103923,52,Male,43120.0,300,16,280.58,4879.73,Groceries,44,Medium,105
103924,40,Male,97282.0,52,10,60.38,668.31,Electronics,40,Medium,81
103925,23,Female,69821.0,290,9,146.21,1078.06,Fashion,35,High,52
103926,21,Female,77825.0,237,6,210.69,1362.92,Groceries,37,Medium,114
103927,35,Male,69527.0,277,12,158.54,2204.44,Fashion,38,Medium,47
103928,26,Female,67506.0,280,12,267.09,2841.37,Beauty,36,Medium,92
103929,66,Male,42734.0,44,10,253.9,2148.57,Home,39,Medium,88
103930,46,Male,51070.0,254,9,57.9,535.03,Beauty,40,Low,37
103931,30,Male,61430.0,359,11,192.94,2137.16,Electronics,31,Medium,99
103932,64,Male,47028.0,134,14,34.62,559.47,Sports,29,Medium,92
103933,69,Female,43337.0,56,14,221.76,3043.9,Home,38,Low,14
103934,34,Female,55886.0,14,9,226.09,1964.45,Home,43,Medium,36
103935,62,Male,47897.0,178,12,116.46,1517.13,Home,25,Medium,35
103936,49,Female,60996.0,101,11,240.25,2196.05,Groceries,33,Low,58
103937,65,Female,51143.0,180,10,202.76,1668.34,Home,36,Medium,50
103938,39,Female,46303.0,257,6,161.13,968.68,Sports,29,Medium,6
103939,21,Female,41448.0,268,5,147.48,616.18,Beauty,33,Low,62
103940,22,Male,60122.0,362,17,50.56,1010.5,Electronics,32,Medium,62
103941,54,Female,77766.0,37,12,168.71,2149.43,Fashion,29,Medium,38
103942,58,Male,73017.0,204,14,63.71,982.44,Groceries,36,Medium,115
103943,66,Male,29462.0,259,12,203.69,2179.2,Home,36,Medium,85
103944,30,Female,77195.0,155,10,186.52,1860.74,Fashion,42,Low,92
103945,51,Male,72876.0,238,12,101.35,1038.07,Beauty,29,High,9
103946,62,Female,77745.0,309,18,89.16,1414.29,Home,38,Medium,13
103947,39,Female,81672.0,100,19,153.3,2992.17,Electronics,36,Low,80
103948,40,Male,45447.0,273,18,163.5,2683.91,Sports,39,Medium,111
103949,68,Female,54004.0,113,14,243.42,3976.49,Sports,38,Medium,111
103950,20,Male,95809.0,110,11,105.11,1385.25,Beauty,37,Medium,106
103951,59,Male,94621.0,143,10,132.96,1065.77,Groceries,36,Medium,113
103952,51,Female,58468.0,167,16,116.12,2050.47,Fashion,33,Low,23
103953,49,Female,72062.0,260,7,130.35,772.06,Fashion,36,Medium,96
103954,62,Female,73812.0,145,16,178.79,2946.03,Sports,44,Medium,110
103955,68,Male,95153.0,230,10,176.09,1569.65,Electronics,50,Medium,33
103956,66,Female,66906.0,268,15,121.18,2155.7,Groceries,35,Medium,54
103957,38,Male,35754.0,32,11,188.68,2387.47,Home,42,Low,45
103958,63,Male,50480.0,299,12,192.49,2398.02,Beauty,30,Low,48
103959,61,Female,122671.0,219,8,167.53,1166.55,Groceries,30,Medium,85
103960,38,Female,34828.0,177,8,146.66,1305.95,Sports,30,Medium,68
103961,61,Female,61006.0,104,8,41.82,337.28,Beauty,36,High,61
103962,28,Male,106271.0,236,10,171.56,1792.16,Home,32,Low,99
103963,56,Female,44005.0,93,11,219.56,2625.71,Groceries,32,Low,106
103964,21,Male,15000.0,201,11,80.29,853.63,Electronics,29,High,52
103965,68,Female,15000.0,299,10,237.79,1909.68,Fashion,31,Low,46
103966,18,Female,44116.0,231,9,184.2,1567.73,Home,31,Medium,44
103967,45,Male,24741.0,255,16,86.51,1336.34,Groceries,37,Medium,75
103968,41,Male,80743.0,85,9,65.63,559.23,Electronics,40,Medium,49
103969,52,Female,65363.0,35,16,88.71,1607.31,Groceries,34,High,37
103970,30,Female,17323.0,117,11,232.54,2386.41,Home,32,Medium,41
103971,64,Female,28093.0,176,8,90.14,696.99,Electronics,35,Low,22
103972,51,Female,84803.0,276,10,211.3,1742.47,Beauty,38,High,42
103973,28,Female,63863.0,85,10,172.83,1878.22,Fashion,35,Medium,58
103974,53,Male,88673.0,117,9,173.12,1380.72,Electronics,43,High,52
103975,68,Male,82380.0,362,9,258.73,2081.75,Groceries,37,Medium,53
103976,34,Male,36990.0,204,11,264.92,3015.36,Groceries,44,Low,49
103977,52,Male,77639.0,146,11,170.33,2236.03,Groceries,34,Low,13
103978,35,Female,71257.0,215,11,38.28,405.95,Beauty,38,Medium,62
103979,57,Male,20766.0,105,8,65.13,485.02,Groceries,36,Low,36
103980,39,Male,32760.0,349,9,285.63,2093.77,Groceries,33,High,52
103981,41,Male,108753.0,297,11,57.71,707.78,Beauty,34,Low,41
103982,36,Female,41447.0,356,8,253.9,1837.25,Sports,30,Low,37
103983,54,Male,68230.0,69,13,171.31,2466.52,Electronics,32,Low,19
103984,56,Female,56187.0,255,14,51.92,663.57,Electronics,32,Low,104
103985,38,Male,63674.0,231,9,277.46,2027.57,Electronics,42,Low,106
103986,25,Female,57510.0,203,17,279.87,4754.39,Electronics,29,Low,58
103987,45,Male,79304.0,362,13,192.3,2905.94,Home,35,Low,119
103988,22,Female,78780.0,248,10,128.88,1139.6,Groceries,29,Low,24
103989,34,Male,62358.0,249,13,190.1,2129.19,Sports,27,Medium,63
103990,54,Female,41911.0,144,17,195.77,2908.46,Beauty,29,Medium,100
103991,53,Female,48624.0,283,14,194.2,2925.73,Home,37,Low,55
103992,36,Male,28482.0,356,9,225.35,1920.57,Electronics,47,High,4
103993,44,Female,53311.0,241,12,38.8,420.17,Beauty,29,Low,25
103994,51,Female,24671.0,341,8,48.71,364.38,Electronics,34,Medium,61
103995,28,Male,64377.0,229,6,99.18,549.64,Beauty,22,High,31
103996,62,Male,65920.0,31,7,117.91,839.82,Sports,42,Medium,21
103997,64,Female,80105.0,109,10,198.65,1695.15,Electronics,32,Low,94
103998,29,Male,35598.0,27,13,68.13,888.78,Electronics,34,High,5
103999,38,Male,36956.0,343,12,171.49,1902.92,Electronics,31,Low,68
104000,28,Male,90494.0,160,11,71.9,927.77,Electronics,32,Medium,96
104001,56,Female,32625.0,17,8,119.54,926.41,Home,34,High,5
104002,45,Female,101024.0,267,6,281.94,1420.98,Home,33,Medium,113
104003,22,Female,41522.0,129,12,270.8,3813.22,Home,41,Medium,16
104004,34,Female,41662.0,220,11,286.87,3707.79,Electronics,37,High,91
104005,37,Female,76856.0,82,14,185.6,2261.12,Fashion,25,Low,12
104006,58,Female,70988.0,49,11,160.36,1987.22,Home,34,Medium,65
104007,63,Female,92831.0,41,11,257.7,3245.1,Groceries,32,Medium,66
104008,29,Male,22174.0,20,9,42.31,358.8,Groceries,35,Medium,72
104009,23,Female,70673.0,327,11,293.97,2793.24,Fashion,36,Medium,43
104010,34,Female,59081.0,37,10,149.46,1673.02,Sports,31,High,98
104011,68,Male,38465.0,39,12,209.22,2036.94,Groceries,35,Medium,109
104012,36,Male,97629.0,109,18,223.97,4224.01,Beauty,47,Medium,25
104013,43,Male,64707.0,64,12,196.08,2204.23,Sports,26,Medium,98
104014,65,Female,58743.0,175,10,269.63,2799.87,Groceries,31,High,46
104015,61,Male,69080.0,279,14,100.69,1572.53,Beauty,30,Low,112
104016,61,Female,25433.0,32,6,169.05,1147.68,Fashion,31,Medium,1
104017,69,Female,35028.0,209,4,140.49,674.01,Home,35,Medium,78
104018,49,Female,53348.0,19,12,217.16,2752.09,Sports,36,High,32
104019,23,Male,66328.0,106,13,130.63,1510.35,Beauty,41,Medium,61
104020,53,Male,85493.0,206,11,270.0,2704.01,Beauty,32,Medium,29
104021,55,Female,42302.0,247,10,157.32,1533.02,Sports,33,Low,48
104022,28,Female,37734.0,323,12,170.08,2325.45,Fashion,29,Low,83
104023,50,Female,70029.0,167,11,158.15,1647.0,Sports,30,Low,94
104024,41,Male,57282.0,89,7,194.34,1462.83,Groceries,40,Medium,23
104025,40,Female,21575.0,316,15,162.91,1998.99,Home,34,Low,69
104026,32,Male,41632.0,11,12,282.48,3294.93,Electronics,29,High,87
104027,44,Female,56365.0,49,11,56.71,540.73,Fashion,41,High,99
104028,28,Male,56916.0,61,9,23.76,251.34,Sports,39,Low,53
104029,68,Female,61797.0,171,3,166.1,556.39,Sports,27,Low,117
104030,67,Male,33994.0,143,12,234.1,2403.26,Sports,32,Medium,71
104031,34,Male,57380.0,207,14,201.49,2710.11,Sports,38,Medium,95
104032,68,Male,78942.0,201,14,289.57,3373.87,Fashion,38,Low,78
104033,31,Male,15000.0,5,17,71.04,1326.79,Groceries,29,Low,91
104034,44,Male,54352.0,211,8,214.32,1502.89,Groceries,34,Low,114
104035,35,Male,26761.0,29,8,248.44,2229.47,Home,37,Medium,104
104036,45,Female,59355.0,190,11,275.38,2513.04,Home,35,Medium,87
104037,68,Female,29904.0,188,11,167.99,1901.82,Electronics,33,Medium,108
104038,64,Female,62681.0,325,13,121.67,1650.17,Groceries,24,Medium,26
104039,64,Female,92533.0,255,13,287.5,3489.83,Beauty,26,Low,71
104040,21,Male,40411.0,150,9,241.61,1882.42,Fashion,52,High,21
104041,24,Female,43311.0,13,10,151.84,1411.4,Groceries,40,Medium,88
104042,62,Male,50603.0,157,16,202.33,3231.47,Groceries,26,Medium,81
104043,52,Male,66374.0,80,11,98.0,1280.28,Home,37,Medium,60
104044,65,Male,39619.0,356,7,192.16,1316.57,Beauty,35,Low,55
104045,26,Female,52396.0,273,11,171.21,1649.31,Sports,39,High,107
104046,25,Male,46610.0,148,12,30.98,301.26,Sports,39,Medium,73
104047,69,Female,50669.0,206,11,262.41,2318.71,Beauty,38,Low,79
104048,62,Female,66608.0,114,10,157.25,1520.13,Groceries,30,Medium,111
104049,34,Female,71021.0,6,9,154.33,1275.8,Groceries,48,Low,68
104050,34,Female,30464.0,278,14,99.36,1176.87,Groceries,34,Medium,88
104051,66,Female,66530.0,232,5,74.99,325.78,Groceries,35,Medium,95
104052,50,Male,122915.0,137,15,101.58,1432.22,Home,28,High,12
104053,49,Male,90885.0,160,11,201.99,2387.76,Groceries,31,High,108
104054,25,Female,47163.0,344,13,47.34,642.4,Groceries,39,Low,8
104055,36,Male,62638.0,289,9,113.2,847.62,Electronics,33,Medium,17
104056,55,Female,59328.0,205,11,294.05,2772.69,Electronics,38,Medium,113
104057,20,Male,69189.0,326,7,96.03,782.02,Groceries,35,Medium,43
104058,22,Male,51556.0,305,8,290.66,1926.34,Sports,36,Medium,9
104059,30,Male,54617.0,360,7,49.35,303.84,Fashion,34,High,17
104060,64,Male,45384.0,158,9,242.32,2022.06,Electronics,40,Low,16
104061,63,Male,81909.0,358,11,143.13,1404.47,Groceries,23,Low,51
104062,48,Male,66219.0,106,11,74.55,751.44,Electronics,41,Low,35
104063,33,Male,66371.0,82,9,240.48,2361.48,Groceries,43,High,52
104064,67,Male,84368.0,342,6,21.95,110.37,Sports,32,Low,77
104065,49,Male,84663.0,270,12,117.2,1323.27,Sports,29,Medium,12
104066,39,Male,80890.0,49,10,189.36,1978.23,Electronics,25,Low,115
104067,46,Male,84063.0,206,14,84.67,971.46,Beauty,33,Low,94
104068,39,Male,91253.0,218,11,113.11,1017.41,Fashion,25,Medium,67
104069,60,Male,40668.0,306,12,45.61,547.01,Fashion,34,Medium,69
104070,20,Female,54026.0,164,12,258.9,3603.67,Fashion,36,Medium,101
104071,27,Male,74179.0,279,13,138.21,1757.04,Beauty,40,Medium,13
104072,59,Male,42289.0,322,5,60.68,292.07,Fashion,41,Medium,119
104073,38,Male,52735.0,231,13,75.75,791.8,Home,36,High,13
104074,33,Male,63888.0,199,15,97.05,1591.26,Beauty,32,Medium,28
104075,29,Male,55397.0,214,13,84.25,948.09,Groceries,34,Medium,47
104076,19,Male,61320.0,284,5,160.93,868.54,Sports,40,Low,44
104077,58,Female,37092.0,276,10,273.46,2568.89,Fashion,37,Medium,63
104078,41,Female,59245.0,185,10,71.5,584.87,Home,30,Low,69
104079,52,Female,62680.0,210,11,146.97,1505.38,Groceries,42,Low,20
104080,47,Male,92300.0,121,11,205.9,2409.46,Home,43,Medium,92
104081,47,Male,54627.0,216,17,71.46,1345.21,Electronics,40,Medium,36
104082,64,Male,46995.0,97,12,63.12,798.51,Electronics,42,Medium,45
104083,52,Female,74259.0,119,12,63.5,826.33,Fashion,32,Medium,112
104084,36,Male,15000.0,282,10,266.96,2387.6,Electronics,39,Medium,82
104085,67,Male,53653.0,106,11,219.15,2859.27,Groceries,28,High,57
104086,25,Female,49726.0,318,14,114.18,1423.9,Fashion,38,High,87
104087,43,Female,65218.0,142,10,272.72,2367.32,Home,43,Low,91
104088,66,Male,84925.0,323,9,286.99,2324.42,Sports,28,Medium,2
104089,57,Male,91026.0,268,14,131.52,2188.95,Sports,35,Medium,42
104090,24,Male,64939.0,291,11,162.93,1480.35,Sports,32,Medium,104
104091,47,Male,28966.0,167,11,120.26,1467.55,Groceries,37,High,50
104092,24,Female,49716.0,160,9,83.72,634.52,Fashion,30,Low,31
104093,20,Male,51909.0,231,6,238.4,1586.77,Electronics,37,Medium,82
104094,18,Male,67344.0,14,11,201.74,2021.21,Fashion,39,Low,116
104095,53,Female,61125.0,193,9,122.73,1204.7,Home,32,Medium,48
104096,42,Male,46234.0,155,12,24.03,236.34,Sports,37,Medium,111
104097,54,Male,34967.0,101,18,233.83,3930.47,Fashion,33,High,87
104098,18,Female,42628.0,60,9,153.66,1363.37,Beauty,38,Low,80
104099,32,Female,41893.0,43,18,40.46,588.65,Fashion,29,High,26
104100,54,Male,92432.0,193,6,54.86,287.14,Beauty,37,Medium,25
104101,30,Female,44607.0,311,10,195.95,1699.9,Electronics,44,Medium,101
104102,57,Female,61203.0,109,9,172.97,1545.15,Home,40,Medium,35
104103,25,Male,79369.0,93,13,87.33,968.71,Sports,31,Medium,111
104104,22,Female,63898.0,216,8,59.17,563.71,Electronics,32,High,86
104105,26,Male,38280.0,163,9,267.73,2782.5,Sports,37,Low,73
104106,18,Male,79702.0,351,12,57.76,616.69,Electronics,41,Medium,34
104107,53,Male,67084.0,234,11,43.99,432.44,Electronics,33,Low,45
104108,52,Male,16290.0,351,11,193.58,2510.48,Sports,35,Medium,23
104109,19,Female,84914.0,167,6,90.71,500.62,Home,32,Low,106
104110,57,Male,77468.0,148,14,203.85,2766.33,Groceries,33,Medium,91
104111,40,Male,66770.0,28,16,156.95,2713.58,Groceries,28,High,74
104112,26,Male,92695.0,259,14,79.15,1038.97,Fashion,39,Low,16
104113,51,Male,77009.0,86,19,39.5,871.32,Fashion,39,Low,4
104114,63,Female,82559.0,108,11,39.78,453.16,Home,36,Medium,54
104115,31,Female,80728.0,117,12,184.04,2267.88,Groceries,41,Low,95
104116,21,Female,75141.0,364,10,232.31,2373.55,Fashion,39,Low,68
104117,47,Male,24182.0,15,9,213.1,1620.28,Groceries,33,Low,111
104118,48,Female,26571.0,211,12,186.0,2491.31,Groceries,48,Low,114
104119,55,Female,77017.0,318,12,79.06,976.09,Groceries,26,High,53
104120,28,Male,84633.0,31,9,261.3,1931.7,Fashion,38,High,14
104121,52,Female,45897.0,282,14,196.08,3129.83,Fashion,47,Medium,80
104122,25,Male,37725.0,185,4,214.38,936.23,Home,34,Medium,111
104123,20,Female,65253.0,66,12,82.67,908.27,Electronics,36,Low,83
104124,31,Female,30959.0,316,11,93.22,937.66,Fashion,32,Medium,3
104125,30,Female,56622.0,63,11,274.11,3020.9,Sports,33,High,42
104126,62,Female,52898.0,228,7,153.3,861.58,Electronics,43,Medium,110
104127,49,Male,55511.0,101,7,175.08,1377.34,Groceries,40,Low,67
104128,51,Male,97689.0,356,10,51.01,600.29,Home,43,Low,50
104129,62,Female,47320.0,139,10,130.48,1276.93,Sports,43,High,20
104130,36,Male,61068.0,119,13,268.37,3539.85,Beauty,40,Low,55
104131,55,Female,33757.0,57,5,272.04,1528.75,Sports,36,Low,66
104132,33,Female,78807.0,131,9,224.44,1840.26,Electronics,34,Medium,84
104133,19,Female,56408.0,37,7,172.78,1205.46,Home,30,High,53
104134,57,Female,83566.0,111,9,280.63,2132.67,Beauty,41,Low,26
104135,34,Female,15000.0,153,11,264.12,3139.96,Electronics,45,High,19
104136,51,Female,58837.0,250,10,256.98,2870.83,Beauty,49,High,117
104137,59,Male,62643.0,242,16,266.91,3530.74,Fashion,37,Medium,63
104138,33,Male,78230.0,208,8,146.91,1355.06,Beauty,34,High,117
104139,55,Female,47160.0,170,13,167.14,2063.76,Groceries,32,High,114
104140,19,Male,75736.0,257,11,138.72,1783.62,Beauty,41,Low,33
104141,19,Female,49451.0,279,7,227.22,1845.14,Home,26,High,111
104142,43,Male,61875.0,363,16,185.74,3317.64,Fashion,38,Medium,98
104143,30,Male,78439.0,113,7,39.52,313.17,Groceries,37,Medium,28
104144,64,Male,41405.0,175,6,58.25,320.05,Groceries,39,High,48
104145,48,Female,74812.0,89,14,73.85,979.02,Fashion,30,Low,53
104146,51,Male,66698.0,135,8,207.76,1489.26,Home,32,Medium,56
104147,56,Female,53327.0,294,7,50.75,334.58,Sports,40,Low,49
104148,20,Female,46636.0,303,13,171.43,2283.77,Electronics,37,High,78
104149,25,Female,17983.0,359,7,255.43,2048.37,Home,29,Low,63
104150,40,Male,58395.0,206,14,285.3,4069.58,Beauty,27,Low,118
104151,31,Male,53360.0,318,5,139.91,754.59,Sports,42,Low,14
104152,44,Male,72783.0,73,10,169.36,1446.87,Sports,27,Medium,115
104153,46,Female,70760.0,259,10,252.83,2972.84,Beauty,29,Low,29
104154,56,Female,81402.0,358,13,282.01,3788.11,Sports,44,High,53
104155,56,Male,82135.0,148,10,129.16,1434.09,Electronics,24,Medium,26
104156,18,Female,123111.0,225,14,118.86,1995.89,Electronics,25,Medium,33
104157,34,Male,70273.0,105,14,146.24,2341.96,Electronics,29,High,69
104158,58,Male,42791.0,44,9,91.07,821.06,Sports,31,Low,106
104159,47,Male,76524.0,356,10,260.71,2990.91,Fashion,35,Medium,66
104160,30,Male,92118.0,26,7,109.1,812.25,Electronics,24,High,73
104161,38,Female,69498.0,304,19,145.85,3026.12,Sports,29,Medium,19
104162,36,Male,17514.0,261,12,109.59,1387.3,Home,32,Medium,91
104163,36,Male,71107.0,59,13,53.3,634.04,Sports,40,Low,59
104164,42,Male,47403.0,61,8,189.86,1418.32,Electronics,30,Low,91
104165,39,Male,33561.0,305,6,184.53,1133.02,Electronics,47,High,90
104166,48,Male,63734.0,70,10,102.57,1179.18,Electronics,44,High,101
104167,34,Male,29484.0,271,12,28.79,338.92,Fashion,34,Medium,101
104168,40,Male,80463.0,257,13,282.29,3729.32,Groceries,31,High,78
104169,49,Female,74618.0,125,10,119.55,1132.9,Beauty,39,Medium,3
104170,27,Female,58267.0,19,17,170.85,2344.63,Beauty,33,Low,58
104171,27,Female,48998.0,119,11,60.25,700.8,Fashion,44,Low,21
104172,53,Female,56318.0,320,12,90.33,1112.55,Home,31,High,46
104173,25,Male,39782.0,66,8,141.87,1352.08,Electronics,31,High,101
104174,69,Female,58459.0,245,9,177.43,1601.96,Groceries,39,Medium,40
104175,37,Female,15000.0,57,11,259.12,2890.16,Home,33,Low,72
104176,49,Female,61774.0,44,12,101.32,1109.95,Sports,33,High,70
104177,67,Male,62284.0,12,12,264.1,2661.62,Beauty,43,Medium,66
104178,31,Female,76903.0,236,9,148.36,1446.1,Groceries,28,Medium,57
104179,67,Female,65996.0,24,7,141.15,1109.94,Fashion,30,High,6
104180,45,Male,79547.0,257,11,131.0,1654.09,Electronics,30,Medium,119
104181,63,Female,70941.0,284,12,268.13,3094.36,Groceries,34,Medium,59
104182,69,Male,80730.0,324,9,90.28,878.68,Home,37,Low,39
104183,41,Female,112429.0,361,9,260.06,2118.37,Fashion,32,Low,75
104184,32,Male,68400.0,251,10,44.95,405.05,Home,31,Low,69
104185,39,Female,63680.0,94,10,287.49,3444.96,Home,27,Medium,74
104186,47,Female,83741.0,22,9,160.84,1649.89,Beauty,33,High,52
104187,21,Female,50635.0,157,9,299.69,2434.19,Electronics,39,Medium,111
104188,30,Male,57616.0,89,8,190.22,1481.22,Groceries,43,Low,103
104189,40,Female,68420.0,202,12,52.93,651.67,Home,35,Medium,38
104190,25,Male,61448.0,197,15,37.05,447.48,Fashion,34,Low,71
104191,35,Male,61358.0,45,13,74.16,1141.19,Home,40,Medium,100
104192,29,Male,77996.0,79,11,137.92,1279.7,Home,33,High,111
104193,48,Male,26079.0,39,10,229.21,2582.96,Fashion,37,Low,82
104194,31,Female,100669.0,284,10,20.2,240.46,Sports,31,Medium,74
104195,51,Female,69718.0,155,15,92.06,1493.71,Home,37,Low,57
104196,35,Female,51995.0,149,9,184.52,1970.69,Fashion,38,Low,7
104197,51,Male,92561.0,343,12,103.41,1002.51,Electronics,39,Low,36
104198,28,Female,62071.0,52,10,119.94,1129.62,Groceries,46,Low,95
104199,58,Male,62598.0,251,10,104.21,1032.28,Fashion,43,Medium,50
104200,29,Male,55706.0,147,10,286.89,3193.59,Fashion,38,High,72
104201,66,Male,89354.0,329,6,38.43,244.83,Groceries,36,Medium,40
104202,32,Female,59813.0,350,13,274.1,3899.69,Fashion,39,Medium,74
104203,48,Female,48832.0,258,10,110.51,948.03,Sports,45,Medium,40
104204,66,Male,79975.0,273,16,89.03,1620.92,Electronics,36,Low,51
104205,46,Female,83659.0,125,12,267.32,3621.3,Sports,35,Medium,92
104206,43,Female,92132.0,204,10,100.38,1111.77,Home,34,Low,90
104207,35,Male,72672.0,256,14,296.5,4678.92,Beauty,37,Medium,20
104208,49,Male,82925.0,131,12,173.46,1843.06,Electronics,31,Low,2
104209,39,Female,54815.0,21,8,153.38,1050.48,Home,31,Low,110
104210,55,Male,80516.0,78,15,293.42,5096.81,Groceries,24,Medium,87
104211,34,Male,74850.0,335,10,83.49,987.52,Fashion,28,Medium,23
104212,40,Female,70609.0,51,14,274.51,3726.72,Fashion,30,Low,81
104213,41,Female,28858.0,362,15,185.63,2725.42,Electronics,37,Medium,41
104214,67,Male,52237.0,361,12,231.39,3044.33,Beauty,28,Low,57
104215,25,Female,59086.0,266,11,182.97,2008.64,Beauty,37,Low,21
104216,58,Male,70632.0,116,13,193.22,2324.53,Fashion,41,High,39
104217,23,Male,108015.0,55,5,63.38,277.62,Fashion,38,Low,26
104218,22,Female,77185.0,292,10,62.47,505.42,Home,34,High,95
104219,61,Male,43800.0,51,7,131.2,950.62,Sports,51,Medium,72
104220,46,Male,50395.0,330,20,116.99,2004.88,Fashion,36,Low,51
104221,45,Male,87797.0,273,8,219.38,2006.61,Home,45,Medium,71
104222,28,Female,49516.0,254,12,222.37,3183.84,Sports,34,Low,21
104223,18,Female,80374.0,61,11,177.86,1923.39,Fashion,34,Medium,116
104224,60,Female,62344.0,347,13,132.56,1458.29,Electronics,34,Low,58
104225,36,Male,56672.0,351,18,209.51,3896.41,Electronics,31,Low,50
104226,26,Male,49819.0,225,10,212.46,2187.38,Electronics,45,Low,23
104227,44,Female,15000.0,336,6,246.55,1262.35,Groceries,36,Medium,77
104228,51,Female,70795.0,103,13,247.28,3403.57,Electronics,35,High,119
104229,61,Female,38957.0,48,8,39.48,292.6,Fashion,26,Medium,42
104230,21,Male,31633.0,225,8,124.73,1135.74,Fashion,44,High,42
104231,53,Female,64955.0,342,12,137.58,1709.02,Beauty,34,Low,92
104232,35,Male,80591.0,233,14,257.14,3503.41,Electronics,27,Medium,40
104233,32,Female,26064.0,70,13,160.51,2473.34,Beauty,30,Medium,27
104234,68,Male,80068.0,47,14,156.87,2188.47,Electronics,33,Medium,96
104235,30,Male,41936.0,228,10,175.06,2021.8,Home,34,Medium,20
104236,36,Female,72979.0,10,6,55.62,302.26,Sports,24,Low,62
104237,66,Male,71579.0,185,14,178.28,2437.79,Electronics,39,Low,13
104238,23,Female,55867.0,80,9,174.43,1308.57,Home,30,Medium,42
104239,65,Male,60597.0,13,11,231.24,2465.05,Fashion,34,Medium,66
104240,29,Male,52076.0,314,9,197.56,2058.61,Electronics,30,Low,43
104241,68,Female,65271.0,340,12,287.41,3903.44,Home,31,Medium,83
104242,54,Male,65094.0,324,9,42.43,454.53,Home,24,Low,49
104243,34,Female,41522.0,84,9,236.06,2336.77,Sports,29,Medium,79
104244,40,Female,32843.0,86,18,230.42,3768.45,Fashion,32,High,91
104245,43,Female,80167.0,157,7,95.42,577.32,Sports,44,Medium,12
104246,46,Male,64080.0,144,14,215.59,2631.34,Sports,41,High,118
104247,50,Male,77397.0,63,11,204.61,2396.0,Beauty,49,Medium,40
104248,44,Male,46592.0,43,11,103.64,1086.34,Beauty,31,Medium,74
104249,42,Female,43511.0,158,10,222.66,2150.04,Sports,37,Low,92
104250,27,Female,39763.0,185,15,280.58,4815.72,Fashion,38,Medium,68
104251,64,Male,56385.0,286,14,105.46,1610.3,Electronics,37,Low,4
104252,40,Male,64649.0,323,13,294.42,3382.36,Sports,26,Medium,92
104253,38,Female,49124.0,24,7,82.8,503.35,Groceries,41,Medium,42
104254,38,Male,91296.0,357,11,57.7,716.43,Fashion,21,Low,108
104255,60,Female,47157.0,205,10,41.57,491.13,Home,27,Low,93
104256,30,Male,64976.0,362,11,79.83,767.54,Home,37,Medium,12
104257,54,Female,42339.0,224,11,115.9,1505.28,Fashion,30,Low,113
104258,50,Male,46538.0,101,15,225.28,3284.23,Home,31,Low,22
104259,41,Male,58273.0,204,20,40.16,933.53,Fashion,32,Medium,68
104260,61,Female,43347.0,8,13,162.03,2317.75,Electronics,25,Low,89
104261,28,Female,61788.0,172,13,165.25,2496.36,Beauty,40,Medium,114
104262,34,Female,68805.0,208,10,83.82,886.87,Beauty,21,Medium,72
104263,21,Male,81867.0,96,14,32.73,395.35,Fashion,49,Medium,93
104264,64,Female,38402.0,162,9,83.03,615.86,Electronics,29,High,71
104265,42,Female,63357.0,291,8,84.51,710.46,Fashion,37,Low,8
104266,47,Male,58761.0,96,10,212.65,1750.84,Sports,38,Medium,18
104267,26,Female,23036.0,306,12,85.46,917.22,Groceries,32,Medium,90
104268,38,Female,37424.0,145,9,115.27,915.52,Electronics,30,High,60
104269,37,Female,69499.0,258,7,33.28,226.17,Groceries,41,Medium,73
104270,36,Male,32947.0,300,8,194.7,1618.27,Home,41,Medium,61
104271,36,Male,58532.0,102,12,152.76,2134.61,Electronics,40,Low,100
104272,29,Male,17551.0,177,11,116.59,1506.25,Home,36,Medium,31
104273,54,Female,57941.0,328,18,216.81,4655.58,Sports,31,Medium,113
104274,59,Male,18930.0,110,10,210.99,2332.56,Beauty,33,Medium,6
104275,34,Female,47908.0,198,12,111.81,1567.83,Sports,35,Medium,100
104276,54,Female,51245.0,129,9,218.63,2196.41,Electronics,51,Low,79
104277,65,Female,62461.0,359,10,117.5,1367.98,Electronics,33,Medium,18
104278,56,Male,54949.0,137,9,82.16,622.36,Groceries,42,Medium,113
104279,45,Male,35282.0,27,10,221.55,2624.55,Home,30,Medium,54
104280,58,Female,35656.0,137,14,223.85,2801.16,Groceries,28,Low,40
104281,52,Female,27718.0,164,6,262.41,1617.58,Electronics,42,Medium,51
104282,64,Male,64130.0,349,10,160.26,1613.39,Beauty,29,High,108
104283,65,Male,63247.0,356,17,85.07,1483.48,Groceries,41,Low,74
104284,35,Male,73388.0,131,9,254.33,2473.95,Electronics,40,Low,72
104285,31,Female,49997.0,151,10,68.91,700.01,Fashion,33,Medium,89
104286,52,Male,25313.0,246,11,282.81,3345.78,Home,28,Low,98
104287,61,Male,53680.0,110,14,105.86,1502.43,Sports,29,High,36
104288,58,Male,60221.0,73,7,25.25,142.25,Sports,36,High,6
104289,24,Female,36705.0,286,9,72.29,683.76,Groceries,41,Medium,23
104290,58,Male,38603.0,275,9,136.14,1252.31,Beauty,33,Medium,48
104291,30,Female,69018.0,358,9,35.45,330.01,Sports,30,Medium,100
104292,35,Female,62012.0,67,10,134.67,1078.2,Fashion,32,Medium,20
104293,54,Female,82657.0,50,12,76.81,910.2,Fashion,38,Medium,61
104294,30,Male,94442.0,304,13,25.31,378.38,Groceries,38,Low,87
104295,53,Male,29944.0,3,8,103.72,774.18,Sports,39,Low,55
104296,48,Male,51623.0,226,14,83.37,1141.45,Sports,36,Medium,87
104297,19,Female,62473.0,66,6,137.53,700.56,Electronics,34,Medium,117
104298,33,Male,67271.0,155,11,232.52,2506.81,Groceries,36,Medium,36
104299,26,Female,80318.0,362,19,162.74,2963.16,Electronics,29,Low,110
104300,26,Male,74572.0,111,7,235.06,1897.53,Fashion,37,Medium,45
104301,55,Male,82769.0,296,4,114.27,372.14,Beauty,41,Low,86
104302,28,Male,61227.0,256,12,23.69,335.59,Groceries,39,Medium,87
104303,39,Male,47430.0,274,15,278.21,4300.69,Beauty,30,Low,42
104304,50,Female,98999.0,155,10,108.12,1094.02,Electronics,33,Low,73
104305,53,Female,63067.0,139,14,167.53,2707.74,Beauty,40,Low,29
104306,62,Female,55163.0,167,10,151.38,1326.7,Fashion,43,Low,21
104307,40,Female,38556.0,19,17,183.26,2752.8,Beauty,44,High,102
104308,62,Male,63189.0,345,13,267.79,4002.66,Sports,33,Low,62
104309,62,Female,80090.0,223,10,262.83,3079.78,Groceries,30,Medium,37
104310,51,Female,49991.0,57,10,294.69,3345.1,Electronics,35,Medium,37
104311,26,Female,57332.0,294,9,167.94,1234.12,Beauty,29,Low,30
104312,41,Male,64983.0,133,9,278.29,2656.96,Beauty,27,Medium,67
104313,25,Female,69443.0,338,12,155.09,1824.71,Home,28,Medium,33
104314,24,Female,54803.0,292,16,32.43,582.77,Beauty,31,Low,114
104315,53,Male,52128.0,344,9,60.93,473.38,Sports,28,Medium,61
104316,35,Male,49785.0,205,10,113.52,1326.06,Beauty,38,Medium,48
104317,20,Female,37868.0,119,12,223.13,2501.27,Electronics,37,Medium,103
104318,45,Female,44596.0,253,11,42.78,437.31,Electronics,38,High,43
104319,23,Male,44059.0,85,7,121.23,739.45,Groceries,33,Low,80
104320,61,Female,29156.0,185,13,295.06,3079.29,Home,39,High,28
104321,61,Male,79859.0,225,16,239.99,3552.23,Sports,42,Low,20
104322,38,Female,67191.0,148,9,180.16,1393.35,Sports,27,Medium,43
104323,45,Female,62845.0,280,10,37.3,408.53,Groceries,33,Low,74
104324,57,Female,86091.0,227,20,24.09,531.26,Groceries,33,Medium,115
104325,18,Female,74357.0,286,14,49.47,783.43,Groceries,32,Medium,28
104326,53,Female,44208.0,284,10,111.6,895.23,Home,43,Medium,109
104327,38,Male,83468.0,181,7,189.79,1249.61,Groceries,32,Low,100
104328,60,Male,79445.0,109,8,75.29,483.26,Home,30,Medium,8
104329,52,Female,37642.0,135,15,34.32,516.39,Home,32,Medium,103
104330,30,Female,78056.0,291,12,45.44,634.49,Fashion,21,High,88
104331,66,Female,50655.0,290,12,139.5,1612.32,Groceries,42,Low,65
104332,27,Male,79943.0,103,19,236.48,5164.69,Groceries,34,Medium,17
104333,61,Male,53241.0,201,15,249.9,4419.6,Sports,32,Medium,60
104334,64,Male,49333.0,117,9,101.49,817.64,Groceries,34,Medium,20
104335,27,Male,51395.0,332,9,205.76,1488.99,Home,29,Medium,13
104336,63,Male,40557.0,310,13,129.96,1851.38,Groceries,40,Medium,13
104337,30,Male,30393.0,29,12,292.3,3618.45,Electronics,36,Medium,105
104338,54,Male,15000.0,27,7,133.39,876.64,Sports,36,High,31
104339,55,Male,38907.0,13,15,130.85,1858.81,Beauty,33,Medium,22
104340,41,Female,112612.0,42,14,160.44,1869.68,Electronics,34,Low,15
104341,19,Male,69565.0,224,13,27.14,405.19,Home,43,High,79
104342,39,Male,97284.0,21,10,137.02,1228.83,Electronics,37,Low,98
104343,34,Male,53636.0,136,14,252.04,2959.9,Beauty,29,Medium,47
104344,53,Male,50634.0,326,10,191.38,2127.79,Home,35,Medium,36
104345,31,Female,94331.0,221,12,291.44,3476.4,Sports,33,Low,96
104346,27,Male,67515.0,145,9,111.17,1105.74,Beauty,33,Low,13
104347,52,Female,40894.0,10,15,65.23,1135.74,Fashion,36,Low,84
104348,42,Female,72658.0,225,9,230.16,1973.77,Electronics,25,Medium,25
104349,20,Female,85018.0,141,12,32.22,317.74,Sports,35,Low,53
104350,64,Male,31443.0,106,12,64.68,699.55,Fashion,35,High,86
104351,55,Male,69293.0,268,16,161.95,2125.89,Home,33,Low,67
104352,34,Male,32766.0,194,9,230.99,1787.16,Home,45,Medium,41
104353,29,Female,83935.0,128,13,188.27,2789.13,Fashion,45,Medium,116
104354,69,Female,64614.0,213,13,298.57,4566.74,Beauty,31,Low,29
104355,41,Female,72593.0,151,13,203.38,2831.04,Beauty,40,Medium,41
104356,46,Female,55651.0,180,10,222.99,2436.68,Sports,38,Medium,68
104357,60,Male,24368.0,317,12,298.3,3911.05,Fashion,29,Medium,82
104358,42,Male,51171.0,26,10,185.89,1578.84,Electronics,43,High,54
104359,53,Male,78597.0,15,7,220.09,1261.54,Fashion,37,Low,40
104360,43,Female,99873.0,22,11,103.53,1229.21,Groceries,34,High,21
104361,55,Female,65646.0,345,9,170.29,1249.03,Electronics,35,Low,95
104362,18,Male,46273.0,65,13,275.35,4025.93,Sports,25,Low,98
104363,37,Male,70714.0,251,10,258.93,2683.69,Electronics,34,High,17
104364,45,Female,76798.0,21,6,105.76,536.46,Home,31,Medium,117
104365,33,Male,62655.0,233,8,120.02,1021.34,Home,35,Medium,116
104366,64,Male,61424.0,16,9,256.98,2411.17,Home,30,Medium,90
104367,34,Female,64272.0,272,6,99.71,568.66,Electronics,30,Medium,89
104368,57,Female,60871.0,205,6,268.53,1815.94,Home,28,Medium,4
104369,45,Female,65956.0,298,13,236.66,2836.12,Beauty,32,Medium,60
104370,29,Male,96551.0,160,9,62.66,536.4,Beauty,35,Medium,103
104371,44,Female,19334.0,41,14,221.53,3345.34,Sports,39,Medium,92
104372,59,Male,55231.0,108,5,253.61,1395.89,Sports,42,Medium,38
104373,64,Male,41353.0,125,8,60.42,439.58,Electronics,29,Medium,66
104374,47,Female,83616.0,152,8,148.06,955.54,Fashion,29,High,52
104375,58,Male,57182.0,13,6,261.54,1366.06,Fashion,38,High,67
104376,51,Female,71194.0,203,13,75.62,889.94,Sports,37,Medium,29
104377,54,Female,88546.0,79,9,145.74,1524.15,Electronics,36,Medium,28
104378,23,Male,38380.0,42,10,191.58,2217.43,Sports,30,Medium,60
104379,24,Male,49450.0,169,14,47.23,703.72,Home,33,Low,102
104380,49,Female,86482.0,249,10,79.38,860.26,Home,31,Medium,91
104381,49,Female,37579.0,121,10,150.68,1579.88,Sports,35,High,7
104382,42,Female,50124.0,272,9,124.63,1246.93,Home,36,High,21
104383,50,Female,27993.0,300,18,110.94,1878.06,Groceries,30,High,38
104384,24,Female,87267.0,209,9,27.38,251.02,Beauty,27,Low,78
104385,69,Female,48375.0,158,8,279.82,2391.37,Groceries,30,High,116
104386,29,Male,67023.0,121,11,264.0,2867.33,Beauty,35,Medium,44
104387,33,Male,73520.0,227,7,129.93,1008.71,Beauty,33,Medium,87
104388,33,Male,43935.0,24,14,70.78,1162.38,Groceries,31,Medium,52
104389,60,Male,21920.0,230,9,39.33,377.16,Fashion,31,Low,99
104390,53,Female,55611.0,26,17,54.49,768.73,Fashion,31,Low,94
104391,30,Male,55283.0,58,12,188.57,2362.62,Electronics,29,High,93
104392,24,Male,58790.0,265,10,225.5,2432.08,Fashion,34,Low,73
104393,53,Female,58900.0,126,7,63.8,407.88,Beauty,27,Medium,109
104394,64,Male,50025.0,275,9,51.58,431.12,Sports,41,Low,51
104395,68,Female,49249.0,28,16,213.5,3546.33,Electronics,27,Medium,23
104396,26,Female,65954.0,301,15,164.77,2676.31,Electronics,37,High,69
104397,49,Female,43523.0,128,13,124.11,1853.14,Sports,25,High,14
104398,28,Female,58094.0,94,13,222.99,3203.28,Groceries,37,Medium,15
104399,25,Female,48741.0,191,15,147.59,1889.72,Fashion,29,Low,15
104400,50,Male,65912.0,272,16,150.23,2257.62,Electronics,41,Low,35
104401,40,Male,82172.0,5,10,24.41,209.81,Groceries,33,High,11
104402,42,Male,82988.0,157,18,108.48,2153.33,Beauty,31,Medium,93
104403,25,Female,85786.0,52,9,21.41,174.69,Home,37,High,37
104404,62,Male,53318.0,243,16,278.68,3787.39,Beauty,36,Low,72
104405,39,Male,54999.0,151,13,102.3,1115.11,Groceries,27,Low,114
104406,21,Male,34621.0,262,10,70.55,596.71,Groceries,35,Medium,21
104407,57,Male,53149.0,305,16,45.45,653.64,Beauty,38,Low,15
104408,20,Female,53863.0,80,14,33.06,515.11,Fashion,28,Medium,45
104409,46,Male,47657.0,183,9,268.08,2159.6,Home,29,Medium,76
104410,58,Female,47564.0,354,9,67.18,551.74,Electronics,32,High,97
104411,46,Female,26046.0,107,14,192.9,3111.84,Beauty,29,Medium,111
104412,51,Male,33162.0,154,7,202.34,1383.7,Sports,41,Low,103
104413,51,Female,60891.0,293,9,108.91,983.65,Electronics,29,High,8
104414,45,Female,61641.0,205,12,253.31,2435.09,Fashion,34,Low,24
104415,30,Female,69661.0,116,11,79.93,732.26,Beauty,32,Low,32
104416,32,Female,54822.0,17,12,40.01,526.33,Electronics,41,Medium,71
104417,40,Female,60233.0,288,16,39.19,585.27,Fashion,35,Low,25
104418,61,Female,85010.0,156,14,104.12,1253.34,Fashion,24,Low,113
104419,43,Female,58942.0,25,7,149.71,1018.13,Electronics,40,Medium,101
104420,21,Male,47359.0,278,9,196.22,1444.64,Sports,38,Low,46
104421,43,Male,36181.0,317,10,224.04,2428.03,Sports,37,High,81
104422,57,Female,75950.0,126,9,70.03,524.43,Electronics,35,Low,95
104423,26,Female,25933.0,300,9,211.5,1564.58,Home,37,Medium,10
104424,22,Male,43232.0,358,13,71.11,894.74,Groceries,39,Medium,119
104425,49,Male,68372.0,276,14,299.21,4334.84,Sports,30,Medium,107
104426,37,Male,21869.0,178,11,288.54,3508.98,Fashion,38,Low,50
104427,67,Male,47713.0,344,8,48.67,322.54,Sports,35,Low,114
104428,28,Female,62583.0,47,13,203.43,2469.86,Beauty,33,Medium,56
104429,32,Female,52333.0,200,9,272.91,2228.81,Home,28,Medium,72
104430,49,Male,40346.0,51,7,42.6,327.28,Electronics,32,Medium,1
104431,45,Male,48131.0,295,14,54.71,725.94,Home,46,Medium,9
104432,39,Male,76340.0,270,17,117.16,2093.58,Groceries,34,Medium,106
104433,58,Male,96628.0,197,11,46.8,512.61,Sports,25,Medium,48
104434,34,Female,62790.0,21,10,267.97,2754.37,Beauty,27,High,26
104435,43,Male,20234.0,143,9,265.15,2258.09,Fashion,36,High,10
104436,61,Male,71362.0,248,11,285.64,2814.34,Beauty,40,Medium,90
104437,24,Male,52072.0,356,15,77.4,956.54,Fashion,37,Medium,58
104438,59,Female,38092.0,353,17,32.7,483.29,Home,38,High,45
104439,43,Female,43995.0,1,17,144.5,2134.8,Beauty,35,Low,18
104440,42,Female,44844.0,338,13,266.55,4067.87,Beauty,28,High,59
104441,27,Male,31783.0,274,11,198.77,2569.0,Electronics,31,Medium,57
104442,62,Male,58739.0,241,11,299.53,2972.99,Groceries,33,Low,67
104443,36,Male,96563.0,58,11,273.59,2534.76,Electronics,33,Medium,28
104444,28,Female,38016.0,126,15,129.97,1779.33,Sports,39,Medium,81
104445,30,Female,95947.0,329,20,31.07,695.08,Beauty,32,High,15
104446,25,Male,64162.0,52,11,21.45,270.94,Home,36,Medium,35
104447,57,Male,58142.0,223,9,200.38,1804.21,Home,34,Medium,42
104448,21,Female,53561.0,302,10,276.41,2808.46,Fashion,29,High,25
104449,64,Male,43877.0,363,12,144.38,1703.94,Sports,37,High,13
104450,48,Male,65837.0,269,13,264.8,3005.64,Fashion,41,Medium,66
104451,45,Male,70440.0,96,9,178.69,1318.59,Electronics,34,Medium,99
104452,28,Female,15000.0,273,10,47.45,497.54,Home,41,Low,57
104453,60,Male,110861.0,323,10,243.53,2726.3,Home,24,High,61
104454,18,Male,23780.0,61,15,157.93,2605.23,Beauty,30,High,86
104455,66,Male,49553.0,321,8,34.3,318.34,Groceries,46,High,82
104456,64,Male,15000.0,181,11,248.09,3071.37,Beauty,45,Low,85
104457,69,Female,54642.0,133,17,232.14,3611.06,Electronics,47,High,11
104458,55,Female,50771.0,89,15,148.04,1880.24,Sports,30,Medium,113
104459,41,Female,49766.0,173,10,25.45,247.45,Groceries,26,Medium,117
104460,64,Male,66087.0,312,14,117.14,1540.45,Beauty,36,High,57
104461,48,Female,55124.0,5,14,141.79,2166.56,Home,33,Low,43
104462,58,Male,70768.0,357,12,66.29,658.01,Sports,36,Medium,113
104463,63,Female,35253.0,343,12,65.05,918.93,Fashion,30,Medium,47
104464,67,Male,61548.0,204,18,66.75,1421.22,Electronics,39,Medium,42
104465,43,Female,47366.0,162,13,123.76,1343.96,Fashion,34,Low,4
104466,66,Female,52593.0,61,18,248.91,4362.03,Home,34,Medium,62
104467,67,Female,65407.0,190,7,232.62,1888.32,Groceries,24,Medium,25
104468,22,Male,49914.0,325,7,22.83,139.82,Fashion,31,High,34
104469,37,Male,57897.0,63,8,22.7,195.56,Home,38,Low,56
104470,69,Male,36915.0,44,9,41.76,407.59,Fashion,33,Low,110
104471,58,Female,81910.0,239,14,150.64,1884.23,Electronics,39,High,69
104472,28,Male,74569.0,28,10,268.89,2157.75,Fashion,49,Medium,41
104473,50,Male,62000.0,198,11,71.03,832.73,Electronics,35,Low,33
104474,67,Male,55147.0,269,9,153.5,1446.3,Electronics,29,Medium,44
104475,55,Male,57913.0,171,13,31.41,432.78,Beauty,38,High,71
104476,44,Male,81480.0,30,13,25.69,288.07,Sports,37,Medium,92
104477,51,Male,73152.0,154,10,22.1,230.17,Groceries,38,Low,108
104478,32,Female,81817.0,209,9,226.27,2070.38,Fashion,33,Medium,84
104479,49,Female,53162.0,63,11,26.67,287.8,Beauty,37,Medium,74
104480,38,Male,69668.0,329,9,96.67,966.4,Home,29,Medium,30
104481,63,Female,83773.0,57,9,200.61,1724.82,Sports,31,Medium,116
104482,22,Female,41477.0,320,4,193.22,727.52,Groceries,35,Low,67
104483,23,Male,40219.0,208,11,35.44,396.23,Sports,22,Medium,28
104484,55,Male,65504.0,308,15,91.87,1622.9,Fashion,29,High,95
104485,39,Female,35301.0,63,10,199.01,1866.12,Beauty,44,Low,40
104486,35,Male,23684.0,248,10,129.83,1269.91,Fashion,32,High,103
104487,31,Female,83493.0,141,12,150.43,1636.43,Fashion,30,Medium,31
104488,27,Female,86978.0,93,8,77.98,668.66,Groceries,48,Medium,66
104489,63,Female,36400.0,107,8,30.57,231.26,Sports,34,Medium,95
104490,30,Male,31360.0,88,13,116.66,1633.48,Home,29,Medium,18
104491,48,Female,46936.0,301,14,211.24,2538.26,Sports,37,Medium,10
104492,47,Male,85056.0,108,11,234.63,2337.05,Groceries,39,Medium,32
104493,20,Male,51785.0,46,12,185.91,1968.84,Electronics,48,Medium,112
104494,47,Male,61894.0,77,13,130.1,1878.97,Electronics,33,Low,72
104495,23,Male,66498.0,217,18,183.28,2757.43,Electronics,33,Low,85
104496,46,Male,63477.0,169,11,217.4,2154.12,Home,30,Medium,85
104497,25,Female,89881.0,302,9,231.48,2089.48,Groceries,43,Medium,43
104498,61,Male,45602.0,129,10,46.46,388.0,Groceries,33,Medium,46
104499,62,Male,57956.0,201,11,244.84,2166.5,Electronics,37,Low,85
104500,60,Male,64649.0,196,15,37.77,609.87,Groceries,37,Medium,95
104501,61,Male,59020.0,348,7,263.73,1929.98,Groceries,38,Medium,27
104502,50,Male,35618.0,268,10,129.83,1043.01,Fashion,50,Medium,93
104503,34,Female,30549.0,88,10,173.14,1418.73,Home,30,Medium,78
104504,65,Male,30130.0,253,13,101.2,1167.92,Groceries,24,Low,9
104505,28,Male,74525.0,238,10,139.47,1621.3,Beauty,41,Medium,11
104506,30,Female,43592.0,73,7,256.65,1906.3,Electronics,32,Medium,71
104507,67,Male,69385.0,358,5,102.79,576.65,Sports,34,Medium,5
104508,28,Female,61735.0,355,12,177.97,2357.3,Sports,42,Medium,72
104509,48,Female,40503.0,161,6,201.18,1440.3,Home,31,High,105
104510,45,Female,41002.0,58,9,60.99,647.75,Groceries,32,Medium,59
104511,61,Female,62680.0,291,13,237.79,2556.24,Fashion,43,High,67
104512,23,Male,61554.0,340,7,299.74,1697.59,Groceries,25,Medium,33
104513,58,Male,69841.0,66,11,63.42,696.8,Electronics,40,Medium,83
104514,33,Female,50850.0,26,10,235.01,2135.51,Beauty,34,High,47
104515,21,Female,43066.0,298,12,61.18,735.5,Groceries,41,Medium,112
104516,52,Male,62197.0,77,12,286.07,2870.78,Sports,36,Medium,32
104517,65,Female,88398.0,286,7,135.08,1100.2,Sports,46,High,41
104518,43,Female,22466.0,36,18,294.38,5879.8,Home,41,Medium,9
104519,29,Female,44019.0,19,14,39.02,557.67,Beauty,37,Medium,11
104520,28,Male,71809.0,278,12,241.47,2857.16,Electronics,32,Low,35
104521,54,Female,64330.0,321,3,152.55,451.88,Home,37,High,12
104522,42,Male,72100.0,313,14,101.06,1480.75,Groceries,44,High,12
104523,35,Male,51407.0,267,10,229.41,2335.71,Beauty,36,Medium,98
104524,36,Male,27762.0,282,14,197.89,2750.78,Fashion,26,Medium,50
104525,40,Female,93430.0,19,13,272.81,3800.83,Home,43,Low,51
104526,55,Female,81677.0,339,9,89.67,892.57,Sports,31,Medium,36
104527,35,Male,59516.0,140,4,283.13,1197.28,Electronics,41,High,98
104528,43,Male,43167.0,67,13,199.72,2483.56,Groceries,36,High,30
104529,23,Male,50189.0,312,18,146.12,2540.02,Electronics,39,Low,41
104530,21,Female,64582.0,18,9,34.88,263.51,Electronics,29,Medium,3
104531,61,Female,54967.0,261,22,234.25,4977.34,Electronics,31,High,98
104532,68,Male,59710.0,112,9,260.35,2611.01,Sports,32,High,49
104533,46,Male,92203.0,115,12,246.68,2446.83,Fashion,35,High,55
104534,51,Female,78474.0,166,13,225.99,2556.56,Home,37,Low,32
104535,34,Male,36584.0,67,9,291.44,2982.43,Sports,45,Medium,79
104536,60,Female,61538.0,255,10,257.75,2647.55,Beauty,36,High,8
104537,60,Female,49593.0,70,17,279.81,5082.51,Fashion,28,Low,51
104538,33,Male,65959.0,308,5,224.53,1042.52,Groceries,45,Medium,103
104539,19,Male,58733.0,203,15,249.66,3728.12,Home,37,Low,106
104540,51,Female,119354.0,127,19,100.96,2118.95,Fashion,26,Medium,49
104541,25,Female,68585.0,321,15,207.29,3577.05,Groceries,35,Medium,73
104542,30,Female,57316.0,80,5,77.55,461.3,Beauty,37,High,90
104543,59,Female,96860.0,176,10,39.4,449.32,Home,33,Medium,63
104544,25,Female,64111.0,113,13,182.19,1958.71,Beauty,41,Low,22
104545,47,Male,29626.0,111,12,239.21,2690.66,Groceries,36,High,115
104546,49,Female,57511.0,309,9,43.17,427.21,Sports,33,Medium,38
104547,53,Female,72274.0,137,11,70.76,752.82,Groceries,28,Low,94
104548,64,Female,69691.0,133,14,46.03,628.02,Beauty,37,Medium,33
104549,47,Male,80103.0,328,10,197.57,2208.29,Electronics,41,Medium,14
104550,18,Male,63074.0,189,11,42.26,526.86,Sports,29,High,69
104551,60,Female,61662.0,277,8,46.12,411.97,Groceries,48,Medium,10
104552,56,Female,31950.0,225,12,93.97,1062.07,Sports,46,Medium,44
104553,34,Male,90568.0,103,7,95.67,596.83,Home,34,Medium,25
104554,37,Male,53888.0,107,13,176.1,2159.95,Electronics,31,High,84
104555,41,Male,40409.0,63,7,29.01,219.43,Electronics,31,Medium,52
104556,67,Male,112558.0,245,11,192.3,2000.83,Groceries,26,Medium,75
104557,39,Female,93602.0,173,10,135.28,1112.21,Home,45,High,51
104558,46,Male,51045.0,333,5,70.04,392.33,Sports,48,Medium,51
104559,39,Female,22387.0,331,5,202.94,837.5,Groceries,32,High,34
104560,61,Female,45631.0,210,9,112.31,1211.38,Fashion,37,Medium,16
104561,26,Male,91583.0,191,8,251.7,2304.82,Groceries,31,Medium,68
104562,54,Male,63534.0,158,7,297.04,2458.82,Fashion,28,Medium,57
104563,27,Male,33011.0,319,10,238.13,2698.73,Electronics,38,Medium,100
104564,53,Male,75680.0,225,11,228.04,2108.16,Groceries,38,Medium,53
104565,54,Female,55803.0,172,8,119.44,924.47,Groceries,39,Medium,52
104566,45,Female,47026.0,323,9,169.69,1776.41,Electronics,29,Medium,28
104567,45,Female,48543.0,36,8,34.75,232.51,Sports,38,High,74
104568,59,Male,86128.0,134,10,223.65,2062.27,Beauty,35,Medium,88
104569,60,Female,70933.0,37,9,209.01,1856.33,Groceries,38,Medium,48
104570,38,Male,30279.0,93,14,95.42,1309.12,Home,39,Medium,73
104571,41,Female,67344.0,75,12,169.56,2396.01,Beauty,30,Medium,6
104572,59,Male,62152.0,244,7,210.21,1409.74,Electronics,40,Medium,37
104573,57,Female,51592.0,183,12,123.01,1321.99,Sports,34,Medium,10
104574,19,Female,52646.0,205,12,223.17,2619.05,Beauty,36,High,61
104575,25,Male,42699.0,187,16,243.08,3727.48,Electronics,39,Low,95
104576,65,Female,46749.0,166,11,82.59,953.3,Electronics,31,Low,100
104577,44,Female,65794.0,115,11,104.35,1374.73,Sports,35,Low,41
104578,39,Male,54449.0,207,13,132.44,1757.13,Beauty,43,Medium,52
104579,54,Male,70914.0,245,11,85.99,931.6,Sports,45,Low,34
104580,44,Male,44300.0,333,9,237.17,2214.66,Sports,41,High,9
104581,46,Male,74150.0,161,8,180.12,1717.51,Beauty,40,Medium,29
104582,20,Male,86289.0,13,8,126.43,1061.93,Beauty,30,Medium,41
104583,61,Female,59864.0,294,10,24.5,208.05,Home,32,Low,102
104584,30,Male,70413.0,236,7,111.24,907.22,Fashion,35,Low,110
104585,62,Female,71193.0,273,9,254.22,2371.1,Beauty,37,Low,1
104586,27,Female,49958.0,114,11,228.18,2166.72,Beauty,25,Medium,114
104587,53,Male,71267.0,152,10,38.87,346.8,Electronics,36,Low,64
104588,26,Female,15000.0,26,12,244.4,2487.64,Groceries,40,Medium,12
104589,44,Female,15000.0,168,11,70.14,913.74,Fashion,33,High,23
104590,51,Male,53410.0,32,9,296.38,2209.53,Groceries,36,Medium,1
104591,68,Female,72669.0,221,9,263.19,2619.25,Groceries,31,Low,95
104592,18,Male,58299.0,206,9,275.71,2320.26,Groceries,37,High,102
104593,49,Male,74917.0,342,8,235.45,1567.99,Home,30,Medium,25
104594,42,Male,35965.0,98,12,219.02,2558.69,Home,57,Low,38
104595,46,Female,77657.0,91,13,88.44,919.9,Fashion,36,Medium,119
104596,24,Female,92576.0,214,11,184.19,2283.22,Sports,23,Medium,4
104597,66,Female,46072.0,188,9,215.0,1967.44,Home,31,High,43
104598,20,Female,75420.0,57,9,100.66,888.45,Electronics,37,Low,90
104599,37,Male,60456.0,107,20,131.53,2977.03,Fashion,36,Medium,61
104600,37,Female,68837.0,195,8,285.17,2298.99,Electronics,40,High,32
104601,47,Male,92536.0,22,12,134.23,1672.16,Groceries,41,Medium,28
104602,52,Female,66546.0,186,10,108.31,1219.49,Electronics,38,Low,33
104603,52,Female,75289.0,85,8,50.02,435.47,Home,29,Low,27
104604,66,Female,34739.0,80,8,115.58,983.46,Electronics,30,Low,1
104605,56,Female,74673.0,329,9,191.4,1863.26,Groceries,40,Medium,8
104606,44,Female,92200.0,77,5,61.36,277.71,Groceries,35,Medium,85
104607,43,Male,41530.0,330,10,189.48,1604.7,Home,29,High,23
104608,31,Female,53540.0,341,9,227.53,2148.25,Fashion,25,High,32
104609,34,Female,73723.0,177,9,235.11,1882.4,Sports,34,Medium,3
104610,35,Female,68956.0,174,11,295.75,2664.57,Beauty,34,Medium,44
104611,62,Female,32805.0,82,10,141.68,1277.57,Fashion,41,High,54
104612,69,Male,63298.0,21,10,29.08,316.42,Sports,36,Low,6
104613,46,Female,53346.0,179,11,259.31,3090.21,Beauty,38,Medium,70
104614,37,Male,40627.0,330,11,43.38,554.15,Home,33,Low,49
104615,44,Female,87134.0,225,12,261.26,3354.86,Home,37,Medium,59
104616,35,Male,60109.0,265,4,295.16,1152.18,Home,35,Medium,57
104617,21,Male,79661.0,269,11,273.91,2724.36,Groceries,35,Medium,89
104618,18,Male,36532.0,251,7,289.92,2239.2,Fashion,24,High,61
104619,67,Male,71779.0,273,13,26.53,332.75,Sports,23,Low,56
104620,18,Male,81234.0,343,14,23.18,365.47,Fashion,37,Medium,41
104621,43,Female,55157.0,272,11,78.88,989.72,Sports,34,Low,14
104622,62,Male,50056.0,280,13,243.64,2979.27,Electronics,33,Medium,83
104623,37,Female,33915.0,223,18,45.04,760.07,Fashion,29,Medium,77
104624,69,Male,42639.0,75,15,229.03,4003.86,Electronics,35,Medium,37
104625,40,Male,50947.0,151,16,23.52,360.85,Home,30,Low,41
104626,27,Female,40482.0,359,11,224.71,2676.28,Groceries,39,High,30
104627,28,Male,44641.0,342,5,90.02,428.1,Groceries,27,Medium,92
104628,58,Male,63162.0,105,14,143.32,2192.1,Beauty,32,Medium,42
104629,58,Male,65556.0,42,9,293.42,2296.0,Fashion,33,Low,36
104630,22,Male,81817.0,176,10,174.49,1979.33,Electronics,44,Medium,56
104631,18,Female,44765.0,245,10,40.89,487.93,Electronics,38,Low,71
104632,34,Male,60464.0,253,8,264.48,2340.77,Sports,33,Medium,83
104633,39,Male,51646.0,274,7,110.63,730.77,Fashion,36,Low,113
104634,51,Female,50233.0,334,6,183.9,1127.76,Fashion,53,Medium,78
104635,62,Female,53677.0,92,11,219.3,2575.95,Electronics,29,Medium,113
104636,58,Male,56076.0,11,10,237.7,2084.98,Beauty,33,High,26
104637,46,Male,65008.0,152,11,141.1,1417.32,Beauty,36,High,84
104638,21,Female,53393.0,189,10,236.46,2650.03,Electronics,31,High,14
104639,22,Male,84547.0,164,11,52.73,683.34,Beauty,40,Medium,39
104640,28,Female,25912.0,126,5,167.19,759.81,Groceries,35,Low,96
104641,68,Male,81079.0,211,12,26.13,269.36,Fashion,39,High,111
104642,38,Female,52630.0,97,6,133.76,957.17,Groceries,30,Medium,60
104643,52,Female,56223.0,309,9,122.13,1020.02,Home,28,Medium,94
104644,29,Female,59808.0,339,16,293.88,5225.84,Home,33,Medium,28
104645,43,Male,74113.0,47,7,131.4,875.29,Electronics,40,Low,44
104646,68,Male,42394.0,308,10,273.99,3232.07,Sports,33,Low,45
104647,36,Male,46863.0,224,14,141.88,2065.4,Electronics,34,Medium,18
104648,62,Male,70011.0,57,7,169.35,1145.2,Fashion,33,High,30
104649,24,Female,26036.0,75,16,118.2,1647.87,Electronics,36,Medium,102
104650,64,Female,59317.0,254,12,199.2,2156.7,Groceries,25,Medium,70
104651,24,Female,44045.0,151,12,226.95,3112.27,Electronics,41,Medium,70
104652,43,Male,39835.0,59,4,241.5,794.8,Groceries,45,Low,3
104653,57,Male,27231.0,325,7,214.3,1294.19,Home,34,High,7
104654,22,Male,75446.0,86,14,112.39,1380.01,Beauty,33,Low,108
104655,38,Female,63177.0,170,11,112.57,1025.62,Groceries,31,Medium,34
104656,31,Male,46554.0,146,10,117.41,1261.28,Beauty,42,Medium,82
104657,21,Male,56709.0,327,14,30.59,510.7,Fashion,28,Low,65
104658,40,Female,38142.0,33,10,284.05,2430.56,Electronics,35,Medium,27
104659,59,Female,49276.0,3,15,74.8,1256.16,Fashion,40,Medium,54
104660,37,Male,56033.0,284,10,64.58,562.23,Groceries,28,Low,79
104661,32,Female,61279.0,257,12,174.66,2493.12,Groceries,26,Medium,43
104662,67,Male,67841.0,126,11,33.28,367.11,Groceries,30,High,24
104663,69,Female,23883.0,113,11,254.6,3189.9,Groceries,34,Low,91
104664,62,Female,67904.0,303,19,265.34,4377.11,Groceries,34,High,62
104665,46,Female,25490.0,293,16,131.39,2426.2,Electronics,35,Low,93
104666,25,Male,68631.0,342,8,292.0,1945.08,Sports,31,Medium,116
104667,58,Male,55734.0,48,11,110.79,986.11,Fashion,32,Medium,84
104668,65,Male,81829.0,364,12,92.87,1207.59,Home,37,Low,119
104669,36,Female,46511.0,275,13,297.11,3254.52,Home,42,Medium,40
104670,65,Female,75617.0,195,11,90.09,1135.99,Fashion,33,Medium,30
104671,56,Female,36652.0,339,5,144.39,756.97,Electronics,38,Low,44
104672,63,Female,62118.0,225,8,191.32,1427.08,Fashion,28,Medium,82
104673,45,Male,19240.0,213,9,110.31,904.34,Groceries,34,Medium,101
104674,63,Male,77661.0,321,12,127.58,1274.94,Sports,31,Medium,83
104675,44,Male,94537.0,282,14,221.81,3337.27,Fashion,46,High,15
104676,21,Female,46036.0,138,10,222.45,2595.57,Beauty,45,Low,49
104677,32,Female,62453.0,355,11,245.01,2971.92,Electronics,32,Medium,87
104678,52,Male,68877.0,333,11,186.24,2146.48,Groceries,34,Medium,43
104679,54,Female,28995.0,70,12,85.39,868.4,Fashion,32,Low,6
104680,18,Male,45018.0,299,9,113.27,1153.03,Fashion,37,High,50
104681,20,Female,43780.0,70,15,272.2,4843.07,Groceries,34,Medium,46
104682,64,Female,108141.0,208,13,225.44,2652.67,Electronics,43,High,102
104683,41,Male,80916.0,200,9,44.65,389.05,Sports,33,Medium,40
104684,44,Male,55658.0,59,17,231.01,3163.81,Sports,43,Low,108
104685,57,Female,75581.0,259,14,112.58,1785.37,Groceries,30,Low,30
104686,53,Male,64225.0,341,7,26.5,149.94,Home,41,Medium,113
104687,51,Male,71861.0,351,12,155.44,1855.21,Electronics,34,Medium,74
104688,46,Female,38930.0,334,14,267.35,3857.39,Home,35,Medium,30
104689,41,Female,87468.0,357,13,144.42,1543.68,Beauty,32,Medium,1
104690,41,Female,44645.0,339,5,296.86,1291.74,Home,37,Low,29
104691,59,Male,45681.0,165,4,69.86,311.95,Home,35,High,89
104692,21,Female,71805.0,245,6,118.25,639.27,Electronics,33,High,95
104693,20,Female,66915.0,84,11,24.65,295.52,Home,39,High,15
104694,51,Female,60463.0,309,9,34.1,337.49,Groceries,34,Low,17
104695,66,Female,76792.0,114,10,119.21,1147.91,Fashion,40,Medium,8
104696,40,Female,36779.0,234,13,167.95,1802.36,Groceries,32,Medium,104
104697,69,Male,96887.0,262,13,86.39,903.31,Fashion,25,Medium,74
104698,40,Female,49987.0,172,7,66.61,464.87,Sports,33,Medium,46
104699,62,Female,58232.0,18,18,137.79,2055.06,Home,28,Medium,57
104700,22,Male,97197.0,235,8,67.79,591.45,Sports,46,Low,79
104701,48,Female,45811.0,310,14,196.65,2621.86,Sports,30,Low,106
104702,58,Female,80461.0,157,12,287.48,3702.68,Electronics,31,Low,28
104703,23,Male,55714.0,211,14,245.83,3315.19,Home,35,Low,90
104704,54,Female,43163.0,281,4,80.26,337.52,Sports,32,High,84
104705,27,Male,52325.0,319,15,286.32,4866.9,Fashion,38,Low,77
104706,57,Female,71326.0,196,13,230.32,3454.61,Fashion,23,High,31
104707,24,Male,80285.0,115,16,63.39,818.24,Beauty,33,Low,51
104708,56,Male,64512.0,160,17,182.24,3278.4,Electronics,32,Medium,116
104709,55,Female,28041.0,155,14,290.61,4172.91,Sports,26,Medium,78
104710,38,Male,72711.0,51,11,47.09,546.38,Sports,32,Medium,29
104711,37,Male,57157.0,284,12,95.88,947.18,Sports,39,Low,78
104712,20,Female,37950.0,73,9,124.75,929.59,Beauty,41,Medium,104
104713,68,Female,66928.0,328,12,52.37,627.68,Beauty,31,Medium,14
104714,39,Male,82677.0,341,12,103.79,1024.84,Electronics,40,Low,84
104715,64,Female,60134.0,110,14,213.85,3324.92,Home,19,Medium,41
104716,21,Male,78467.0,286,11,153.63,1874.12,Sports,39,Low,35
104717,45,Male,69248.0,221,9,137.9,1051.12,Beauty,28,Low,5
104718,29,Female,69506.0,9,10,140.94,1384.06,Sports,29,Medium,64
104719,55,Female,53890.0,82,5,232.7,1207.7,Groceries,29,Medium,79
104720,68,Male,76374.0,320,16,297.56,5445.48,Fashion,30,High,56
104721,53,Female,78284.0,294,12,184.82,2651.14,Beauty,43,Medium,77
104722,64,Female,75853.0,22,15,230.43,2788.97,Home,37,High,1
104723,58,Male,53724.0,99,7,124.32,862.0,Home,31,Medium,7
104724,22,Male,79702.0,170,11,260.98,3219.05,Home,27,Medium,12
104725,30,Male,67726.0,190,10,137.69,1539.85,Sports,44,Medium,96
104726,40,Male,40553.0,106,8,281.83,2292.37,Groceries,38,Medium,21
104727,67,Male,52370.0,320,9,228.18,1792.61,Home,30,Medium,76
104728,47,Male,49392.0,265,9,218.08,2009.12,Electronics,44,Medium,36
104729,54,Female,20242.0,351,18,101.24,1743.27,Electronics,32,Low,33
104730,42,Male,80068.0,168,16,242.92,3745.42,Beauty,35,Medium,4
104731,65,Female,122024.0,344,11,49.48,506.98,Fashion,32,Medium,51
104732,44,Female,84167.0,113,21,170.65,3074.04,Groceries,34,High,49
104733,68,Male,63257.0,328,8,225.91,1979.51,Home,30,Low,73
104734,31,Female,49684.0,306,15,267.41,4345.66,Groceries,34,Medium,39
104735,65,Male,41498.0,148,11,179.5,2008.33,Electronics,33,Low,71
104736,64,Female,63013.0,337,11,92.33,956.64,Beauty,36,Medium,18
104737,53,Male,79366.0,220,7,257.68,2036.58,Home,35,Medium,59
104738,56,Male,46508.0,33,10,235.03,2030.57,Sports,30,Medium,23
104739,33,Male,111285.0,220,11,63.0,674.86,Electronics,40,Low,100
104740,39,Male,32320.0,319,7,264.27,1963.48,Fashion,44,Medium,20
104741,38,Female,64490.0,185,11,288.77,3584.96,Home,35,Low,31
104742,38,Female,61406.0,193,19,170.57,3434.77,Fashion,32,High,89
104743,25,Female,60133.0,361,12,30.74,312.47,Beauty,37,Medium,100
104744,66,Female,48623.0,180,14,276.37,3252.11,Groceries,35,Low,67
104745,33,Female,61649.0,355,6,54.37,267.56,Fashion,41,Medium,53
104746,48,Male,51005.0,6,14,197.27,2828.04,Fashion,35,Low,54
104747,59,Male,85758.0,9,14,132.25,1661.12,Sports,39,Medium,62
104748,27,Male,92415.0,357,8,297.77,2057.74,Fashion,43,Medium,20
104749,49,Male,52229.0,61,12,276.81,2770.28,Sports,34,High,25
104750,51,Male,27101.0,163,17,239.66,4305.29,Fashion,34,High,94
104751,26,Female,66353.0,99,7,75.8,584.38,Sports,33,High,51
104752,34,Male,65632.0,148,17,215.77,4193.02,Electronics,44,Low,21
104753,28,Male,62104.0,58,11,180.2,2057.85,Sports,35,Low,48
104754,49,Female,70659.0,215,8,57.9,436.19,Electronics,34,Medium,99
104755,27,Female,87631.0,316,8,242.51,1917.12,Electronics,27,High,54
104756,39,Male,76659.0,182,13,44.21,606.03,Beauty,35,Medium,99
104757,34,Male,70629.0,35,16,154.85,2688.69,Home,40,Low,94
104758,21,Female,75078.0,303,8,139.44,1180.15,Electronics,39,Low,16
104759,65,Male,65030.0,46,10,245.74,2911.43,Home,25,Low,87
104760,69,Male,41091.0,87,11,139.72,1690.74,Sports,31,Low,60
104761,64,Male,89009.0,4,6,214.41,1415.43,Beauty,32,High,75
104762,42,Female,62052.0,266,12,153.91,2083.18,Groceries,34,Medium,12
104763,38,Male,41081.0,107,7,182.97,1260.49,Home,36,Low,99
104764,54,Male,37440.0,75,11,87.49,871.52,Beauty,28,Medium,69
104765,55,Female,41644.0,40,7,76.69,604.74,Groceries,39,High,103
104766,66,Female,35346.0,127,8,218.78,1725.16,Beauty,34,Low,56
104767,18,Female,73378.0,183,4,54.25,226.3,Sports,33,Medium,105
104768,42,Male,56498.0,119,11,69.28,740.62,Home,30,Low,44
104769,68,Female,75520.0,73,13,283.46,3531.77,Sports,36,Medium,38
104770,53,Male,83389.0,40,9,90.93,874.43,Groceries,34,Low,22
104771,34,Female,78216.0,204,14,110.52,1649.61,Sports,29,Low,81
104772,58,Male,72680.0,96,11,197.29,2004.41,Groceries,25,Low,118
104773,41,Female,65751.0,279,14,143.3,1756.62,Electronics,29,Medium,21
104774,19,Male,56193.0,143,8,176.52,1203.91,Groceries,35,High,91
104775,57,Male,57527.0,115,13,60.49,664.88,Groceries,30,Low,109
104776,32,Female,71687.0,133,14,208.27,3286.32,Electronics,35,Low,116
104777,49,Female,40774.0,168,12,63.84,700.55,Home,36,Low,13
104778,56,Male,58922.0,245,8,229.36,1965.92,Fashion,37,High,116
104779,23,Female,45143.0,277,10,166.61,1524.43,Home,38,Low,94
104780,18,Male,83460.0,259,9,248.53,2385.97,Fashion,27,Medium,46
104781,64,Female,74341.0,46,14,68.35,1142.21,Electronics,28,Low,59
104782,40,Female,102749.0,346,9,125.71,934.96,Home,33,High,79
104783,56,Male,44846.0,335,9,257.11,2456.31,Sports,32,High,18
104784,34,Female,46991.0,237,6,243.64,1334.71,Beauty,31,Medium,43
104785,51,Female,61150.0,53,9,290.41,2177.62,Sports,40,Medium,55
104786,58,Male,45491.0,148,8,82.15,546.52,Home,22,Low,75
104787,46,Male,70752.0,187,10,170.93,1621.55,Sports,43,Low,102
104788,26,Female,58981.0,21,5,25.01,127.08,Electronics,44,Medium,71
104789,30,Male,50229.0,90,13,290.27,3995.84,Sports,25,Low,105
104790,23,Female,81752.0,233,18,69.04,1276.29,Beauty,32,Medium,98
104791,23,Female,23008.0,215,8,273.32,2534.62,Beauty,32,Low,32
104792,37,Male,70842.0,51,10,209.93,1808.37,Sports,32,Low,77
104793,69,Male,48977.0,153,13,282.32,4153.16,Fashion,38,Medium,16
104794,20,Male,76335.0,324,4,89.5,362.04,Beauty,27,Medium,90
104795,34,Male,81125.0,116,11,116.65,1468.21,Fashion,31,Low,40
104796,66,Male,15000.0,214,11,66.03,705.02,Groceries,37,Medium,41
104797,29,Male,55768.0,339,10,138.28,1372.73,Electronics,38,High,54
104798,65,Female,61164.0,351,13,285.3,3593.65,Sports,43,Low,34
104799,64,Female,15000.0,137,9,179.93,1357.98,Electronics,28,Low,85
104800,62,Male,64555.0,285,10,136.52,1171.34,Electronics,39,Low,18
104801,18,Female,49439.0,71,16,110.96,1787.81,Fashion,38,Low,20
104802,34,Female,35885.0,245,11,183.73,2047.88,Beauty,41,Medium,76
104803,20,Female,46990.0,38,6,222.5,1317.8,Sports,44,Medium,85
104804,43,Female,43534.0,216,9,133.9,970.27,Groceries,33,Medium,104
104805,32,Male,48583.0,127,13,84.65,1102.91,Home,32,Medium,96
104806,53,Female,63702.0,72,14,183.8,2196.2,Groceries,32,Low,106
104807,49,Female,79625.0,226,9,122.36,1130.48,Fashion,36,Medium,9
104808,49,Male,58443.0,315,7,298.41,1911.96,Groceries,45,Medium,47
104809,21,Male,82055.0,284,5,143.49,858.5,Fashion,41,Low,61
104810,35,Male,39081.0,302,9,141.66,1203.16,Fashion,43,Medium,11
104811,66,Male,63058.0,246,10,255.05,2877.79,Electronics,31,Medium,117
104812,36,Female,102132.0,71,11,90.29,892.12,Beauty,34,Medium,11
104813,60,Male,28189.0,195,12,38.48,404.41,Sports,38,High,102
104814,69,Female,27425.0,38,9,259.07,2071.5,Home,32,Low,28
104815,52,Female,85599.0,117,9,184.93,1553.27,Fashion,34,Medium,81
104816,57,Male,64411.0,238,7,92.84,740.57,Fashion,32,Low,97
104817,31,Male,47970.0,364,13,115.97,1666.79,Electronics,34,Low,113
104818,50,Male,37407.0,204,17,139.18,2304.95,Home,45,Low,98
104819,31,Male,59280.0,351,12,210.51,2210.95,Fashion,27,High,24
104820,51,Male,62672.0,319,11,151.09,1361.97,Sports,31,Medium,21
104821,21,Male,62771.0,359,11,130.83,1507.37,Sports,29,Low,107
104822,41,Female,37211.0,5,14,238.53,3615.59,Electronics,28,Medium,106
104823,46,Female,53261.0,157,17,40.12,711.0,Fashion,31,Low,35
104824,36,Female,48638.0,107,6,202.71,1216.87,Home,29,Medium,37
104825,23,Female,72929.0,228,13,145.7,2252.36,Electronics,33,Medium,11
104826,50,Male,38391.0,142,10,113.76,921.3,Electronics,42,Low,32
104827,66,Male,61521.0,314,8,279.72,2674.94,Groceries,35,Low,103
104828,57,Female,112685.0,172,6,237.82,1299.25,Electronics,37,Low,26
104829,36,Female,37025.0,146,16,81.39,1241.37,Groceries,38,Medium,18
104830,18,Female,45055.0,7,12,202.65,2677.44,Groceries,29,High,105
104831,22,Male,58123.0,343,8,250.24,1783.4,Beauty,30,Low,76
104832,44,Male,15000.0,353,9,297.02,2897.57,Fashion,33,High,106
104833,33,Male,31463.0,301,11,215.56,2212.34,Sports,46,Medium,20
104834,23,Female,66214.0,16,5,213.39,1254.97,Home,58,Medium,102
104835,57,Female,56487.0,320,8,191.72,1332.35,Beauty,36,Low,34
104836,30,Male,81094.0,37,14,31.2,512.24,Electronics,34,High,91
104837,65,Male,55238.0,153,16,183.82,3283.55,Beauty,32,Medium,117
104838,52,Female,53477.0,265,10,245.41,2130.39,Fashion,41,Low,54
104839,36,Female,45943.0,183,12,130.72,1498.13,Home,29,Medium,98
104840,29,Male,53143.0,156,16,184.35,2482.73,Electronics,41,Medium,65
104841,33,Female,35768.0,137,12,279.42,3486.79,Sports,35,Low,79
104842,60,Male,57051.0,90,10,68.17,807.28,Sports,37,Medium,14
104843,27,Male,40575.0,218,15,98.53,1229.2,Groceries,36,Medium,43
104844,42,Female,35785.0,330,9,50.89,413.7,Groceries,37,Medium,27
104845,37,Female,47211.0,186,12,160.07,2117.04,Home,30,High,67
104846,48,Female,69023.0,209,9,255.1,2257.62,Electronics,25,Medium,2
104847,21,Male,62845.0,51,9,141.86,1194.5,Groceries,33,High,76
104848,61,Female,73352.0,288,6,39.56,246.97,Fashion,38,Medium,118
104849,40,Female,41535.0,88,11,93.79,946.67,Beauty,49,Medium,63
104850,19,Male,59736.0,136,8,269.12,2005.57,Beauty,33,High,51
104851,39,Male,94036.0,158,9,176.11,1779.06,Beauty,35,Medium,98
104852,68,Female,87950.0,282,7,275.94,1847.81,Groceries,39,Medium,93
104853,54,Male,34507.0,155,15,253.64,4109.82,Home,38,Medium,110
104854,25,Male,39832.0,220,10,136.0,1170.01,Fashion,40,Medium,87
104855,24,Male,93949.0,167,10,197.39,1894.01,Sports,38,Medium,49
104856,31,Female,69031.0,322,10,206.04,2103.19,Fashion,38,Low,73
104857,20,Female,56185.0,179,12,229.1,2493.3,Beauty,31,High,15
104858,67,Male,53952.0,329,6,113.23,658.08,Home,33,Medium,1
104859,33,Male,64549.0,50,9,100.92,1002.68,Sports,27,Medium,37
104860,36,Male,64800.0,301,6,211.68,1098.11,Electronics,29,Medium,103
104861,68,Female,49337.0,87,12,249.25,2991.9,Home,43,High,10
104862,35,Male,56736.0,33,9,135.99,1107.29,Groceries,34,Low,21
104863,69,Male,48636.0,275,14,109.9,1483.36,Home,40,Medium,35
104864,33,Female,63375.0,141,7,251.15,1670.42,Home,41,Medium,50
104865,25,Male,45249.0,206,9,212.35,2029.9,Home,30,Medium,34
104866,50,Female,34645.0,224,12,116.19,1543.28,Sports,33,High,105
104867,66,Female,89508.0,113,11,168.31,1851.22,Home,35,Low,75
104868,29,Female,58608.0,278,11,289.04,2755.41,Electronics,34,Medium,48
104869,28,Male,93941.0,353,12,229.96,3166.41,Home,39,Medium,54
104870,22,Male,21354.0,5,14,82.07,1004.76,Groceries,30,Low,110
104871,44,Female,31011.0,212,7,102.61,740.81,Beauty,25,Medium,68
104872,29,Male,69336.0,256,11,94.26,1048.18,Fashion,32,Medium,74
104873,34,Female,58625.0,334,6,257.54,1413.38,Sports,56,Low,112
104874,23,Male,36846.0,30,13,199.6,3064.92,Groceries,37,Medium,10
104875,50,Female,82730.0,347,13,283.2,3941.76,Electronics,41,Low,103
104876,22,Female,42602.0,82,14,45.46,628.8,Home,31,Low,31
104877,45,Male,83971.0,236,11,34.56,371.57,Sports,32,High,114
104878,31,Male,58591.0,344,11,209.34,1927.35,Beauty,31,High,116
104879,22,Male,38601.0,361,14,94.65,1473.87,Sports,32,Medium,113
104880,50,Male,46625.0,323,11,210.17,1926.85,Sports,30,Low,11
104881,67,Female,87443.0,253,9,222.57,1763.33,Beauty,53,High,4
104882,65,Female,54045.0,118,17,105.25,1549.13,Beauty,36,Medium,87
104883,58,Male,79447.0,30,9,286.75,2134.96,Groceries,29,Medium,106
104884,36,Male,88009.0,111,11,236.93,2949.82,Beauty,29,Medium,105
104885,39,Female,58392.0,254,8,122.86,1142.62,Fashion,35,High,75
104886,22,Male,55536.0,199,12,135.39,1706.25,Fashion,34,High,5
104887,19,Male,51901.0,295,13,220.44,3298.74,Beauty,32,Medium,22
104888,47,Male,67042.0,342,20,105.13,2249.84,Electronics,52,Medium,39
104889,64,Male,90119.0,297,10,102.71,1103.11,Beauty,38,High,41
104890,56,Female,35459.0,287,7,194.97,1577.41,Groceries,34,Medium,11
104891,21,Female,64383.0,244,11,57.74,531.47,Groceries,40,Medium,58
104892,50,Male,63518.0,221,12,298.14,2940.47,Groceries,35,Medium,11
104893,30,Female,23916.0,156,14,100.43,1154.96,Beauty,31,Medium,48
104894,37,Male,42251.0,236,10,127.16,1229.84,Home,39,Low,72
104895,24,Male,46349.0,320,9,82.79,878.16,Groceries,33,High,53
104896,32,Male,75281.0,19,11,200.18,2527.81,Groceries,34,Low,57
104897,40,Female,78779.0,215,9,36.94,369.96,Sports,30,Medium,40
104898,31,Female,22492.0,114,7,279.79,1883.26,Beauty,40,Medium,98
104899,40,Female,72784.0,200,9,105.12,1068.76,Beauty,39,High,49
104900,36,Female,70199.0,25,10,279.67,2481.78,Sports,39,Medium,62
104901,46,Female,71568.0,121,8,90.99,752.77,Sports,33,Low,61
104902,37,Male,63055.0,230,11,163.86,1979.77,Groceries,36,Low,52
104903,46,Male,79009.0,99,8,214.65,1437.26,Groceries,42,High,28
104904,41,Female,83430.0,346,16,191.54,3523.28,Beauty,38,Low,66
104905,35,Female,27323.0,3,16,163.5,2853.87,Sports,27,High,115
104906,27,Female,59026.0,261,6,240.79,1463.97,Electronics,26,Low,77
104907,58,Male,54910.0,254,7,151.74,876.26,Electronics,39,Low,119
104908,25,Female,48545.0,20,9,113.29,1098.94,Fashion,31,Low,42
104909,43,Male,50910.0,204,11,221.21,2381.97,Home,38,Medium,78
104910,46,Male,63736.0,294,8,282.44,2473.43,Home,36,High,69
104911,27,Female,34068.0,357,11,188.39,1687.98,Fashion,27,Medium,35
104912,34,Male,73412.0,128,9,98.32,911.34,Sports,44,Medium,98
104913,19,Male,52618.0,358,8,233.59,1829.12,Sports,41,High,9
104914,23,Female,77493.0,292,11,233.34,2494.68,Groceries,26,Low,7
104915,22,Male,47601.0,174,12,94.72,1144.63,Home,27,Medium,57
104916,45,Female,46518.0,221,10,127.7,1084.77,Groceries,32,Medium,36
104917,58,Male,41091.0,355,10,59.46,698.17,Groceries,38,Medium,35
104918,22,Female,47713.0,37,7,42.31,320.42,Home,44,Low,14
104919,35,Female,43971.0,310,9,246.06,1846.79,Sports,42,Low,74
104920,43,Male,68695.0,149,10,124.32,1034.07,Electronics,39,Medium,115
104921,37,Female,80942.0,92,13,98.77,1135.4,Sports,39,High,115
104922,58,Male,67757.0,70,13,91.71,1068.11,Sports,35,Medium,81
104923,66,Male,58452.0,84,16,40.95,653.14,Groceries,33,Low,74
104924,44,Female,69738.0,205,9,295.76,2700.66,Groceries,46,Medium,32
104925,66,Male,59272.0,267,15,122.77,1580.64,Groceries,35,Low,24
104926,29,Female,60571.0,88,8,65.99,627.91,Home,36,Medium,39
104927,24,Male,53867.0,252,7,261.96,2071.93,Home,46,High,84
104928,20,Male,76732.0,211,11,222.47,2577.84,Fashion,24,Low,34
104929,27,Female,15000.0,343,14,205.53,2621.8,Groceries,28,Medium,39
104930,51,Male,17343.0,31,15,103.22,1802.43,Home,35,Low,40
104931,42,Male,80544.0,357,11,136.33,1388.8,Fashion,37,High,15
104932,52,Male,56069.0,316,8,255.5,1896.21,Beauty,31,High,49
104933,33,Male,78345.0,61,13,199.17,2436.89,Groceries,37,High,60
104934,19,Male,47838.0,67,10,116.78,956.63,Groceries,37,Low,14
104935,41,Male,93485.0,226,12,50.6,500.78,Electronics,32,Medium,104
104936,27,Male,57270.0,335,14,272.08,3772.25,Home,34,High,15
104937,55,Male,68988.0,327,8,287.55,2651.67,Fashion,38,Medium,12
104938,39,Female,51057.0,67,5,221.26,1302.06,Groceries,29,Medium,18
104939,43,Male,42057.0,128,10,213.59,2371.46,Home,38,Medium,15
104940,60,Male,25181.0,111,9,170.56,1476.35,Fashion,38,Medium,6
104941,56,Female,75714.0,272,10,292.02,2698.84,Electronics,40,Medium,61
104942,44,Female,67908.0,301,6,214.36,1139.9,Fashion,41,Medium,8
104943,46,Female,61874.0,34,14,41.49,589.79,Groceries,37,Medium,110
104944,64,Male,37228.0,212,14,45.68,635.03,Sports,39,High,50
104945,55,Female,88309.0,300,11,289.8,3145.59,Sports,36,Medium,18
104946,37,Female,62117.0,125,11,284.12,2895.58,Electronics,30,High,106
104947,44,Male,74058.0,103,15,176.19,2729.46,Beauty,27,Medium,95
104948,58,Male,59940.0,206,8,79.96,667.3,Groceries,32,Medium,101
104949,37,Female,38212.0,120,9,183.38,1898.11,Groceries,42,Low,67
104950,61,Female,79849.0,170,8,233.79,2065.88,Home,29,Medium,24
104951,36,Male,69015.0,35,18,22.32,374.42,Sports,39,Medium,95
104952,37,Male,56372.0,331,12,250.39,2859.9,Home,39,Medium,91
104953,52,Male,68673.0,246,12,150.14,1613.94,Groceries,38,High,88
104954,64,Male,76351.0,340,12,149.69,1559.78,Electronics,30,Medium,40
104955,19,Male,73204.0,309,7,141.61,836.19,Beauty,34,Low,24
104956,47,Female,25773.0,58,13,213.72,2260.61,Sports,33,Low,56
104957,51,Male,30196.0,306,10,78.65,760.6,Home,34,High,117
104958,39,Male,74657.0,141,14,189.86,3146.19,Electronics,33,Low,45
104959,20,Male,46078.0,111,12,32.35,394.1,Groceries,40,High,12
104960,23,Male,39028.0,163,10,247.18,2711.23,Fashion,43,Medium,39
104961,32,Male,67442.0,111,10,248.32,2381.61,Fashion,24,Low,91
104962,44,Female,38421.0,152,15,107.33,1535.51,Sports,26,Low,29
104963,27,Male,50417.0,65,7,49.52,294.67,Beauty,34,Medium,1
104964,26,Female,77045.0,106,8,229.37,1688.05,Beauty,37,Medium,1
104965,50,Male,29717.0,216,6,151.66,1065.99,Electronics,36,Medium,37
104966,49,Female,32635.0,91,9,278.99,2501.07,Home,32,Low,12
104967,65,Female,27780.0,26,19,118.98,1993.27,Electronics,46,High,68
104968,23,Male,42777.0,157,15,255.62,4085.45,Sports,31,Medium,71
104969,58,Male,61654.0,72,11,27.09,286.72,Groceries,42,Medium,109
104970,53,Male,47624.0,44,9,236.38,2405.97,Beauty,43,Medium,48
104971,19,Male,90067.0,90,13,209.91,2284.39,Electronics,38,Medium,40
104972,46,Male,69106.0,133,8,167.35,1350.48,Sports,35,Medium,15
104973,21,Female,59624.0,161,13,274.92,4004.57,Sports,41,High,26
104974,18,Male,85348.0,232,8,283.76,2591.33,Home,45,Medium,55
104975,36,Male,33384.0,261,7,280.31,1880.82,Groceries,30,Medium,25
104976,43,Female,77331.0,111,13,187.38,2670.8,Electronics,37,Low,95
104977,42,Male,55275.0,164,10,165.43,1962.47,Sports,41,Low,42
104978,27,Female,50894.0,77,11,95.31,1099.54,Groceries,37,Low,25
104979,32,Male,72221.0,209,7,65.38,514.7,Home,37,Low,25
104980,39,Female,51750.0,13,10,175.99,1811.82,Sports,43,Medium,25
104981,68,Male,63638.0,58,14,61.58,962.2,Home,33,Low,17
104982,65,Female,58002.0,344,15,68.19,1203.16,Groceries,34,Medium,75
104983,38,Female,66129.0,36,5,119.89,650.15,Home,39,Medium,21
104984,39,Male,49858.0,25,10,72.29,622.97,Electronics,27,Low,58
104985,53,Male,78535.0,34,18,160.48,2405.57,Home,34,Medium,16
104986,51,Male,19116.0,140,11,205.85,2547.02,Fashion,31,Medium,111
104987,47,Female,72818.0,275,11,215.41,2140.49,Fashion,31,Low,97
104988,42,Female,22175.0,362,12,169.18,2334.9,Fashion,31,Medium,102
104989,62,Female,44931.0,222,13,166.1,1896.86,Fashion,29,Medium,7
104990,45,Male,70447.0,37,16,152.95,2849.57,Electronics,41,Low,75
104991,18,Male,19727.0,363,12,88.67,1193.94,Sports,32,Medium,5
104992,66,Female,63330.0,129,13,203.19,3044.31,Fashion,35,Low,98
104993,62,Male,32573.0,316,8,203.97,1457.3,Beauty,28,Medium,79
104994,21,Female,40619.0,323,7,91.63,738.53,Fashion,35,Medium,25
104995,24,Male,39699.0,218,13,216.16,2908.5,Sports,40,High,8
104996,66,Male,33133.0,335,14,260.24,3037.12,Fashion,44,Medium,1
104997,26,Female,25408.0,248,11,186.52,2405.47,Beauty,34,Medium,62
104998,53,Male,101424.0,111,8,52.91,371.58,Sports,32,Medium,33
104999,36,Male,56351.0,304,8,111.63,790.7,Fashion,32,Medium,78
105000,18,Male,35252.0,220,7,45.98,348.13,Beauty,36,Low,47
105001,27,Male,48758.0,196,13,104.57,1404.58,Sports,40,High,60
105002,53,Male,60733.0,147,15,79.34,1381.94,Sports,33,Medium,43
105003,26,Female,52426.0,344,11,175.3,1779.4,Groceries,32,Medium,5
105004,62,Male,34663.0,40,10,138.59,1131.85,Home,39,Medium,90
105005,63,Female,42015.0,134,10,222.35,2663.75,Sports,33,Low,103
105006,59,Male,83714.0,352,13,121.65,1463.0,Fashion,31,Medium,22
105007,49,Male,31946.0,191,13,63.32,711.84,Electronics,35,High,63
105008,49,Female,20061.0,163,11,86.09,1130.47,Sports,32,Medium,2
105009,23,Female,52241.0,61,16,172.82,2834.68,Fashion,45,Low,99
105010,65,Male,21366.0,5,8,145.96,1003.67,Sports,36,Medium,102
105011,55,Male,41805.0,37,7,31.93,253.53,Groceries,36,Low,3
105012,34,Female,34961.0,217,10,78.78,928.16,Electronics,31,High,1
105013,27,Female,35136.0,225,11,103.09,1306.94,Electronics,39,Medium,98
105014,67,Female,61391.0,216,8,223.1,1569.64,Fashion,44,High,105
105015,44,Female,65141.0,139,10,224.52,1843.48,Home,38,Low,11
105016,67,Male,43882.0,106,10,215.44,2043.49,Groceries,42,Medium,99
105017,52,Male,58112.0,99,8,249.17,1877.62,Home,26,Low,115
105018,69,Male,42886.0,168,14,264.69,3566.21,Electronics,39,Low,69
105019,38,Male,68017.0,264,14,39.91,625.56,Beauty,39,Low,93
105020,42,Male,30447.0,87,9,158.06,1143.52,Electronics,34,Low,17
105021,45,Female,63305.0,84,12,61.71,792.3,Beauty,27,High,107
105022,64,Female,64822.0,224,8,119.14,1138.08,Home,29,Low,1
105023,32,Female,106720.0,11,15,205.7,2961.03,Beauty,28,Low,33
105024,21,Male,24911.0,327,8,188.46,1498.67,Beauty,31,High,46
105025,46,Female,113115.0,186,14,56.0,824.13,Sports,30,Medium,30
105026,26,Male,75134.0,350,8,231.98,1696.67,Home,44,Low,77
105027,44,Male,96546.0,231,9,240.36,2352.32,Beauty,27,Medium,52
105028,43,Male,78105.0,141,10,58.97,519.64,Home,38,Medium,109
105029,36,Female,41129.0,106,13,192.38,2065.57,Beauty,35,Low,9
105030,45,Male,73157.0,253,11,284.66,3508.68,Sports,38,Low,117
105031,34,Male,46687.0,49,13,46.3,524.02,Sports,35,Medium,72
105032,60,Female,58237.0,263,14,66.09,1010.94,Beauty,36,Medium,75
105033,58,Male,36506.0,205,18,234.35,4844.81,Sports,42,Medium,3
105034,59,Female,46426.0,357,9,114.34,842.09,Groceries,33,Low,48
105035,67,Male,77940.0,51,15,287.56,4670.02,Electronics,39,High,26
105036,37,Female,68759.0,175,9,194.82,1855.94,Beauty,36,Medium,84
105037,62,Male,80485.0,225,9,155.3,1466.96,Electronics,47,High,53
105038,57,Male,32044.0,261,11,114.55,1156.91,Sports,28,High,12
105039,56,Female,22591.0,222,3,86.95,213.44,Beauty,31,Medium,66
105040,66,Male,82034.0,223,13,202.01,2204.36,Beauty,33,Medium,83
105041,40,Female,80553.0,269,11,185.77,1857.85,Sports,35,Low,65
105042,64,Male,64231.0,298,8,120.22,925.67,Groceries,38,Low,93
105043,49,Female,68385.0,318,8,276.98,2586.41,Groceries,31,High,23
105044,69,Male,77301.0,74,6,233.31,1502.93,Fashion,21,High,112
105045,64,Male,63630.0,114,11,92.82,827.48,Home,27,High,6
105046,50,Male,70733.0,219,12,284.14,3982.12,Electronics,35,High,43
105047,63,Female,76296.0,54,8,231.55,2015.67,Beauty,36,Low,98
105048,22,Female,58130.0,200,9,271.19,2433.46,Electronics,26,High,105
105049,60,Female,53088.0,131,7,58.14,400.96,Groceries,40,Low,83
105050,65,Female,67641.0,339,13,29.24,445.98,Home,33,Medium,96
105051,51,Female,105292.0,192,12,158.02,1934.17,Groceries,27,High,83
105052,57,Male,43046.0,179,10,145.48,1456.42,Beauty,28,Medium,59
105053,28,Male,51385.0,305,11,263.55,3217.51,Fashion,31,Medium,109
105054,67,Male,24872.0,287,8,68.2,565.92,Beauty,29,Low,94
105055,20,Male,68696.0,240,10,26.6,239.28,Fashion,38,Medium,97
105056,50,Male,49401.0,245,8,168.19,1614.02,Fashion,38,Medium,61
105057,28,Female,31993.0,330,15,69.72,954.1,Beauty,27,Medium,42
105058,33,Male,58728.0,117,5,33.86,181.7,Beauty,36,Low,111
105059,35,Female,89893.0,208,8,26.22,208.9,Groceries,34,Low,103
105060,47,Male,52959.0,212,13,59.88,660.69,Home,28,Low,65
105061,65,Female,54790.0,259,14,125.24,2075.26,Beauty,32,Medium,24
105062,27,Female,89114.0,163,12,267.51,2999.19,Sports,28,High,114
105063,35,Female,59900.0,226,13,232.96,3218.69,Electronics,52,Low,35
105064,55,Male,35847.0,341,16,168.45,2951.47,Sports,45,Medium,25
105065,36,Male,73780.0,64,10,140.5,1345.83,Home,36,Low,15
105066,53,Male,82492.0,246,10,147.62,1334.92,Beauty,33,Medium,27
105067,30,Male,55992.0,18,8,267.7,1763.74,Groceries,39,Low,15
105068,63,Female,62610.0,34,9,222.9,2368.45,Groceries,29,Medium,16
105069,20,Female,33776.0,312,11,68.16,774.38,Beauty,35,Low,106
105070,27,Female,42588.0,323,9,283.12,2768.65,Groceries,33,High,62
105071,55,Female,53339.0,181,11,236.42,2568.22,Fashion,42,Medium,56
105072,18,Male,61539.0,347,14,29.56,369.68,Fashion,28,High,22
105073,44,Female,47605.0,194,13,160.63,2502.0,Fashion,43,Medium,87
105074,63,Male,52584.0,192,12,202.78,2888.3,Sports,39,Medium,65
105075,25,Female,57524.0,67,14,37.08,593.87,Beauty,52,High,17
105076,68,Female,40039.0,209,10,118.86,1386.44,Beauty,43,Low,59
105077,63,Female,54624.0,167,14,201.52,2905.96,Electronics,30,Medium,11
105078,59,Male,83119.0,246,8,248.5,1882.87,Groceries,41,High,2
105079,34,Male,48080.0,245,10,293.6,2751.8,Groceries,44,High,93
105080,26,Female,41981.0,166,10,54.06,634.39,Sports,29,Medium,58
105081,23,Female,101702.0,296,15,197.07,3498.62,Beauty,38,Low,70
105082,60,Female,64512.0,211,10,269.98,2635.53,Electronics,42,Medium,12
105083,42,Male,44543.0,133,16,220.74,3683.13,Electronics,28,High,55
105084,56,Male,72870.0,197,12,197.07,2653.61,Sports,30,Medium,114
105085,66,Male,65122.0,347,8,80.04,692.19,Groceries,35,Medium,3
105086,45,Female,48596.0,49,12,248.28,3419.92,Home,33,Low,109
105087,50,Male,59021.0,64,10,177.5,1852.13,Home,32,Medium,77
105088,54,Female,54171.0,112,7,51.2,370.22,Electronics,36,Low,66
105089,26,Male,79802.0,356,12,281.97,3215.52,Electronics,31,Low,92
105090,35,Female,73627.0,185,11,296.75,2707.08,Groceries,35,Medium,66
105091,38,Female,17141.0,104,8,170.55,1121.83,Electronics,34,Low,1
105092,19,Male,98058.0,213,14,237.41,2860.74,Sports,28,High,109
105093,60,Female,54234.0,5,8,183.33,1207.2,Home,32,Low,80
105094,55,Female,94447.0,119,9,138.22,1261.47,Home,35,Medium,65
105095,57,Female,74321.0,344,13,134.55,1681.69,Electronics,29,Low,31
105096,53,Male,64965.0,249,10,290.01,2350.56,Sports,28,Low,108
105097,67,Female,58117.0,167,13,123.26,1295.94,Beauty,50,Medium,96
105098,60,Male,115176.0,242,9,157.33,1429.01,Electronics,28,High,18
105099,54,Male,54567.0,280,12,89.58,1096.08,Electronics,33,Medium,46
105100,32,Female,46573.0,363,5,90.92,370.46,Beauty,33,Medium,26
105101,45,Male,48374.0,238,7,119.74,895.17,Sports,37,Medium,24
105102,35,Female,60021.0,306,8,278.94,1897.57,Sports,37,Medium,41
105103,51,Male,59986.0,205,9,131.03,1176.68,Fashion,33,Medium,112
105104,39,Female,80080.0,314,9,174.64,1357.25,Home,39,Low,30
105105,28,Male,75165.0,1,9,172.81,1268.53,Electronics,29,High,8
105106,30,Female,75190.0,171,11,183.28,1784.12,Groceries,36,Medium,68
105107,21,Female,55435.0,167,10,249.61,2460.3,Electronics,31,Medium,46
105108,39,Female,73530.0,258,8,272.34,2391.28,Electronics,45,High,60
105109,24,Female,75626.0,63,12,78.45,853.12,Groceries,36,Medium,46
105110,60,Male,58413.0,272,11,260.93,3082.7,Beauty,43,Low,89
105111,41,Male,65584.0,37,17,173.36,3374.68,Home,42,Medium,90
105112,21,Female,75601.0,16,9,278.85,2278.54,Fashion,39,Medium,74
105113,45,Male,64223.0,254,7,276.52,1952.85,Sports,33,High,1
105114,32,Female,66132.0,343,16,129.04,1989.85,Fashion,36,Medium,95
105115,18,Female,88142.0,346,12,202.53,1970.99,Electronics,33,Low,62
105116,20,Male,64380.0,336,11,264.0,2778.4,Electronics,32,Low,46
105117,31,Male,47845.0,27,10,127.72,1214.46,Groceries,40,Medium,19
105118,55,Female,33086.0,111,14,32.27,473.81,Beauty,46,Medium,3
105119,67,Male,62263.0,233,17,120.75,2353.63,Groceries,27,Medium,86
105120,18,Female,53371.0,64,16,122.31,2091.5,Electronics,33,Low,102
105121,55,Male,76166.0,97,13,245.89,3011.66,Fashion,35,Low,103
105122,55,Male,91554.0,267,9,106.69,940.57,Fashion,34,Low,58
105123,38,Male,39406.0,326,13,270.32,4058.38,Home,34,Medium,90
105124,65,Male,42283.0,232,13,173.62,2382.55,Beauty,37,Low,119
105125,46,Male,59517.0,48,10,184.12,1760.07,Electronics,32,Low,79
105126,22,Female,44001.0,350,12,245.96,3069.78,Beauty,37,High,63
105127,66,Male,55559.0,210,14,57.68,854.14,Sports,32,Low,77
105128,27,Male,49277.0,76,13,25.02,322.95,Sports,37,Medium,10
105129,45,Female,39844.0,247,7,35.85,287.63,Fashion,32,Low,54
105130,38,Female,76518.0,316,9,28.59,289.5,Groceries,42,Medium,18
105131,67,Female,61506.0,68,7,215.97,1526.55,Groceries,32,High,69
105132,24,Male,96607.0,313,14,88.59,1467.65,Fashion,35,Medium,59
105133,20,Male,67180.0,64,13,260.08,3993.98,Home,29,Low,44
105134,62,Female,85771.0,182,9,267.21,2853.22,Electronics,38,Low,109
105135,64,Female,45424.0,80,14,119.7,1488.45,Sports,33,Low,96
105136,37,Female,45176.0,343,10,74.55,627.23,Fashion,42,High,49
105137,36,Female,104417.0,203,14,159.67,2341.87,Beauty,31,Medium,115
105138,52,Male,47822.0,182,7,248.43,1897.31,Groceries,37,Medium,100
105139,21,Male,41017.0,214,14,211.77,2735.9,Electronics,36,Medium,111
105140,22,Male,36575.0,120,13,27.21,359.06,Sports,26,Medium,117
105141,18,Male,98315.0,241,5,22.0,116.51,Home,43,Medium,56
105142,21,Male,54506.0,335,9,51.86,459.9,Fashion,33,High,20
105143,29,Female,68068.0,202,10,114.3,1161.9,Electronics,39,High,24
105144,44,Male,63028.0,292,14,170.33,1979.42,Beauty,43,Medium,79
105145,59,Female,45532.0,54,6,248.92,1788.7,Sports,32,Medium,40
105146,40,Female,54074.0,145,15,59.98,856.04,Home,30,High,58
105147,42,Female,76914.0,356,11,62.69,608.28,Groceries,30,Medium,23
105148,38,Male,35483.0,86,8,261.82,2077.82,Electronics,40,Medium,41
105149,69,Female,73483.0,22,8,278.73,2067.03,Beauty,34,Low,59
105150,41,Male,88681.0,331,8,174.36,1334.36,Fashion,46,Medium,14
105151,42,Female,65848.0,292,12,239.77,2949.59,Sports,32,Medium,105
105152,62,Male,86668.0,236,6,115.95,634.04,Groceries,28,High,43
105153,63,Female,32572.0,29,10,284.95,3039.25,Beauty,34,Medium,103
105154,49,Male,23399.0,183,11,273.37,2924.96,Beauty,40,High,11
105155,49,Female,64853.0,160,10,257.89,2149.92,Groceries,38,Low,86
105156,22,Female,48273.0,18,10,23.63,272.87,Sports,37,Medium,99
105157,53,Female,77575.0,38,10,166.52,1650.14,Sports,28,Low,31
105158,63,Female,53791.0,101,14,27.47,449.64,Sports,36,High,17
105159,59,Male,62944.0,290,14,209.68,2795.37,Electronics,39,Medium,82
105160,66,Male,61620.0,173,13,71.36,943.5,Fashion,39,Low,107
105161,59,Male,62258.0,343,13,199.05,2974.31,Groceries,30,Medium,53
105162,56,Female,49147.0,67,7,47.43,326.99,Home,27,High,46
105163,33,Female,32707.0,191,11,231.85,2686.16,Sports,38,Medium,109
105164,50,Female,55616.0,43,10,223.41,2008.06,Fashion,29,Medium,78
105165,66,Female,89001.0,123,15,21.29,285.9,Home,29,High,25
105166,38,Female,47823.0,278,8,241.77,1967.16,Electronics,35,Low,25
105167,26,Female,47713.0,343,9,65.86,619.58,Groceries,36,High,55
105168,23,Male,63153.0,196,4,50.6,215.01,Fashion,37,Medium,22
105169,68,Male,36458.0,333,10,160.07,1772.7,Fashion,30,Medium,90
105170,62,Male,80070.0,125,12,185.23,2598.48,Groceries,35,Medium,42
105171,52,Male,38365.0,96,8,48.87,350.32,Groceries,26,Medium,12
105172,56,Male,54214.0,157,17,105.33,1876.18,Beauty,35,Medium,55
105173,39,Male,110778.0,40,11,134.18,1442.4,Sports,30,High,43
105174,58,Male,37149.0,360,11,284.21,2612.63,Groceries,37,Medium,96
105175,22,Male,89447.0,173,10,90.37,886.91,Fashion,31,Medium,38
105176,59,Female,62425.0,173,11,92.94,1141.21,Sports,48,Low,5
105177,40,Female,65246.0,120,16,204.63,2722.88,Groceries,38,High,54
105178,34,Female,43813.0,273,8,223.6,1864.8,Home,37,Medium,17
105179,29,Female,75975.0,358,10,23.03,222.02,Home,32,Medium,85
105180,40,Female,52682.0,364,9,57.53,549.68,Groceries,41,Medium,109
105181,33,Female,37044.0,346,7,120.15,949.17,Beauty,34,High,17
105182,20,Female,89113.0,319,12,196.96,2402.89,Fashion,32,High,117
105183,47,Male,52283.0,261,12,57.55,636.44,Sports,35,Medium,32
105184,39,Male,22812.0,281,13,119.95,1303.71,Beauty,32,High,62
105185,26,Female,54626.0,329,10,42.46,388.71,Sports,40,Low,34
105186,46,Male,76161.0,124,6,179.91,1021.02,Sports,38,Low,59
105187,64,Male,72967.0,278,5,139.38,736.28,Electronics,31,Medium,106
105188,54,Male,47182.0,93,8,240.66,1839.3,Groceries,27,Low,69
105189,40,Male,40450.0,35,8,180.69,1389.26,Beauty,32,Low,90
105190,30,Male,32676.0,311,13,204.55,2436.3,Electronics,32,Low,4
105191,49,Female,59545.0,128,12,207.92,2358.2,Beauty,32,Medium,109
105192,63,Male,63020.0,20,16,185.09,2684.28,Electronics,33,High,84
105193,69,Female,74179.0,261,11,24.51,294.86,Home,39,Low,95
105194,64,Female,57019.0,167,11,252.98,3320.37,Sports,38,Low,118
105195,65,Female,56427.0,319,12,276.68,3631.79,Electronics,33,Low,72
105196,40,Male,54430.0,236,14,169.59,1969.33,Fashion,30,Low,70
105197,62,Female,63054.0,32,5,51.4,270.64,Groceries,34,Low,81
105198,34,Female,57327.0,231,11,203.32,2418.03,Fashion,46,Low,107
105199,57,Female,78782.0,191,12,121.84,1624.81,Sports,31,Medium,89
105200,38,Female,66217.0,330,7,40.52,313.44,Home,38,High,4
105201,19,Male,62160.0,145,11,259.18,2860.55,Fashion,36,Low,14
105202,54,Female,59165.0,101,9,219.28,1785.97,Fashion,50,Low,103
105203,23,Female,41164.0,79,7,245.35,1456.8,Beauty,35,High,81
105204,61,Female,59987.0,160,15,242.92,2927.24,Electronics,32,Medium,60
105205,35,Female,47069.0,255,10,120.15,961.93,Fashion,33,Medium,79
105206,47,Male,66931.0,279,5,155.02,910.34,Home,36,Medium,89
105207,39,Female,55823.0,188,12,85.42,1069.3,Fashion,39,Medium,51
105208,50,Female,93286.0,210,13,231.37,3097.08,Fashion,31,Low,13
105209,47,Female,34761.0,241,15,166.71,2377.28,Sports,29,Medium,99
105210,34,Female,15000.0,56,13,202.0,2939.57,Beauty,48,High,74
105211,60,Female,65353.0,137,8,119.85,851.48,Home,40,Low,104
105212,49,Female,47135.0,106,12,210.17,2762.22,Fashion,24,Medium,30
105213,59,Male,63221.0,69,7,207.94,1375.7,Sports,36,Medium,82
105214,68,Female,35287.0,190,17,235.64,4338.78,Groceries,36,Medium,67
105215,31,Male,98179.0,192,11,63.52,756.41,Fashion,48,High,18
105216,27,Male,52270.0,278,14,194.63,2523.52,Fashion,28,Medium,21
105217,64,Female,45841.0,32,13,266.25,4062.48,Sports,23,High,89
105218,68,Male,97810.0,175,7,46.37,325.58,Beauty,43,Low,44
105219,53,Female,76807.0,258,11,289.01,2871.04,Sports,34,Low,57
105220,51,Male,87790.0,123,11,78.18,919.76,Sports,30,Medium,56
105221,26,Female,56556.0,85,18,282.23,5589.91,Fashion,30,High,104
105222,59,Male,60938.0,216,10,263.05,3104.71,Electronics,38,High,47
105223,45,Male,48065.0,216,14,235.65,2735.98,Electronics,35,Medium,7
105224,28,Female,45731.0,14,12,78.64,958.76,Sports,40,Low,115
105225,31,Male,67965.0,37,19,80.6,1525.5,Electronics,25,Medium,95
105226,56,Male,52631.0,27,10,92.61,855.81,Groceries,37,Low,99
105227,64,Male,104416.0,152,18,246.93,4920.88,Electronics,30,Medium,69
105228,36,Male,76851.0,64,16,72.55,1018.84,Electronics,37,Low,73
105229,32,Male,97665.0,70,11,182.64,1870.62,Fashion,43,Medium,65
105230,45,Female,15426.0,154,14,237.71,3682.24,Beauty,40,High,19
105231,41,Male,97908.0,253,11,148.98,1623.88,Electronics,40,Medium,41
105232,25,Male,15000.0,271,10,255.41,2182.32,Sports,32,High,119
105233,60,Female,34782.0,29,9,177.39,1848.29,Fashion,31,Medium,96
105234,26,Female,24947.0,74,9,186.64,1834.84,Electronics,38,Medium,66
105235,64,Female,64861.0,284,9,209.5,1932.82,Groceries,36,Medium,82
105236,50,Male,59636.0,59,10,256.87,2681.03,Fashion,34,High,17
105237,50,Male,75898.0,243,15,21.3,335.6,Beauty,33,Medium,58
105238,36,Male,58231.0,329,8,129.92,1039.07,Fashion,28,Medium,99
105239,20,Male,84502.0,149,9,289.64,2861.95,Fashion,30,Low,68
105240,27,Female,41346.0,10,10,47.63,517.32,Electronics,38,High,47
105241,57,Female,84963.0,132,12,85.37,820.7,Beauty,30,Low,65
105242,64,Male,59385.0,62,13,179.86,1973.94,Sports,42,Low,14
105243,59,Male,107117.0,262,11,260.21,2318.83,Home,36,Medium,77
105244,18,Male,77438.0,218,12,47.22,491.6,Beauty,36,Medium,112
105245,46,Male,53927.0,232,14,21.13,245.21,Home,39,Low,16
105246,67,Female,59319.0,336,12,212.37,2236.3,Home,35,Medium,33
105247,51,Female,39818.0,72,12,187.24,2281.49,Electronics,26,Medium,99
105248,68,Male,67187.0,16,8,95.9,819.28,Groceries,48,Medium,5
105249,30,Female,53916.0,38,14,288.13,4709.22,Fashion,36,High,56
105250,18,Male,74483.0,177,12,176.56,2321.52,Fashion,34,Low,37
105251,51,Male,33240.0,321,11,205.76,1839.2,Beauty,34,High,12
105252,46,Female,53407.0,83,13,126.06,1618.27,Sports,46,Medium,111
105253,65,Male,36810.0,17,16,278.04,4761.18,Beauty,42,Medium,103
105254,64,Female,38053.0,156,10,97.3,901.05,Fashion,38,High,73
105255,30,Male,72121.0,172,13,229.66,2829.01,Sports,35,High,65
105256,65,Female,82490.0,70,11,52.67,649.54,Beauty,34,Low,37
105257,66,Male,15000.0,71,13,170.58,1815.75,Electronics,38,Medium,82
105258,46,Female,97237.0,255,9,181.78,1661.98,Home,34,Medium,65
105259,56,Male,88082.0,131,10,72.74,816.0,Beauty,40,Medium,47
105260,41,Male,33066.0,49,10,110.66,1238.25,Sports,40,High,7
105261,43,Female,76537.0,21,9,70.04,534.69,Sports,34,High,23
105262,34,Male,50796.0,320,13,256.61,3796.11,Fashion,32,Low,17
105263,24,Female,58038.0,220,9,204.01,1525.63,Electronics,32,Low,42
105264,30,Female,72041.0,187,14,145.0,2374.34,Home,22,Medium,62
105265,22,Male,69600.0,32,13,175.67,2024.55,Electronics,31,Medium,103
105266,43,Male,48540.0,203,10,116.33,984.26,Home,43,Low,112
105267,66,Male,48455.0,276,18,140.05,2091.29,Groceries,30,High,102
105268,20,Male,49635.0,242,8,193.42,1450.44,Electronics,35,High,54
105269,24,Female,82857.0,16,12,79.21,892.95,Groceries,33,Medium,44
105270,66,Male,22764.0,316,11,57.55,639.67,Home,39,Medium,49
105271,56,Male,56762.0,173,10,284.45,3109.55,Sports,39,Medium,31
105272,18,Male,91451.0,137,6,86.32,519.94,Groceries,37,High,43
105273,66,Female,74074.0,179,17,158.66,3213.95,Home,38,High,10
105274,34,Male,81019.0,359,12,233.23,2474.46,Home,40,Medium,103
105275,60,Female,57039.0,61,10,175.7,1553.58,Groceries,34,Medium,49
105276,42,Male,36729.0,104,7,197.76,1497.8,Beauty,40,High,12
105277,20,Female,61114.0,317,10,65.76,608.72,Electronics,35,Medium,37
105278,32,Male,46221.0,195,8,130.58,907.42,Beauty,30,Low,33
105279,46,Male,104614.0,256,10,213.27,2382.18,Sports,35,Low,44
105280,60,Female,56836.0,76,10,78.74,701.17,Home,30,Low,33
105281,49,Male,72749.0,271,11,155.4,1879.6,Electronics,41,Medium,45
105282,43,Male,94048.0,181,11,184.99,1796.15,Home,37,Medium,108
105283,33,Male,38065.0,132,9,241.01,2550.34,Home,34,Medium,47
105284,42,Female,15000.0,151,11,80.58,813.73,Home,26,Medium,72
105285,45,Male,69800.0,155,10,293.87,3232.25,Electronics,35,Medium,76
105286,26,Female,73567.0,359,15,290.88,4959.11,Fashion,36,Medium,53
105287,18,Female,51718.0,235,12,23.44,238.82,Sports,35,Low,27
105288,46,Female,36875.0,248,12,123.03,1221.26,Sports,34,High,107
105289,39,Male,66196.0,165,15,39.0,608.01,Fashion,32,Low,101
105290,33,Female,59525.0,205,15,108.83,1710.87,Home,29,Medium,59
105291,58,Female,66444.0,165,13,189.98,2591.01,Fashion,35,Low,99
105292,68,Male,37341.0,213,6,190.45,1122.67,Beauty,32,Low,91
105293,61,Female,66496.0,254,11,47.07,607.8,Groceries,40,Medium,75
105294,68,Female,76391.0,157,9,209.59,2031.26,Groceries,36,Medium,50
105295,58,Male,29882.0,177,8,256.97,1705.64,Electronics,23,Medium,74
105296,24,Male,89208.0,75,9,196.73,1972.42,Electronics,31,High,20
105297,31,Female,65090.0,178,13,106.79,1263.6,Groceries,45,Medium,97
105298,46,Male,77019.0,284,11,20.7,248.01,Beauty,37,Medium,119
105299,36,Male,34421.0,330,12,201.55,1992.16,Beauty,38,High,56
105300,36,Male,73652.0,133,8,209.77,1857.18,Fashion,46,High,18
105301,19,Female,27107.0,125,13,218.45,2888.43,Beauty,33,Medium,80
105302,58,Female,41035.0,312,9,30.99,303.54,Electronics,22,Medium,65
105303,62,Male,65267.0,320,15,164.61,2463.48,Fashion,31,Medium,103
105304,32,Female,54481.0,127,13,135.76,1977.45,Electronics,32,Medium,79
105305,20,Male,60550.0,345,9,234.86,2491.7,Sports,33,Medium,54
105306,28,Male,98548.0,225,19,222.35,4634.42,Fashion,39,Medium,5
105307,63,Male,60236.0,17,10,286.19,3141.41,Groceries,31,Medium,15
105308,47,Male,74194.0,353,11,271.3,2646.12,Groceries,37,Medium,62
105309,57,Male,58665.0,311,11,176.24,1825.79,Beauty,36,Medium,86
105310,35,Female,58072.0,246,15,294.53,3755.33,Electronics,41,Medium,109
105311,68,Female,40435.0,137,11,62.06,691.52,Fashion,34,Medium,38
105312,65,Female,67362.0,217,11,22.0,236.83,Home,35,Medium,45
105313,19,Female,110710.0,196,5,50.19,230.34,Groceries,29,Low,89
105314,49,Male,61757.0,201,5,119.43,494.25,Groceries,29,Medium,61
105315,25,Male,54660.0,207,10,231.47,2714.12,Fashion,40,High,52
105316,39,Female,82803.0,16,13,127.26,1724.14,Fashion,43,Low,97
105317,23,Female,80456.0,13,9,238.57,1996.83,Electronics,52,Medium,60
105318,29,Male,68781.0,78,10,227.98,2140.93,Beauty,40,Low,100
105319,64,Male,53833.0,214,18,242.42,4181.01,Beauty,37,Medium,24
105320,57,Male,82889.0,341,14,72.44,1140.58,Home,37,Low,63
105321,53,Female,62419.0,329,15,164.49,2181.57,Groceries,35,High,60
105322,32,Male,78275.0,119,14,219.55,3511.97,Fashion,33,Medium,10
105323,45,Male,43614.0,181,10,99.57,920.58,Groceries,38,Medium,46
105324,69,Female,48266.0,324,5,254.65,1462.23,Home,38,High,68
105325,66,Female,61938.0,330,10,238.21,2759.32,Beauty,39,High,117
105326,62,Female,35296.0,355,12,53.57,693.41,Beauty,44,Low,115
105327,35,Male,52602.0,137,13,81.01,1219.41,Sports,46,Medium,6
105328,19,Male,34409.0,179,18,86.46,1710.1,Sports,38,Medium,73
105329,30,Female,29105.0,208,9,265.97,2053.38,Home,36,High,44
105330,62,Male,108720.0,54,17,72.28,1452.97,Fashion,30,Medium,78
105331,32,Male,47821.0,79,10,194.19,1701.19,Sports,31,Medium,92
105332,37,Male,49579.0,271,17,38.18,647.67,Fashion,31,Medium,117
105333,46,Female,61604.0,118,8,174.7,1332.46,Electronics,37,Medium,82
105334,59,Female,38765.0,106,11,59.55,615.26,Groceries,43,Medium,31
105335,46,Male,49967.0,105,11,181.14,2218.59,Electronics,34,Low,35
105336,20,Male,96688.0,303,10,122.98,1126.97,Sports,31,High,35
105337,36,Male,67162.0,118,9,189.59,1732.03,Sports,33,Low,100
105338,20,Male,79722.0,229,13,130.44,1584.9,Fashion,33,High,19
105339,31,Female,91472.0,148,10,259.2,2999.96,Sports,33,Medium,33
105340,57,Female,64213.0,354,13,231.95,2599.37,Fashion,25,High,95
105341,21,Male,55575.0,150,12,256.52,2678.68,Home,46,Medium,89
105342,69,Male,31323.0,304,11,82.17,763.31,Sports,35,High,111
105343,28,Female,52342.0,256,8,61.67,544.24,Home,34,High,59
105344,48,Male,56750.0,82,12,176.05,1826.55,Home,37,Medium,47
105345,60,Female,43854.0,16,16,264.39,4286.26,Beauty,33,Medium,110
105346,49,Male,90905.0,193,10,50.97,564.09,Groceries,35,Low,71
105347,44,Female,82046.0,211,11,85.49,795.77,Beauty,30,Medium,68
105348,47,Male,79711.0,74,12,228.88,3219.49,Fashion,34,Medium,107
105349,60,Male,57676.0,277,8,150.3,1098.53,Home,45,Low,2
105350,19,Female,39339.0,61,8,188.97,1688.52,Groceries,37,Medium,89
105351,66,Female,86560.0,24,7,185.69,1452.46,Sports,29,Medium,25
105352,26,Male,66707.0,23,8,135.46,1017.94,Sports,33,Low,34
105353,45,Male,75462.0,343,13,217.6,2886.03,Home,40,Medium,103
105354,48,Female,72385.0,258,9,258.64,2449.58,Beauty,34,High,116
105355,51,Female,66213.0,198,11,274.17,2914.0,Sports,33,Low,111
105356,32,Male,99992.0,53,14,33.0,435.74,Fashion,29,High,101
105357,65,Male,46852.0,139,10,175.01,1996.61,Sports,38,Low,53
105358,42,Female,53821.0,271,11,31.3,303.25,Electronics,38,Low,25
105359,53,Female,92823.0,201,10,272.26,3043.8,Sports,22,High,22
105360,25,Female,61641.0,164,12,140.19,1482.91,Home,30,Medium,113
105361,26,Female,57481.0,92,10,272.15,2939.35,Groceries,46,Low,37
105362,54,Female,54940.0,23,13,72.55,863.03,Fashion,35,Low,1
105363,65,Male,73586.0,88,7,65.46,536.55,Fashion,37,High,32
105364,62,Male,55414.0,182,17,274.33,4860.19,Groceries,31,High,112
105365,56,Female,53169.0,355,9,282.75,2578.87,Fashion,36,Medium,79
105366,49,Male,73256.0,283,9,234.7,1939.26,Beauty,50,High,48
105367,69,Male,61865.0,21,9,82.17,742.09,Home,24,Low,78
105368,34,Female,39811.0,49,4,68.16,225.3,Home,37,Low,7
105369,52,Male,60640.0,190,11,229.44,2163.79,Groceries,34,High,67
105370,54,Male,87891.0,205,14,197.74,2541.39,Home,35,Medium,66
105371,36,Male,75306.0,44,10,264.18,3116.54,Electronics,41,Low,119
105372,61,Female,90360.0,300,10,97.51,962.57,Home,32,Medium,57
105373,46,Female,45374.0,128,9,102.7,887.48,Fashion,33,Medium,117
105374,24,Male,81405.0,189,9,224.86,2244.37,Groceries,35,Medium,36
105375,45,Male,47030.0,170,7,95.0,716.52,Beauty,39,Medium,93
105376,26,Male,35352.0,279,12,149.47,1911.27,Electronics,39,Low,74
105377,45,Male,43939.0,201,12,165.64,2071.72,Home,29,Low,13
105378,23,Male,62628.0,125,12,207.37,2120.12,Electronics,32,Medium,117
105379,46,Male,80559.0,292,12,116.43,1336.01,Sports,38,Medium,103
105380,34,Female,66208.0,311,10,260.33,3021.05,Sports,40,Medium,116
105381,33,Male,56934.0,16,9,132.65,1413.36,Electronics,31,Medium,102
105382,40,Male,39356.0,345,11,31.58,338.03,Sports,35,Medium,83
105383,48,Female,74107.0,274,17,38.76,527.41,Sports,36,Low,44
105384,20,Male,79272.0,294,8,292.04,2335.69,Sports,43,Medium,82
105385,38,Male,65966.0,20,8,194.17,1383.84,Beauty,31,Medium,62
105386,43,Male,38954.0,19,9,157.46,1240.32,Beauty,36,Medium,68
105387,53,Male,76174.0,13,10,263.51,2407.21,Groceries,42,Medium,47
105388,59,Female,84545.0,17,7,220.73,1311.88,Groceries,32,Medium,30
105389,54,Male,90660.0,206,8,70.79,463.45,Sports,38,Low,73
105390,39,Female,51246.0,30,13,22.04,280.18,Fashion,35,Medium,114
105391,59,Male,68726.0,299,10,295.0,2669.81,Sports,40,Medium,35
105392,29,Male,49309.0,304,5,196.18,885.24,Sports,35,Low,51
105393,59,Female,41553.0,43,9,153.58,1228.27,Sports,34,Low,53
105394,30,Male,91664.0,93,9,284.5,2557.06,Fashion,32,Medium,101
105395,28,Female,71291.0,66,16,123.38,2158.24,Fashion,37,Medium,10
105396,33,Female,85855.0,119,12,222.31,2835.15,Beauty,38,Medium,43
105397,25,Female,35503.0,309,13,207.63,3213.05,Sports,37,Low,103
105398,57,Male,65768.0,72,10,209.57,2442.75,Home,38,Low,1
105399,57,Male,70166.0,334,11,209.6,2229.37,Beauty,35,Medium,2
105400,62,Male,43356.0,162,9,22.92,232.1,Electronics,30,Medium,101
105401,19,Male,89757.0,330,13,250.8,2848.9,Groceries,39,Low,5
105402,47,Female,55090.0,328,8,278.43,1971.11,Electronics,31,Medium,32
105403,47,Male,69073.0,269,7,145.82,1102.78,Groceries,38,Medium,109
105404,29,Male,48995.0,218,16,176.94,2510.24,Beauty,40,Low,95
105405,27,Female,36112.0,254,12,110.92,1305.05,Electronics,29,Medium,39
105406,61,Female,78261.0,59,9,239.82,2004.74,Beauty,28,Medium,28
105407,28,Male,67581.0,32,12,226.25,2424.65,Fashion,34,Low,71
105408,32,Female,64745.0,339,10,226.78,1954.34,Sports,43,Medium,51
105409,33,Female,54437.0,120,10,225.78,2358.81,Groceries,28,Low,116
105410,34,Female,67037.0,310,15,81.19,1001.65,Sports,35,Low,2
105411,43,Female,85325.0,2,11,51.51,612.52,Sports,38,Medium,108
105412,19,Female,46324.0,118,16,107.01,1982.49,Beauty,42,High,75
105413,67,Male,71205.0,37,8,181.11,1358.16,Fashion,36,Medium,48
105414,29,Male,64050.0,97,12,131.87,1527.51,Groceries,30,High,114
105415,68,Male,56312.0,359,9,89.79,837.39,Home,33,Low,83
105416,43,Male,27089.0,257,14,26.24,391.79,Fashion,32,High,27
105417,40,Male,59760.0,128,13,53.92,713.52,Sports,31,Medium,48
105418,35,Male,73454.0,359,17,49.49,905.39,Beauty,33,Low,64
105419,49,Male,66479.0,156,10,287.86,3233.89,Groceries,38,High,87
105420,66,Female,31227.0,145,9,238.07,2562.62,Fashion,40,Medium,95
105421,55,Male,84941.0,57,8,54.37,416.3,Fashion,38,Low,70
105422,64,Male,92958.0,70,13,150.82,2027.07,Home,37,Medium,49
105423,20,Male,57810.0,44,9,203.26,1738.74,Electronics,27,Medium,9
105424,55,Female,106222.0,212,11,289.09,2846.64,Groceries,40,Low,33
105425,20,Male,43409.0,175,13,95.31,1485.64,Groceries,27,Medium,23
105426,47,Male,34558.0,141,9,93.93,680.99,Groceries,35,Medium,93
105427,18,Female,39704.0,76,4,179.11,591.69,Groceries,33,Medium,104
105428,47,Male,64903.0,158,17,260.07,4568.05,Electronics,38,Low,94
105429,62,Male,24433.0,85,9,98.29,958.86,Fashion,26,Medium,70
105430,49,Female,53782.0,322,15,55.23,904.28,Fashion,31,High,60
105431,45,Male,118691.0,309,8,94.52,817.65,Beauty,30,Medium,17
105432,38,Female,29924.0,18,10,145.74,1625.64,Electronics,32,High,2
105433,63,Male,49058.0,284,8,120.79,1060.89,Fashion,35,Low,39
105434,30,Male,39279.0,42,7,261.14,1861.6,Electronics,39,Medium,14
105435,44,Male,54304.0,134,12,284.02,3367.5,Electronics,41,Medium,80
105436,53,Female,53037.0,102,10,125.97,1370.69,Fashion,27,Medium,37
105437,24,Female,46609.0,137,18,250.56,4929.21,Beauty,34,Medium,105
105438,39,Female,56874.0,222,9,39.21,329.25,Fashion,33,Medium,88
105439,27,Male,72664.0,229,7,175.04,981.67,Electronics,35,Low,68
105440,56,Male,87707.0,294,9,252.88,2106.87,Home,23,Medium,117
105441,32,Female,54311.0,306,7,137.21,973.82,Sports,29,Medium,29
105442,32,Female,60116.0,316,9,60.16,547.09,Groceries,29,Low,110
105443,21,Male,69265.0,119,10,99.55,947.66,Electronics,28,Medium,90
105444,49,Male,35284.0,99,7,157.73,1295.05,Fashion,34,Low,19
105445,40,Male,56947.0,350,11,256.18,2791.33,Beauty,33,High,18
105446,23,Male,49889.0,324,10,229.61,1964.59,Electronics,40,Medium,92
105447,41,Female,79039.0,159,13,43.4,495.04,Fashion,25,Medium,92
105448,37,Male,95037.0,239,13,172.92,1883.42,Electronics,42,Medium,31
105449,54,Male,44459.0,320,10,264.26,2397.66,Fashion,37,Medium,12
105450,37,Male,85600.0,335,12,181.59,2008.87,Home,42,Low,85
105451,29,Male,30833.0,189,17,38.18,606.0,Beauty,36,Medium,32
105452,50,Male,64013.0,309,15,250.47,4262.26,Sports,34,High,68
105453,45,Male,65200.0,249,12,273.9,3635.83,Fashion,34,Low,23
105454,25,Male,30322.0,26,7,128.97,901.39,Beauty,27,Medium,58
105455,18,Female,43431.0,189,8,106.84,835.69,Home,43,High,13
105456,54,Female,41486.0,140,10,172.14,1637.46,Sports,35,Medium,17
105457,39,Female,33772.0,181,8,295.54,1904.28,Fashion,35,Medium,95
105458,23,Male,15000.0,21,9,254.49,2674.95,Groceries,32,Medium,22
105459,38,Female,55855.0,163,12,247.1,2717.9,Electronics,25,Low,73
105460,49,Male,58265.0,71,14,74.08,1178.96,Electronics,43,Low,6
105461,52,Male,58107.0,82,17,270.65,5044.29,Electronics,25,Medium,73
105462,32,Male,75314.0,155,12,175.66,1782.8,Fashion,37,High,66
105463,22,Male,21243.0,316,11,276.73,2816.62,Groceries,31,Low,59
105464,63,Female,52379.0,355,11,202.48,2213.61,Groceries,32,Medium,62
105465,67,Male,111200.0,47,13,253.57,2982.8,Groceries,36,Low,8
105466,65,Male,77735.0,194,12,66.35,765.02,Beauty,31,Medium,48
105467,23,Female,77849.0,224,10,217.83,1988.73,Sports,26,Low,106
105468,42,Female,39668.0,237,5,92.03,485.13,Beauty,38,Medium,9
105469,63,Female,56082.0,280,13,67.29,826.01,Fashion,28,Medium,99
105470,57,Male,15000.0,10,11,180.72,1865.7,Home,37,Medium,102
105471,46,Female,71710.0,152,14,188.77,2401.31,Sports,32,Low,21
105472,24,Male,88006.0,344,15,157.37,2645.26,Fashion,23,Medium,38
105473,57,Male,31004.0,104,12,44.93,570.63,Groceries,37,Medium,76
105474,30,Female,36822.0,124,12,88.53,1156.26,Beauty,39,Medium,107
105475,55,Female,59359.0,185,6,85.93,493.69,Fashion,41,Medium,110
105476,35,Female,63066.0,290,13,107.84,1592.29,Groceries,34,Medium,41
105477,19,Male,49165.0,41,11,195.86,2082.39,Home,34,Medium,110
105478,25,Male,43693.0,11,14,142.64,1738.55,Groceries,40,Low,3
105479,28,Male,43907.0,218,8,291.15,2339.13,Sports,46,Low,24
105480,50,Male,59019.0,1,7,24.44,167.31,Fashion,34,High,112
105481,55,Male,71723.0,171,8,80.45,538.5,Electronics,40,Low,28
105482,65,Male,59014.0,338,11,180.55,2115.28,Groceries,27,Medium,61
105483,44,Female,57103.0,282,13,266.22,3892.77,Groceries,37,Medium,55
105484,37,Male,24815.0,53,14,29.49,389.11,Electronics,40,Medium,42
105485,29,Female,77341.0,125,11,267.41,3246.5,Sports,32,Medium,107
105486,60,Female,58972.0,175,8,162.04,1340.84,Home,31,High,73
105487,48,Female,51267.0,265,12,239.94,2617.84,Beauty,29,Medium,4
105488,44,Female,65103.0,265,18,285.62,4820.3,Home,43,Medium,91
105489,49,Female,43124.0,199,16,80.31,1514.26,Sports,35,Low,3
105490,27,Male,51683.0,256,14,184.61,2290.72,Fashion,48,Medium,75
105491,20,Male,62152.0,172,11,267.43,2532.15,Home,30,Low,73
105492,62,Male,46429.0,59,13,256.43,2767.77,Beauty,38,Medium,115
105493,44,Male,27086.0,106,11,165.87,2098.68,Beauty,41,High,62
105494,52,Female,23831.0,125,11,285.86,3360.95,Beauty,36,Low,47
105495,48,Female,68915.0,16,11,218.36,2033.66,Sports,31,Low,94
105496,32,Female,59378.0,38,17,166.75,3135.98,Beauty,33,Low,35
105497,33,Male,58671.0,243,14,36.21,533.18,Groceries,31,Low,62
105498,30,Male,36764.0,210,11,156.45,2055.65,Beauty,39,High,61
105499,66,Male,59589.0,315,5,138.13,693.8,Electronics,36,Medium,97
105500,52,Male,51991.0,285,9,105.47,955.46,Fashion,47,Medium,15
105501,69,Female,47999.0,168,10,284.01,2555.26,Fashion,40,Low,94
105502,28,Female,58499.0,264,6,279.2,1468.09,Beauty,51,Low,75
105503,38,Male,65929.0,98,9,114.44,1126.17,Groceries,33,Low,52
105504,68,Male,94998.0,134,12,142.01,1617.32,Home,36,Medium,64
105505,28,Female,71306.0,181,14,230.51,3516.78,Fashion,39,Medium,103
105506,47,Female,77151.0,222,12,253.82,3380.2,Electronics,39,Medium,56
105507,65,Female,82093.0,364,10,50.82,590.18,Groceries,34,Low,31
105508,52,Female,44720.0,149,14,157.42,2139.91,Fashion,38,Medium,2
105509,39,Male,53582.0,244,16,276.06,3702.9,Beauty,33,Low,71
105510,55,Female,41902.0,313,11,206.08,1833.2,Groceries,27,Low,61
105511,48,Female,46364.0,76,10,172.03,1577.09,Home,34,High,57
105512,31,Female,51435.0,262,10,221.05,2592.9,Beauty,29,High,100
105513,41,Female,45887.0,231,10,205.2,2255.39,Sports,33,Medium,9
105514,67,Male,64482.0,191,12,283.83,3486.54,Groceries,37,High,90
105515,66,Male,68657.0,134,9,275.54,2221.57,Home,30,Medium,52
105516,49,Male,33877.0,309,14,131.38,1995.91,Fashion,37,Low,10
105517,53,Male,53758.0,252,8,28.97,254.09,Fashion,46,High,31
105518,49,Male,53977.0,245,7,113.15,706.65,Home,30,Medium,106
105519,32,Male,30552.0,265,12,76.81,998.45,Fashion,50,High,15
105520,60,Female,44677.0,325,13,56.83,626.56,Fashion,39,Medium,17
105521,52,Female,77469.0,330,8,268.62,1806.57,Fashion,23,Low,27
105522,20,Female,77212.0,343,12,218.78,2158.29,Home,31,Medium,54
105523,33,Female,27416.0,4,10,29.12,327.33,Beauty,38,Medium,61
105524,22,Male,69443.0,37,13,277.53,3276.85,Home,31,Medium,100
105525,38,Female,30594.0,71,10,272.84,2842.09,Groceries,30,Medium,14
105526,27,Male,51970.0,262,8,285.83,1961.46,Electronics,41,Medium,117
105527,36,Female,58054.0,237,21,252.37,5177.72,Sports,29,Medium,92
105528,42,Female,75056.0,307,8,42.09,273.11,Beauty,35,Low,72
105529,21,Female,56508.0,355,11,194.38,2446.04,Beauty,24,Medium,50
105530,46,Male,39723.0,178,10,43.26,439.48,Fashion,29,High,92
105531,36,Female,36321.0,96,16,219.75,4065.21,Electronics,45,Medium,108
105532,60,Male,63360.0,227,7,75.16,519.34,Beauty,42,Medium,30
105533,19,Male,47324.0,11,14,282.03,3658.33,Electronics,38,Medium,41
105534,27,Female,51826.0,266,13,281.57,3515.17,Home,30,Low,93
105535,60,Male,79409.0,189,9,186.49,1506.44,Home,36,Medium,12
105536,42,Male,68698.0,209,12,230.75,3196.05,Electronics,29,Medium,99
105537,37,Female,91738.0,13,15,260.28,3585.02,Home,33,Low,83
105538,65,Female,39636.0,162,13,128.96,1537.14,Groceries,35,Medium,54
105539,36,Female,45816.0,60,11,182.17,2109.37,Groceries,31,Medium,46
105540,40,Female,63674.0,5,10,69.29,588.34,Sports,36,Medium,69
105541,41,Female,96376.0,202,7,295.94,1838.88,Sports,31,Low,76
105542,28,Female,44103.0,12,10,280.23,2723.73,Beauty,40,Low,70
105543,63,Male,60768.0,341,10,155.36,1356.36,Beauty,31,High,5
105544,51,Female,86425.0,240,10,174.93,1579.5,Sports,43,Medium,88
105545,45,Female,60998.0,225,7,142.28,1075.61,Beauty,31,Medium,105
105546,22,Male,80400.0,182,14,20.47,261.34,Fashion,29,Medium,18
105547,22,Female,99150.0,297,11,84.4,979.35,Groceries,43,Low,25
105548,68,Male,65902.0,304,6,48.46,290.11,Fashion,36,Medium,58
105549,38,Female,69170.0,307,14,110.41,1711.21,Groceries,38,Medium,56
105550,29,Female,74859.0,178,10,86.15,947.9,Beauty,33,Medium,28
105551,67,Male,41913.0,118,12,233.26,2460.48,Electronics,30,Medium,49
105552,21,Female,30369.0,352,9,161.34,1709.5,Fashion,43,Medium,88
105553,66,Male,63169.0,76,11,248.76,3067.14,Sports,32,Low,87
105554,59,Female,47497.0,46,11,198.0,2206.41,Groceries,41,Low,65
105555,37,Female,81055.0,227,13,203.74,2711.93,Beauty,45,Medium,78
105556,55,Male,66286.0,356,16,265.35,4804.04,Sports,38,Medium,83
105557,42,Female,80716.0,294,12,257.21,3066.95,Home,37,Medium,38
105558,31,Female,35967.0,240,8,37.72,299.16,Groceries,37,Low,97
105559,28,Male,80031.0,348,9,181.94,1722.73,Beauty,43,Medium,101
105560,49,Female,15000.0,141,18,135.67,2039.91,Beauty,35,Low,70
105561,28,Male,37608.0,204,12,187.9,2328.88,Groceries,36,Medium,34
105562,35,Female,72645.0,150,6,261.54,1395.94,Sports,46,Medium,23
105563,44,Male,49949.0,130,11,23.37,217.66,Sports,35,Low,119
105564,35,Female,51874.0,349,13,23.07,337.75,Sports,31,Low,91
105565,40,Male,62145.0,333,15,37.52,536.19,Groceries,38,Low,14
105566,28,Male,88439.0,269,4,264.97,1061.07,Electronics,30,Low,86
105567,38,Female,21565.0,313,6,118.97,654.85,Home,38,Medium,38
105568,61,Female,84974.0,137,10,123.94,1006.84,Beauty,43,Low,78
105569,22,Male,86149.0,116,14,116.71,1596.29,Sports,40,Medium,86
105570,40,Female,49913.0,351,10,84.67,931.46,Beauty,37,High,45
105571,58,Male,46102.0,161,12,30.88,408.85,Electronics,29,Low,61
105572,42,Female,57641.0,155,11,273.82,3520.5,Beauty,33,Medium,9
105573,58,Female,45677.0,173,9,85.2,871.21,Sports,28,High,75
105574,27,Male,66896.0,130,14,270.3,4514.3,Groceries,42,Medium,108
105575,39,Male,69500.0,79,15,287.6,4437.6,Electronics,28,High,76
105576,36,Female,28922.0,57,7,181.46,1042.06,Beauty,23,Medium,89
105577,18,Female,41593.0,351,10,124.24,1422.99,Groceries,29,Low,2
105578,24,Female,36297.0,57,19,234.42,5259.32,Fashion,28,Medium,9
105579,21,Female,64294.0,363,13,27.11,347.38,Sports,39,Low,50
105580,18,Female,77447.0,335,10,280.08,2368.29,Home,25,Medium,45
105581,32,Male,38531.0,134,12,134.22,1304.38,Electronics,28,Medium,35
105582,57,Female,77306.0,14,8,106.41,889.93,Fashion,41,High,96
105583,29,Female,41504.0,283,13,55.54,770.43,Sports,32,Medium,62
105584,39,Male,74372.0,294,14,287.45,3245.54,Fashion,29,Low,78
105585,39,Male,54325.0,147,9,247.09,2623.44,Electronics,26,Medium,93
105586,67,Male,51166.0,127,5,222.7,1132.31,Home,35,Medium,57
105587,64,Female,82849.0,260,16,280.67,4692.4,Electronics,25,Low,83
105588,34,Male,95754.0,314,10,288.75,2961.59,Home,36,Medium,100
105589,46,Male,21165.0,218,11,95.17,970.21,Beauty,39,Medium,46
105590,63,Male,71989.0,233,10,240.23,2787.23,Groceries,38,High,69
105591,31,Male,63547.0,168,13,234.75,2446.05,Sports,36,Medium,81
105592,67,Female,73158.0,143,13,176.05,2514.95,Fashion,33,Low,98
105593,37,Female,31230.0,260,10,62.12,586.62,Groceries,36,High,107
105594,67,Female,38314.0,218,16,283.3,3971.14,Sports,38,Medium,86
105595,65,Male,46571.0,308,11,108.31,1160.96,Fashion,28,Medium,114
105596,50,Male,64261.0,146,14,182.09,2241.34,Groceries,36,Medium,75
105597,60,Male,45347.0,99,8,25.43,233.45,Sports,30,Low,30
105598,32,Male,53540.0,182,15,140.16,2350.99,Sports,36,High,50
105599,29,Male,76611.0,169,11,192.73,2422.77,Groceries,28,Low,93
105600,57,Male,100976.0,233,12,126.67,1724.25,Electronics,43,Low,15
105601,37,Female,75184.0,93,12,153.59,2082.54,Home,36,Low,36
105602,47,Female,77188.0,117,10,73.77,761.73,Beauty,34,Low,39
105603,55,Male,56363.0,4,11,118.06,1507.47,Home,41,Medium,81
105604,20,Female,42188.0,85,11,222.54,2016.27,Beauty,39,Medium,60
105605,45,Male,53481.0,167,10,291.52,2665.51,Beauty,39,Medium,27
105606,43,Male,58842.0,7,14,151.26,1874.17,Beauty,42,Medium,54
105607,47,Female,36797.0,232,17,212.09,3059.05,Electronics,34,High,2
105608,30,Male,76302.0,251,12,293.33,2824.91,Sports,35,Low,70
105609,30,Female,90389.0,85,4,236.94,910.85,Fashion,39,Low,4
105610,19,Male,62448.0,319,14,22.84,348.41,Electronics,46,Medium,87
105611,54,Male,81681.0,193,11,281.95,3281.19,Sports,41,Medium,47
105612,66,Female,84169.0,123,14,262.64,3899.12,Groceries,32,Medium,95
105613,55,Male,39307.0,89,10,95.91,1108.0,Groceries,34,Low,48
105614,19,Male,25244.0,95,5,70.83,418.94,Beauty,35,High,57
105615,53,Male,50020.0,300,19,271.78,5536.84,Sports,35,Medium,65
105616,43,Female,61918.0,358,11,212.83,1952.43,Beauty,41,Low,108
105617,28,Male,36077.0,45,8,86.36,739.71,Groceries,31,Low,58
105618,25,Male,88444.0,253,11,219.89,2471.79,Home,28,High,118
105619,61,Male,98976.0,51,11,188.06,1708.22,Electronics,38,Medium,51
105620,57,Female,63584.0,65,13,106.58,1250.93,Home,30,Medium,119
105621,60,Female,40364.0,54,14,175.9,2204.22,Sports,29,Medium,47
105622,39,Female,69726.0,222,12,167.63,2231.07,Electronics,41,Low,77
105623,37,Female,40301.0,72,13,162.74,1984.63,Groceries,41,Medium,70
105624,25,Female,82862.0,168,14,164.86,2308.65,Electronics,33,High,34
105625,46,Male,55371.0,186,8,20.11,179.27,Electronics,33,High,37
105626,57,Female,74545.0,143,12,95.22,1342.15,Groceries,30,Medium,80
105627,43,Female,78038.0,19,9,140.64,1285.11,Beauty,37,Medium,55
105628,47,Male,70759.0,10,14,55.63,796.05,Fashion,32,Low,96
105629,34,Female,95706.0,272,4,229.77,770.51,Groceries,31,Medium,44
105630,37,Male,63565.0,171,9,257.13,2308.91,Home,35,High,79
105631,69,Female,49936.0,364,15,248.98,4013.26,Beauty,41,Medium,116
105632,33,Male,17956.0,16,9,148.7,1171.84,Fashion,35,High,68
105633,63,Male,15000.0,80,10,213.4,1802.17,Home,24,Low,43
105634,60,Female,73041.0,284,18,41.53,856.18,Sports,29,Medium,76
105635,24,Female,56323.0,190,14,75.83,898.08,Home,48,High,10
105636,33,Male,43692.0,148,14,33.14,540.62,Beauty,41,Low,66
105637,62,Male,37722.0,163,8,290.32,2112.28,Beauty,38,Medium,88
105638,64,Male,74819.0,265,5,180.81,842.56,Beauty,43,High,16
105639,65,Male,40329.0,360,11,69.07,767.54,Electronics,30,Medium,35
105640,44,Male,92613.0,138,8,218.11,1527.19,Beauty,32,Medium,40
105641,40,Male,107020.0,301,11,156.96,1856.78,Beauty,34,High,81
105642,41,Male,41999.0,30,7,141.59,1000.6,Sports,26,Medium,111
105643,26,Female,73397.0,304,11,275.77,3574.78,Fashion,35,Low,72
105644,52,Male,68800.0,168,11,218.3,2796.28,Home,38,Medium,93
105645,68,Female,40247.0,91,13,213.38,3073.21,Sports,37,Medium,62
105646,37,Female,40360.0,91,15,47.25,619.39,Home,37,Low,34
105647,54,Male,57548.0,211,10,45.77,405.3,Electronics,37,Medium,42
105648,59,Male,37232.0,330,12,206.04,2243.5,Electronics,42,Medium,95
105649,34,Female,81825.0,300,10,63.82,723.5,Fashion,39,Low,118
105650,64,Male,55078.0,174,10,146.91,1556.04,Groceries,44,Medium,81
105651,48,Male,37587.0,134,7,179.55,1093.75,Beauty,34,Low,4
105652,25,Female,58220.0,24,12,128.67,1518.26,Groceries,33,Low,63
105653,32,Female,69328.0,201,16,43.84,834.69,Electronics,40,Low,23
105654,48,Female,45511.0,219,9,228.14,2244.01,Sports,35,Medium,11
105655,47,Male,20138.0,7,16,267.81,5029.32,Fashion,38,Medium,23
105656,63,Male,62527.0,6,11,65.27,806.66,Home,40,High,61
105657,37,Female,35660.0,118,12,259.15,3389.76,Home,44,Medium,118
105658,56,Male,44125.0,161,11,240.83,2998.73,Sports,38,Medium,69
105659,29,Female,69382.0,85,6,177.88,1149.49,Groceries,30,Low,52
105660,66,Male,48242.0,248,11,186.91,2111.41,Electronics,33,High,103
105661,34,Female,57178.0,166,14,202.44,3101.58,Electronics,30,Medium,61
105662,59,Male,89061.0,145,16,166.93,2381.85,Fashion,34,Medium,96
105663,47,Female,52959.0,31,12,256.42,3065.16,Electronics,33,Medium,5
105664,46,Male,100426.0,220,10,152.75,1803.3,Groceries,41,Medium,103
105665,36,Male,74798.0,133,15,173.17,2918.2,Groceries,27,Medium,17
105666,63,Female,41373.0,64,7,30.29,248.19,Sports,40,Low,87
105667,28,Male,50473.0,76,14,70.42,1170.22,Fashion,37,Low,34
105668,51,Male,34747.0,131,10,273.06,2825.81,Fashion,46,Low,94
105669,67,Female,72749.0,312,9,54.04,427.25,Electronics,44,Low,91
105670,24,Male,86490.0,319,10,273.13,2994.65,Beauty,43,Low,97
105671,61,Male,52832.0,361,8,198.06,1272.23,Home,29,Medium,16
105672,51,Male,22772.0,38,9,277.63,2088.03,Fashion,42,Medium,108
105673,37,Female,67209.0,54,13,248.01,2948.29,Electronics,41,Medium,95
105674,67,Female,42760.0,130,15,262.28,3171.26,Home,38,Medium,4
105675,55,Female,45787.0,218,10,166.83,1790.66,Electronics,40,High,52
105676,41,Female,66231.0,2,10,251.08,2828.75,Sports,43,High,20
105677,27,Female,84640.0,246,15,148.95,2461.04,Fashion,47,High,48
105678,49,Male,74790.0,140,13,32.37,360.97,Electronics,30,Medium,96
105679,69,Male,68590.0,296,14,202.38,3177.74,Sports,35,Medium,98
105680,32,Female,56855.0,258,9,223.97,2280.59,Electronics,34,Low,51
105681,54,Male,33591.0,105,11,48.43,446.75,Groceries,38,Medium,45
105682,37,Male,66959.0,336,8,248.45,1981.55,Electronics,35,Low,115
105683,20,Male,74355.0,185,12,41.05,529.67,Groceries,28,Medium,80
105684,54,Male,48098.0,303,11,143.65,1521.17,Fashion,30,Low,111
105685,57,Female,52673.0,244,9,156.62,1629.06,Electronics,33,Medium,93
105686,25,Female,82201.0,164,8,30.29,245.14,Sports,33,Low,49
105687,57,Male,52150.0,132,14,38.43,456.7,Fashion,34,Medium,104
105688,61,Male,54589.0,203,9,146.18,1331.64,Fashion,38,Medium,93
105689,40,Female,58232.0,210,9,107.15,994.22,Beauty,38,Medium,56
105690,57,Male,73311.0,347,15,248.45,4402.98,Groceries,34,Medium,3
105691,28,Male,65867.0,101,15,135.88,1974.6,Fashion,27,Medium,42
105692,63,Male,64385.0,271,8,49.55,458.72,Electronics,47,High,71
105693,25,Female,90357.0,49,15,64.21,893.79,Electronics,38,High,42
105694,46,Female,51810.0,239,12,208.57,2455.09,Groceries,34,Low,104
105695,47,Male,40989.0,215,12,286.02,3672.87,Electronics,34,Low,85
105696,27,Male,80442.0,291,12,263.49,3649.45,Beauty,40,Medium,99
105697,56,Male,64619.0,350,10,56.26,624.29,Groceries,37,Medium,101
105698,45,Male,48215.0,280,8,24.58,169.54,Home,37,Medium,29
105699,66,Male,52803.0,316,5,27.4,120.21,Groceries,32,Medium,95
105700,53,Male,34521.0,77,12,175.36,1740.88,Sports,33,Medium,17
105701,30,Female,64634.0,304,12,156.05,1963.59,Sports,34,Medium,107
105702,49,Female,30772.0,151,10,23.75,231.83,Beauty,26,Medium,85
105703,53,Male,73641.0,297,14,35.99,579.61,Electronics,24,Medium,28
105704,54,Female,49552.0,157,6,299.93,2151.87,Home,25,Low,60
105705,43,Male,32119.0,198,18,290.18,6014.16,Sports,34,Low,87
105706,39,Male,81945.0,287,9,55.48,408.77,Sports,38,Medium,95
105707,21,Female,105128.0,24,5,65.95,388.36,Sports,32,Medium,92
105708,48,Female,68746.0,9,9,272.05,2059.63,Electronics,36,High,47
105709,35,Male,54292.0,132,12,162.08,1903.89,Fashion,33,Medium,11
105710,55,Male,40799.0,77,18,288.23,4767.55,Fashion,48,Low,65
105711,41,Female,65237.0,226,17,165.7,2429.8,Beauty,26,High,60
105712,40,Female,72735.0,131,12,181.62,1892.83,Fashion,22,Medium,88
105713,39,Male,60138.0,90,9,81.64,689.45,Beauty,32,High,61
105714,19,Male,77909.0,117,8,265.3,1719.48,Electronics,27,Medium,77
105715,48,Male,90278.0,110,7,251.0,1451.04,Fashion,35,Medium,43
105716,28,Female,34806.0,354,12,114.48,1491.51,Beauty,41,Low,39
105717,45,Male,65881.0,271,8,191.46,1609.02,Groceries,35,Medium,117
105718,63,Female,21933.0,227,6,115.6,582.45,Electronics,24,Medium,91
105719,49,Male,43719.0,244,13,149.91,1896.09,Electronics,35,Medium,1
105720,22,Female,74397.0,308,20,258.99,5402.97,Home,36,Medium,9
105721,55,Female,59064.0,55,17,136.32,1944.47,Sports,28,Medium,104
105722,27,Female,27782.0,37,12,255.36,3642.86,Home,34,Medium,85
105723,57,Female,80998.0,55,10,288.84,3291.05,Fashion,35,Medium,74
105724,63,Male,49135.0,12,5,136.58,608.39,Electronics,39,Medium,9
105725,41,Female,77018.0,185,9,265.71,2409.43,Beauty,38,Medium,3
105726,52,Female,70254.0,237,5,105.12,527.22,Electronics,38,Low,29
105727,61,Female,43337.0,293,15,20.8,291.31,Fashion,36,Low,86
105728,65,Male,77378.0,204,11,43.66,530.14,Beauty,43,Low,102
105729,40,Male,66372.0,211,13,226.39,3129.41,Sports,29,Low,42
105730,34,Male,63501.0,226,11,48.05,605.55,Home,36,Medium,105
105731,18,Male,50637.0,7,11,282.96,2496.4,Sports,42,Medium,43
105732,48,Male,37946.0,220,12,262.64,3282.79,Fashion,37,Medium,94
105733,48,Male,51626.0,311,18,164.16,3537.3,Home,34,Medium,117
105734,59,Female,51191.0,28,12,182.82,2447.63,Home,37,Medium,24
105735,59,Female,77032.0,293,11,214.42,2211.74,Sports,32,High,3
105736,51,Female,27020.0,212,11,224.82,2132.83,Sports,32,High,8
105737,26,Male,89414.0,189,6,157.54,918.12,Electronics,29,High,45
105738,39,Female,90512.0,75,13,107.75,1358.32,Electronics,32,High,26
105739,30,Female,47180.0,242,10,274.87,2842.46,Sports,40,Low,111
105740,42,Male,88031.0,114,10,33.04,273.05,Beauty,52,Low,99
105741,65,Female,39888.0,167,9,119.7,1028.69,Fashion,27,High,103
105742,35,Male,82543.0,106,12,206.62,2831.32,Sports,40,Low,51
105743,68,Female,43607.0,151,11,269.5,3134.81,Beauty,29,High,95
105744,29,Male,80669.0,84,17,40.78,675.15,Electronics,35,Medium,55
105745,57,Male,31252.0,212,6,204.51,1133.93,Home,36,High,33
105746,34,Male,81657.0,267,10,156.38,1426.05,Beauty,35,Medium,105
105747,32,Female,85772.0,322,7,212.22,1633.15,Fashion,32,Medium,35
105748,59,Female,30609.0,269,14,108.82,1480.02,Electronics,43,Low,80
105749,32,Male,95145.0,177,20,219.0,3935.39,Fashion,35,Low,11
105750,32,Male,80370.0,271,16,70.47,1268.56,Fashion,36,Medium,49
105751,56,Female,20040.0,312,9,237.11,1933.91,Home,31,Medium,79
105752,30,Female,50201.0,182,10,229.82,1897.8,Beauty,31,High,25
105753,34,Male,80752.0,159,14,285.1,4068.18,Electronics,43,Medium,78
105754,49,Female,74462.0,189,14,68.5,874.24,Sports,44,Medium,73
105755,26,Female,62236.0,186,11,222.16,1959.78,Fashion,30,High,10
105756,57,Female,78559.0,309,12,110.34,1324.91,Fashion,30,Medium,87
105757,37,Male,42519.0,246,12,98.92,1374.38,Home,34,Medium,45
105758,43,Male,60947.0,317,7,132.45,980.6,Beauty,39,High,6
105759,44,Female,43088.0,42,8,99.86,644.91,Electronics,38,Medium,28
105760,38,Male,62696.0,285,8,89.49,681.2,Beauty,30,High,13
105761,35,Female,80021.0,300,11,235.15,2324.92,Fashion,34,Medium,109
105762,30,Female,75631.0,362,10,215.86,2305.77,Fashion,41,Medium,77
105763,33,Male,64458.0,294,16,50.62,795.96,Groceries,43,Low,64
105764,26,Male,79794.0,181,13,176.85,1998.09,Groceries,44,High,110
105765,29,Male,81764.0,182,10,112.68,1107.1,Fashion,27,Medium,114
105766,61,Female,95946.0,340,11,291.89,3764.84,Beauty,43,Medium,30
105767,55,Female,83349.0,218,11,139.01,1474.55,Beauty,38,Medium,119
105768,36,Male,73128.0,163,13,31.36,468.07,Beauty,34,High,5
105769,24,Male,78682.0,46,10,112.88,1117.71,Home,34,Low,71
105770,52,Male,64871.0,92,13,107.56,1542.39,Sports,33,Medium,118
105771,65,Female,54401.0,105,10,21.58,240.47,Groceries,42,Medium,55
105772,35,Female,77352.0,207,12,156.58,2074.93,Groceries,32,Medium,90
105773,33,Female,75142.0,328,13,273.62,3754.12,Electronics,32,Low,87
105774,56,Male,65839.0,139,11,244.65,3178.24,Sports,35,Medium,52
105775,21,Male,56108.0,29,13,211.7,3223.9,Groceries,39,Low,28
105776,42,Female,54999.0,251,10,116.19,1070.24,Sports,33,Low,24
105777,49,Male,51826.0,191,13,84.95,1190.34,Sports,38,Medium,97
105778,57,Male,85114.0,47,9,115.93,1112.14,Electronics,34,Medium,77
105779,30,Male,83569.0,251,11,54.46,527.24,Fashion,39,Medium,49
105780,62,Male,82710.0,263,10,47.86,433.62,Fashion,29,High,98
105781,34,Female,38963.0,64,8,180.87,1337.43,Groceries,41,Low,77
105782,66,Male,52814.0,338,16,247.92,3699.5,Electronics,30,Medium,95
105783,54,Female,54852.0,320,15,47.83,819.15,Groceries,41,Medium,93
105784,23,Female,47877.0,348,10,113.85,1255.7,Groceries,27,Medium,95
105785,36,Male,97252.0,268,17,54.37,1038.06,Beauty,43,High,48
105786,30,Female,68009.0,12,6,106.93,747.58,Fashion,38,Medium,31
105787,43,Female,66572.0,292,8,252.47,2031.35,Electronics,31,High,24
105788,31,Male,50682.0,29,6,29.76,202.52,Sports,33,High,110
105789,48,Female,77242.0,139,16,201.22,3471.08,Fashion,44,Low,94
105790,21,Female,103831.0,85,9,36.75,326.09,Groceries,33,High,71
105791,56,Female,61619.0,74,12,139.43,1468.27,Groceries,33,Medium,20
105792,25,Female,55330.0,251,4,152.73,593.88,Home,40,Medium,2
105793,42,Female,58188.0,224,20,132.42,2337.56,Electronics,31,High,82
105794,30,Female,53559.0,47,17,198.47,3086.75,Sports,42,Low,76
105795,49,Female,59943.0,81,11,292.63,2940.19,Sports,43,High,58
105796,55,Female,47771.0,121,16,94.84,1675.88,Groceries,31,Medium,54
105797,55,Male,42269.0,43,6,190.74,1148.01,Home,43,Medium,85
105798,45,Male,59575.0,146,10,119.39,1333.89,Home,31,Medium,39
105799,47,Male,61622.0,74,7,299.86,2415.89,Electronics,34,Medium,19
105800,20,Female,54538.0,53,13,286.28,3887.88,Groceries,31,Low,70
105801,45,Female,89140.0,233,7,46.15,311.06,Groceries,29,Low,73
105802,20,Female,68310.0,295,8,292.61,2674.94,Groceries,34,High,116
105803,62,Male,74849.0,363,12,226.72,2794.14,Electronics,39,High,4
105804,51,Male,75380.0,200,9,297.86,3063.48,Sports,36,Medium,20
105805,33,Male,62093.0,162,16,235.87,3419.81,Fashion,24,Medium,3
105806,39,Female,64373.0,37,12,56.1,690.91,Home,42,Low,73
105807,49,Male,42797.0,97,8,230.13,1628.77,Sports,40,Medium,91
105808,55,Male,73120.0,49,15,223.46,3617.85,Fashion,46,Medium,62
105809,25,Female,53334.0,10,17,66.69,1173.13,Sports,32,Medium,69
105810,25,Male,47205.0,40,13,230.89,3068.8,Sports,33,Medium,68
105811,23,Female,86039.0,153,16,208.94,3529.06,Sports,45,Medium,19
105812,31,Male,33355.0,106,10,298.44,2835.66,Sports,23,Medium,101
105813,49,Female,94382.0,41,8,193.25,1355.52,Groceries,32,High,16
105814,52,Female,92799.0,164,16,136.09,2444.32,Sports,32,Medium,117
105815,27,Female,55555.0,258,11,287.1,3012.03,Fashion,38,Low,22
105816,20,Female,95704.0,211,14,195.8,3277.31,Fashion,40,High,80
105817,29,Female,42233.0,202,10,117.62,1167.26,Home,35,Medium,21
105818,66,Male,79882.0,195,8,25.89,206.29,Beauty,27,Low,56
105819,48,Female,60336.0,53,10,231.86,2483.52,Electronics,34,High,60
105820,46,Female,23872.0,147,14,53.47,798.51,Fashion,40,Low,34
105821,22,Female,47380.0,282,6,278.63,1458.14,Fashion,36,Medium,69
105822,69,Female,56510.0,310,13,289.19,3417.07,Fashion,36,Medium,80
105823,42,Male,75580.0,243,9,86.2,692.48,Fashion,39,Low,66
105824,58,Female,50458.0,51,13,51.59,550.86,Electronics,39,Low,13
105825,48,Male,54537.0,114,13,186.69,1963.33,Electronics,30,Low,96
105826,38,Female,70820.0,273,18,79.84,1520.47,Beauty,36,High,115
105827,37,Female,69762.0,120,6,171.72,1029.74,Sports,27,Medium,78
105828,56,Male,58165.0,189,9,135.98,1416.99,Beauty,35,Low,21
105829,39,Male,53943.0,46,15,241.77,3337.54,Fashion,36,Medium,60
105830,21,Male,78786.0,243,10,299.96,3344.57,Fashion,31,Low,68
105831,30,Female,53831.0,311,12,147.91,1493.17,Home,36,Medium,106
105832,62,Male,36212.0,50,8,211.8,1908.87,Home,38,Medium,74
105833,59,Female,52112.0,331,4,115.71,540.81,Home,31,Low,46
105834,67,Male,70936.0,11,17,261.5,4671.93,Home,36,Medium,16
105835,66,Male,57014.0,48,14,30.35,465.0,Sports,31,Medium,55
105836,37,Female,49945.0,56,15,158.19,2835.84,Groceries,37,Low,11
105837,69,Male,34904.0,8,11,69.5,727.25,Home,31,High,33
105838,30,Male,57121.0,14,10,69.52,564.32,Home,32,Medium,86
105839,34,Female,64558.0,215,9,169.24,1634.41,Electronics,34,Medium,117
105840,53,Female,39852.0,245,6,106.18,513.06,Beauty,43,High,50
105841,50,Female,56214.0,54,15,148.52,2288.67,Fashion,41,Low,52
105842,18,Male,38122.0,273,15,105.58,1645.45,Sports,33,Low,75
105843,32,Male,57424.0,131,13,147.42,1981.24,Fashion,38,High,92
105844,30,Male,94510.0,9,10,100.06,866.89,Groceries,41,Low,62
105845,34,Male,63434.0,212,10,244.99,2035.06,Sports,40,Medium,98
105846,41,Male,28369.0,122,9,176.19,1844.34,Groceries,34,High,41
105847,25,Female,66623.0,114,14,65.2,927.99,Fashion,32,Low,11
105848,67,Male,86236.0,20,7,22.37,145.51,Electronics,33,Medium,7
105849,44,Female,32319.0,339,5,24.9,138.03,Home,28,Medium,79
105850,62,Male,39090.0,21,10,138.07,1613.57,Fashion,42,Medium,84
105851,40,Female,65167.0,208,9,107.95,934.33,Sports,38,Medium,16
105852,63,Male,58258.0,33,2,93.39,156.77,Home,30,Low,29
105853,25,Male,84223.0,133,11,194.42,2303.39,Sports,19,Medium,5
105854,25,Female,56387.0,191,10,247.7,2880.78,Groceries,32,Low,85
105855,43,Male,76509.0,26,12,37.75,540.05,Sports,33,Low,64
105856,64,Female,90562.0,364,14,50.79,800.24,Electronics,27,Medium,15
105857,30,Male,42648.0,89,12,123.25,1341.88,Groceries,32,Low,6
105858,56,Male,74953.0,92,6,143.62,812.85,Beauty,34,Medium,49
105859,54,Female,51983.0,33,6,130.66,670.05,Beauty,34,High,87
105860,66,Male,15695.0,238,14,198.82,3020.35,Fashion,37,Medium,108
105861,45,Female,69528.0,18,5,44.42,192.72,Home,26,Medium,51
105862,42,Male,71989.0,274,9,158.52,1387.85,Home,50,Medium,42
105863,33,Male,29015.0,289,12,247.29,3005.17,Electronics,26,High,109
105864,19,Male,50921.0,27,12,279.97,3201.78,Sports,28,Low,93
105865,35,Male,47540.0,305,9,176.91,1369.09,Fashion,22,Low,65
105866,34,Male,76200.0,108,11,58.76,592.02,Beauty,46,Medium,5
105867,47,Male,29016.0,226,9,223.69,2120.12,Sports,32,High,73
105868,56,Male,62135.0,324,8,242.97,2120.12,Beauty,43,Medium,79
105869,30,Female,15000.0,355,6,74.96,470.38,Sports,32,Low,113
105870,49,Male,67590.0,19,8,209.7,1990.14,Electronics,37,Medium,97
105871,67,Male,62503.0,223,16,280.54,4692.66,Beauty,36,Medium,24
105872,46,Male,49781.0,281,16,221.28,3151.51,Groceries,42,Medium,37
105873,63,Female,88566.0,104,7,136.36,951.1,Beauty,27,Medium,53
105874,47,Female,15000.0,332,10,143.97,1633.33,Groceries,37,Medium,6
105875,35,Male,59637.0,332,6,42.28,236.0,Electronics,39,Low,39
105876,30,Male,83952.0,362,10,167.31,1831.73,Electronics,45,Medium,75
105877,60,Male,62576.0,289,9,244.75,2454.03,Electronics,28,Medium,89
105878,38,Female,87321.0,37,15,293.98,5175.16,Sports,32,Low,62
105879,47,Male,50989.0,348,11,131.81,1392.6,Beauty,36,Medium,82
105880,38,Female,56657.0,244,16,141.9,2051.92,Beauty,35,Medium,86
105881,65,Male,84665.0,43,13,35.33,460.75,Sports,33,Low,60
105882,34,Female,77891.0,126,11,237.03,3122.21,Fashion,39,Low,41
105883,57,Female,107985.0,9,9,220.66,2305.38,Electronics,38,Low,78
105884,36,Male,62056.0,14,12,132.82,1456.1,Sports,33,Low,10
105885,69,Male,64005.0,131,12,218.6,2304.97,Groceries,45,Medium,81
105886,32,Male,50772.0,325,14,194.45,2697.21,Beauty,29,Medium,93
105887,26,Male,55919.0,184,9,235.32,1834.74,Beauty,31,Medium,70
105888,69,Male,81561.0,282,10,107.96,1191.03,Electronics,37,Medium,7
105889,27,Male,59995.0,53,12,202.23,1976.95,Groceries,32,Low,5
105890,61,Male,43854.0,41,12,195.17,2084.16,Home,34,Medium,27
105891,48,Female,52479.0,338,6,45.34,219.61,Fashion,34,High,35
105892,40,Male,58193.0,358,9,98.67,790.96,Home,36,Medium,55
105893,69,Male,45150.0,21,7,260.86,1499.03,Fashion,46,Medium,17
105894,47,Female,50841.0,295,14,63.72,954.01,Electronics,40,Medium,7
105895,50,Male,40004.0,208,20,126.28,2596.59,Beauty,30,High,61
105896,69,Male,51548.0,151,11,83.07,809.2,Fashion,34,Medium,65
105897,26,Male,83324.0,69,13,59.25,679.38,Sports,20,Medium,15
105898,64,Male,60968.0,331,14,58.2,746.75,Groceries,36,Medium,102
105899,18,Female,109226.0,318,9,117.43,1182.94,Beauty,39,Medium,58
105900,61,Female,44723.0,301,17,244.97,3582.3,Sports,36,Low,49
105901,52,Male,69710.0,27,16,290.57,3945.62,Electronics,25,Medium,119
105902,28,Male,64444.0,116,13,180.11,2348.97,Home,28,Medium,75
105903,51,Female,73009.0,142,7,197.86,1587.21,Groceries,36,Medium,52
105904,33,Male,47879.0,41,15,238.05,3176.7,Electronics,32,Medium,26
105905,26,Female,52631.0,106,10,205.3,1729.66,Sports,50,High,43
105906,49,Female,68145.0,74,12,257.53,3080.09,Sports,32,High,53
105907,32,Female,49907.0,60,10,267.53,2923.73,Fashion,49,Low,113
105908,29,Male,24531.0,298,9,195.76,1845.23,Fashion,36,High,107
105909,50,Male,86209.0,122,11,169.26,1800.91,Home,43,Low,56
105910,62,Male,77762.0,203,12,129.49,1268.21,Fashion,34,Low,78
105911,31,Female,51657.0,11,11,149.24,1510.7,Fashion,36,Low,77
105912,25,Male,64366.0,147,12,116.73,1635.67,Fashion,28,Medium,68
105913,25,Male,80137.0,216,12,139.55,1488.96,Home,27,Medium,112
105914,44,Female,86884.0,321,9,271.92,2558.83,Electronics,31,High,101
105915,29,Male,62085.0,303,6,292.26,2039.35,Beauty,30,Medium,33
105916,18,Male,48293.0,14,10,121.23,1206.53,Groceries,37,Medium,14
105917,60,Male,89285.0,67,15,81.77,1200.19,Electronics,38,High,77
105918,57,Female,61894.0,180,11,41.89,394.63,Beauty,37,Low,17
105919,59,Male,57056.0,242,9,254.34,2729.12,Beauty,33,Low,111
105920,68,Female,65264.0,160,10,263.79,2296.73,Electronics,38,Medium,39
105921,28,Female,83095.0,10,12,146.13,1740.55,Electronics,37,High,48
105922,56,Female,59224.0,124,10,171.88,1492.83,Sports,36,Medium,6
105923,60,Male,79720.0,273,6,227.15,1280.24,Groceries,32,Medium,22
105924,48,Male,55829.0,241,19,125.24,2745.07,Groceries,31,Low,87
105925,34,Male,72181.0,143,14,76.42,1131.21,Sports,41,Low,37
105926,50,Female,41038.0,353,12,52.11,502.72,Beauty,40,High,100
105927,49,Female,81392.0,167,12,85.87,1222.83,Sports,25,Low,105
105928,46,Male,46479.0,57,9,200.69,2011.33,Beauty,40,Medium,43
105929,38,Female,69186.0,138,10,117.35,1407.04,Fashion,35,Medium,45
105930,38,Male,30269.0,327,8,262.96,2324.87,Sports,32,Medium,99
105931,57,Male,60496.0,353,10,44.51,492.25,Home,37,Medium,96
105932,40,Male,63762.0,17,14,136.58,2064.61,Sports,49,Medium,65
105933,23,Male,46373.0,332,11,91.95,980.4,Fashion,31,Low,4
105934,39,Male,57805.0,273,10,268.56,2486.81,Sports,35,Medium,111
105935,67,Male,65242.0,334,16,245.74,3971.45,Home,32,Medium,68
105936,55,Male,71265.0,3,9,295.61,2318.07,Sports,32,Low,97
105937,54,Female,62003.0,243,12,53.4,697.81,Beauty,40,Medium,107
105938,62,Male,86649.0,108,9,239.03,2579.22,Electronics,39,Low,57
105939,68,Female,83165.0,51,12,55.24,689.64,Groceries,35,High,34
105940,25,Female,59388.0,350,13,63.41,941.87,Home,45,High,30
105941,58,Male,33393.0,174,16,30.97,430.57,Home,37,Medium,39
105942,66,Female,50258.0,116,15,150.12,2544.6,Home,32,Medium,79
105943,52,Female,15417.0,183,12,55.25,771.05,Beauty,31,High,96
105944,68,Female,56337.0,361,4,117.54,533.89,Electronics,29,Medium,90
105945,28,Male,88035.0,355,6,97.34,613.77,Electronics,37,Medium,39
105946,41,Male,75820.0,154,10,293.38,3434.17,Groceries,34,High,72
105947,66,Male,61670.0,247,12,204.31,2904.28,Fashion,34,Medium,90
105948,38,Male,45451.0,76,15,134.93,2279.26,Groceries,28,Medium,17
105949,68,Male,62446.0,244,9,265.97,2438.84,Home,33,Medium,94
105950,19,Female,102625.0,81,14,37.88,601.45,Home,31,Medium,99
105951,57,Female,89754.0,229,11,113.59,1185.49,Home,36,Medium,12
105952,36,Male,56994.0,72,7,164.09,1078.15,Groceries,30,Medium,6
105953,56,Female,30361.0,218,15,35.09,494.33,Fashion,30,Low,29
105954,45,Female,104162.0,243,8,60.84,428.16,Fashion,38,Medium,14
105955,34,Female,45423.0,314,8,270.61,2271.34,Groceries,38,Medium,1
105956,23,Female,70602.0,78,5,70.3,374.2,Beauty,31,Low,91
105957,36,Male,28826.0,158,9,278.06,2862.55,Home,38,High,39
105958,55,Male,53538.0,48,12,46.9,606.59,Groceries,30,Medium,6
105959,45,Male,28744.0,312,8,268.7,2390.3,Groceries,35,Low,97
105960,19,Female,36762.0,298,11,147.04,1739.61,Sports,35,Medium,111
105961,55,Female,41506.0,24,13,180.51,2531.59,Sports,41,Low,112
105962,54,Male,69540.0,110,9,98.85,832.91,Electronics,27,Medium,44
105963,68,Male,58078.0,52,11,96.54,1259.84,Electronics,21,Low,41
105964,69,Female,114245.0,290,14,157.8,2331.85,Groceries,31,Medium,95
105965,21,Male,82676.0,259,10,119.63,1238.0,Sports,37,Medium,113
105966,39,Male,83110.0,324,11,41.75,523.03,Home,34,Low,101
105967,43,Female,70073.0,139,10,119.03,1152.67,Electronics,31,High,32
105968,66,Female,65521.0,306,10,91.32,765.72,Home,40,Low,97
105969,60,Male,83781.0,338,8,257.9,1848.71,Home,31,Medium,84
105970,53,Female,15000.0,275,5,254.79,1430.95,Electronics,40,Medium,5
105971,30,Male,47556.0,44,9,59.61,586.24,Beauty,37,High,47
105972,69,Female,32790.0,259,11,224.42,2090.61,Groceries,43,Medium,17
105973,49,Female,22314.0,113,7,146.23,847.41,Sports,33,Medium,33
105974,34,Male,44626.0,227,9,263.18,2484.12,Electronics,32,Low,42
105975,58,Female,37044.0,65,16,96.72,1819.05,Fashion,31,Low,23
105976,53,Male,83884.0,163,8,44.67,310.89,Fashion,42,Low,70
105977,63,Female,61833.0,164,16,244.14,3982.84,Home,43,Low,50
105978,36,Male,19801.0,166,18,263.14,5327.58,Fashion,31,Low,29
105979,52,Female,66281.0,39,13,255.34,3357.52,Home,26,Medium,64
105980,63,Female,39756.0,153,14,112.2,1477.26,Beauty,40,Medium,102
105981,57,Male,61246.0,320,9,28.64,287.72,Beauty,30,Medium,4
105982,45,Female,67874.0,360,11,59.09,720.51,Beauty,39,Low,102
105983,18,Male,44990.0,269,16,277.42,5025.49,Beauty,43,Medium,7
105984,59,Female,64347.0,324,10,121.94,1436.5,Beauty,28,Medium,79
105985,35,Female,68041.0,326,11,266.46,2521.45,Sports,29,Medium,62
105986,65,Male,56715.0,75,8,294.63,2206.93,Electronics,36,Low,59
105987,57,Female,45608.0,257,9,130.8,1406.04,Electronics,38,Low,21
105988,50,Female,60063.0,200,15,237.4,3695.66,Sports,39,Medium,16
105989,29,Male,57210.0,98,12,67.35,863.2,Home,35,High,70
105990,25,Female,66330.0,104,14,127.45,2058.44,Beauty,32,Low,13
105991,41,Male,54725.0,164,10,217.45,2340.67,Groceries,34,Low,8
105992,33,Male,36160.0,113,6,77.99,502.24,Fashion,35,Low,97
105993,67,Male,56620.0,103,14,109.54,1290.95,Beauty,34,Medium,61
105994,21,Female,66534.0,37,16,177.87,2853.71,Sports,26,High,3
105995,55,Female,63703.0,106,11,213.54,2511.67,Fashion,39,Medium,111
105996,61,Male,57781.0,187,13,119.93,1750.73,Groceries,38,High,46
105997,44,Female,50268.0,364,14,125.51,1696.16,Home,36,Low,62
105998,26,Male,49233.0,21,10,50.76,431.16,Beauty,45,High,23
105999,64,Female,51309.0,148,10,295.54,2796.78,Fashion,34,Medium,8
106000,33,Male,81523.0,129,9,191.43,1674.45,Home,31,Medium,20
106001,29,Male,41043.0,187,7,168.49,1297.85,Beauty,46,Medium,30
106002,48,Female,61820.0,284,15,79.18,959.56,Groceries,40,High,110
106003,41,Male,34840.0,199,16,156.65,2391.91,Home,28,Medium,75
106004,31,Male,75295.0,235,10,145.25,1422.22,Groceries,33,High,54
106005,62,Female,49277.0,108,14,92.4,1319.53,Electronics,34,Medium,20
106006,42,Male,43488.0,9,6,144.96,1033.27,Fashion,36,Medium,2
106007,51,Male,64309.0,226,8,76.99,675.2,Fashion,36,Low,98
106008,20,Female,15000.0,209,8,218.86,1556.48,Groceries,38,Medium,17
106009,41,Male,34010.0,245,12,274.46,3469.61,Groceries,37,High,15
106010,59,Male,67218.0,288,8,20.72,155.56,Sports,26,Medium,65
106011,26,Male,80292.0,66,4,175.75,790.57,Groceries,40,Medium,111
106012,43,Male,69019.0,356,7,225.05,1368.08,Groceries,34,Medium,69
106013,37,Male,62789.0,153,11,274.01,2585.51,Home,28,High,98
106014,57,Male,108208.0,191,12,120.36,1214.03,Home,35,Low,69
106015,27,Male,69828.0,218,8,274.0,2230.67,Fashion,49,Low,104
106016,36,Male,39110.0,154,12,251.15,2559.63,Home,29,Medium,109
106017,20,Female,80493.0,277,4,167.06,545.75,Home,45,Medium,72
106018,41,Male,47179.0,82,17,91.94,1458.23,Fashion,32,Low,68
106019,22,Male,45835.0,221,12,202.79,2723.71,Beauty,39,Medium,43
106020,20,Female,32381.0,280,9,92.96,721.54,Electronics,45,Low,12
106021,44,Male,51772.0,111,18,117.68,1997.83,Sports,39,High,100
106022,33,Male,35410.0,92,11,150.76,1615.73,Home,35,Medium,108
106023,66,Male,71148.0,12,11,159.43,2017.47,Electronics,45,Low,94
106024,32,Male,57492.0,139,8,72.96,578.16,Sports,44,Medium,83
106025,52,Male,32781.0,155,10,214.26,2152.85,Fashion,34,Medium,22
106026,29,Male,58379.0,23,8,297.74,2148.13,Home,36,Medium,92
106027,58,Female,79877.0,220,16,88.28,1507.71,Beauty,34,High,94
106028,61,Female,92445.0,348,8,175.27,1136.12,Home,30,Medium,70
106029,43,Female,24208.0,237,14,147.32,2445.64,Groceries,32,High,105
106030,64,Female,44433.0,253,13,106.18,1379.3,Home,38,Low,20
106031,51,Female,34213.0,183,4,137.54,453.73,Home,43,Medium,114
106032,40,Male,67071.0,198,10,225.16,2304.89,Electronics,38,High,15
106033,48,Male,31822.0,170,14,136.13,1916.48,Electronics,34,Medium,115
106034,67,Male,81185.0,123,14,161.89,2031.39,Home,44,Low,8
106035,37,Male,84074.0,34,6,153.63,814.41,Beauty,32,Medium,37
106036,29,Male,76362.0,313,9,175.46,1434.34,Sports,36,Medium,28
106037,40,Female,45654.0,3,14,101.53,1210.9,Fashion,45,Medium,11
106038,21,Female,46914.0,6,10,162.72,1647.65,Beauty,35,Medium,70
106039,40,Male,50867.0,304,9,57.76,598.63,Electronics,32,Medium,27
106040,65,Male,82102.0,102,11,227.59,2927.21,Beauty,25,Low,42
106041,65,Male,26039.0,192,14,51.06,844.37,Beauty,33,Low,75
106042,18,Female,67722.0,13,15,239.79,3741.26,Sports,31,Low,83
106043,42,Female,41331.0,36,15,251.15,3950.41,Beauty,35,Medium,76
106044,19,Male,51612.0,70,10,25.34,234.19,Home,39,Medium,81
106045,47,Female,74723.0,289,6,252.63,1749.42,Groceries,33,Medium,8
106046,20,Male,29691.0,105,17,201.49,3409.09,Electronics,32,Low,59
106047,38,Female,54445.0,204,9,47.13,386.73,Beauty,29,High,117
106048,42,Female,57423.0,313,9,299.42,3196.73,Electronics,34,High,60
106049,37,Male,59252.0,55,7,192.33,1456.91,Groceries,26,Low,95
106050,66,Female,57936.0,107,8,132.24,1042.96,Home,34,Medium,62
106051,69,Female,71133.0,141,13,267.86,2881.35,Electronics,37,Medium,19
106052,39,Male,50960.0,225,9,31.65,243.85,Home,36,High,43
106053,38,Female,67307.0,307,7,220.86,1358.32,Sports,45,Medium,60
106054,50,Male,66597.0,348,7,60.24,489.63,Electronics,24,Medium,51
106055,69,Female,65721.0,309,9,174.7,1868.89,Home,24,Medium,84
106056,55,Male,70557.0,36,13,46.86,552.4,Sports,40,Medium,64
106057,32,Male,65642.0,133,14,210.16,2940.26,Beauty,31,Low,66
106058,63,Female,58207.0,25,7,150.18,1174.0,Electronics,33,Medium,70
106059,69,Female,34621.0,337,12,21.88,250.44,Fashion,29,Low,105
106060,32,Male,87144.0,37,10,39.99,398.68,Home,40,Medium,91
106061,63,Female,93893.0,19,13,216.85,3256.14,Sports,32,Low,48
106062,42,Female,52812.0,35,7,131.85,814.97,Beauty,33,Medium,18
106063,38,Female,69128.0,363,13,208.2,3241.26,Fashion,39,Low,20
106064,41,Male,49048.0,310,11,129.16,1395.93,Home,30,Medium,73
106065,22,Male,45596.0,6,16,121.27,1752.73,Electronics,36,High,67
106066,23,Male,61106.0,199,9,259.38,2700.92,Beauty,31,Medium,40
106067,66,Female,116149.0,34,9,259.35,1938.75,Home,31,Medium,102
106068,60,Female,91907.0,56,8,277.54,2346.72,Sports,43,High,18
106069,65,Male,88911.0,256,12,250.45,2478.48,Electronics,32,Low,12
106070,61,Male,70375.0,211,7,55.68,459.32,Electronics,39,Low,112
106071,64,Female,41649.0,97,7,38.62,285.45,Beauty,46,Medium,83
106072,40,Female,80736.0,282,13,36.36,453.39,Electronics,25,High,26
106073,21,Female,15000.0,241,13,294.46,3712.23,Groceries,40,Medium,97
106074,44,Female,67817.0,170,10,160.32,1388.46,Sports,35,Medium,33
106075,35,Male,81958.0,347,11,52.25,542.57,Fashion,41,Low,6
106076,38,Female,63030.0,294,17,172.4,3404.18,Electronics,34,Medium,118
106077,45,Female,93187.0,227,9,218.88,2210.55,Sports,32,Medium,58
106078,52,Male,31482.0,315,7,46.46,346.23,Groceries,30,Low,57
106079,39,Male,92014.0,127,11,116.99,1527.68,Groceries,43,High,9
106080,57,Female,56846.0,280,11,72.59,821.95,Beauty,34,Medium,10
106081,40,Male,89016.0,21,11,293.12,2806.81,Electronics,31,Medium,44
106082,20,Female,80404.0,316,11,109.1,1302.64,Sports,33,Low,53
106083,57,Female,90281.0,246,15,213.34,3317.75,Groceries,35,Medium,27
106084,67,Male,79509.0,90,7,277.16,1890.88,Electronics,23,Low,81
106085,27,Male,73839.0,6,24,261.69,5393.7,Beauty,39,Medium,52
106086,42,Female,87323.0,266,9,130.31,1256.13,Home,38,Medium,84
106087,69,Male,61110.0,97,10,107.06,1046.65,Home,34,Medium,64
106088,66,Female,72047.0,150,11,246.59,2797.81,Home,41,High,54
106089,25,Female,59928.0,80,12,77.44,860.66,Fashion,36,High,13
106090,28,Female,46283.0,17,8,220.85,1523.5,Sports,37,Low,31
106091,22,Male,70539.0,138,6,253.88,1437.92,Beauty,36,Low,106
106092,62,Female,63935.0,140,15,257.78,4411.29,Home,27,Low,81
106093,54,Female,85139.0,339,10,22.5,194.36,Groceries,36,Medium,115
106094,62,Female,56155.0,40,7,159.96,1106.84,Fashion,45,Medium,49
106095,55,Male,44786.0,168,8,120.13,883.24,Home,38,Medium,75
106096,46,Female,84860.0,74,9,294.08,3136.19,Electronics,31,Medium,27
106097,22,Female,61267.0,74,8,172.34,1149.67,Groceries,28,Low,13
106098,26,Female,44175.0,50,7,139.68,878.16,Fashion,40,Low,46
106099,65,Male,87781.0,10,14,88.42,1212.9,Fashion,31,Low,51
106100,19,Female,78535.0,103,18,256.78,4154.8,Groceries,31,Medium,43
106101,18,Female,96977.0,350,11,109.42,1303.08,Home,40,Medium,116
106102,57,Male,53182.0,299,8,251.49,1908.01,Beauty,38,Medium,104
106103,68,Male,50384.0,339,13,269.65,3899.15,Beauty,31,Medium,119
106104,47,Female,38269.0,104,12,36.29,444.41,Electronics,38,Low,100
106105,28,Female,48662.0,290,4,162.8,632.14,Electronics,33,Medium,79
106106,45,Female,52273.0,280,19,137.7,2474.89,Beauty,34,Medium,86
106107,61,Male,73660.0,142,14,130.07,1618.5,Beauty,35,High,89
106108,29,Male,41413.0,297,12,124.01,1340.83,Electronics,30,Low,19
106109,56,Female,46733.0,170,7,168.96,1029.62,Fashion,39,Medium,29
106110,43,Male,93933.0,13,18,56.46,1159.27,Home,34,Medium,87
106111,30,Female,15000.0,157,9,263.96,2421.52,Beauty,29,Low,83
106112,25,Female,69605.0,174,8,176.24,1400.26,Beauty,39,Medium,67
106113,45,Male,34192.0,162,13,117.19,1415.15,Groceries,36,High,19
106114,47,Female,43895.0,132,12,88.05,1063.73,Sports,22,High,13
106115,26,Male,88467.0,28,11,192.64,2443.3,Electronics,32,Medium,97
106116,56,Male,61432.0,83,8,240.28,2196.04,Groceries,43,Medium,88
106117,48,Female,113142.0,363,19,143.44,2833.38,Beauty,38,Medium,38
106118,38,Male,72536.0,269,9,295.67,2692.92,Beauty,40,Low,35
106119,64,Female,43407.0,251,7,169.96,1059.22,Groceries,33,Medium,33
106120,51,Male,71155.0,106,12,294.1,3801.55,Beauty,39,Low,45
106121,48,Female,82599.0,261,11,289.53,3634.93,Electronics,48,Low,57
106122,69,Female,70439.0,353,12,187.93,2079.88,Sports,33,Medium,49
106123,42,Female,55693.0,14,8,182.77,1424.46,Fashion,28,Medium,66
106124,29,Male,26179.0,80,13,49.59,543.25,Fashion,46,Medium,83
106125,18,Female,53551.0,160,11,280.2,3523.81,Home,39,Medium,39
106126,39,Male,93352.0,178,12,244.9,2465.9,Beauty,30,Low,47
106127,57,Male,44066.0,155,18,160.13,3117.93,Fashion,31,Medium,33
106128,54,Male,51764.0,35,9,105.79,832.9,Groceries,36,Medium,91
106129,64,Male,79866.0,259,15,254.79,4179.04,Fashion,36,Low,50
106130,18,Male,72394.0,260,17,101.62,1826.13,Home,38,Medium,66
106131,18,Female,33802.0,135,14,171.72,2587.17,Groceries,37,Medium,33
106132,59,Male,57828.0,131,8,75.67,638.24,Groceries,49,Medium,49
106133,59,Female,88139.0,81,11,245.26,2586.35,Sports,33,Medium,71
106134,38,Female,60530.0,59,8,230.79,1935.09,Beauty,23,Medium,10
106135,32,Male,88625.0,74,9,101.7,818.15,Electronics,28,Medium,28
106136,34,Female,89756.0,239,14,52.86,673.12,Electronics,24,Medium,89
106137,39,Female,41447.0,129,13,69.58,747.2,Electronics,40,Medium,95
106138,55,Male,54099.0,315,26,192.58,5233.05,Home,45,Medium,44
106139,52,Female,73152.0,138,10,62.01,704.63,Fashion,40,Low,13
106140,62,Male,29246.0,103,15,109.64,1564.64,Electronics,34,Medium,95
106141,33,Male,55539.0,9,11,254.98,2477.94,Fashion,45,Medium,29
106142,25,Male,70924.0,232,11,42.9,533.04,Electronics,35,Low,40
106143,64,Female,47555.0,99,3,182.73,579.79,Sports,36,Medium,9
106144,34,Female,71762.0,218,14,131.95,2138.09,Fashion,40,Medium,95
106145,34,Female,47997.0,237,9,53.69,387.77,Home,38,Medium,105
106146,43,Female,47775.0,222,12,162.64,1874.52,Beauty,35,Medium,29
106147,30,Male,74884.0,168,15,164.66,2866.03,Beauty,41,High,4
106148,34,Male,87361.0,62,18,125.86,2424.41,Home,34,High,81
106149,55,Female,45785.0,318,10,35.49,350.48,Fashion,38,Low,81
106150,34,Male,35773.0,10,15,77.92,1128.85,Beauty,36,High,19
106151,65,Female,59255.0,234,11,133.32,1698.32,Home,28,Medium,115
106152,31,Male,69338.0,87,14,97.62,1548.06,Groceries,35,Low,48
106153,62,Male,45585.0,267,18,64.95,941.04,Home,26,Low,67
106154,23,Male,93214.0,204,7,156.35,928.57,Sports,28,Medium,97
106155,52,Male,57063.0,318,9,131.33,1187.79,Sports,32,Medium,101
106156,63,Male,45413.0,333,13,206.18,2267.18,Fashion,33,Low,42
106157,31,Female,98634.0,360,6,176.92,965.88,Home,35,High,114
106158,64,Female,85331.0,241,8,67.53,612.61,Fashion,41,Low,82
106159,25,Male,45451.0,56,12,212.55,2434.43,Electronics,31,Medium,85
106160,32,Female,81343.0,110,13,150.31,1915.66,Groceries,48,Medium,58
106161,44,Male,46883.0,49,9,51.77,405.21,Fashion,35,High,88
106162,30,Male,75352.0,243,9,25.17,235.8,Fashion,33,Low,59
106163,66,Male,95546.0,16,9,195.4,1491.51,Fashion,31,Low,16
106164,48,Male,35823.0,73,11,193.22,2236.13,Beauty,48,Medium,95
106165,52,Female,49245.0,202,9,249.73,2469.39,Fashion,33,Medium,106
106166,23,Male,49683.0,93,8,233.48,2146.98,Beauty,30,Low,60
106167,22,Female,65312.0,137,12,265.7,3293.55,Sports,40,Low,67
106168,39,Male,69467.0,33,13,101.88,1235.41,Groceries,38,Medium,17
106169,66,Male,58218.0,88,6,135.69,928.67,Electronics,53,Low,64
106170,40,Female,26363.0,203,7,37.34,271.48,Groceries,30,Medium,33
106171,42,Male,35380.0,39,11,135.18,1402.6,Fashion,36,Medium,115
106172,51,Male,42329.0,114,12,81.53,908.91,Sports,31,Medium,71
106173,43,Female,71198.0,333,6,245.49,1367.25,Electronics,39,Medium,104
106174,64,Female,32098.0,247,20,203.75,3351.84,Beauty,32,Medium,22
106175,22,Female,41726.0,343,10,238.87,2007.78,Fashion,36,Medium,7
106176,43,Male,37327.0,208,13,185.9,2020.08,Beauty,33,High,97
106177,37,Male,66826.0,312,16,187.42,2773.44,Fashion,30,Low,5
106178,23,Female,82635.0,297,13,85.86,1104.56,Home,30,Low,13
106179,23,Female,63083.0,360,10,207.55,1782.92,Groceries,37,Medium,94
106180,67,Male,99870.0,211,13,60.31,886.88,Groceries,33,Low,10
106181,35,Male,63079.0,355,14,97.24,1124.82,Groceries,34,Medium,14
106182,21,Female,58117.0,59,11,70.39,912.21,Home,38,Low,71
106183,34,Female,44317.0,156,16,285.86,3795.19,Sports,34,Low,31
106184,31,Female,64060.0,122,7,271.46,2200.2,Sports,40,High,4
106185,31,Female,43464.0,120,12,264.95,2875.08,Sports,39,Low,110
106186,30,Male,40420.0,297,17,288.85,5866.51,Beauty,29,Low,48
106187,24,Male,39849.0,322,7,191.53,1352.15,Electronics,34,Low,63
106188,61,Male,55515.0,62,6,270.52,1310.38,Home,29,Medium,106
106189,32,Male,49998.0,158,15,101.72,1393.16,Home,35,Low,4
106190,36,Female,113095.0,40,9,127.73,1351.97,Sports,34,Low,78
106191,60,Male,64188.0,242,7,150.75,970.69,Sports,37,Low,79
106192,64,Female,63858.0,40,10,45.03,425.01,Sports,34,High,57
106193,61,Male,48961.0,358,7,250.91,1436.11,Home,47,Medium,35
106194,52,Male,121309.0,190,8,53.37,384.82,Sports,24,Low,98
106195,34,Male,41521.0,234,13,243.9,2865.45,Groceries,44,Medium,14
106196,52,Female,50526.0,15,13,278.23,3929.46,Sports,44,High,77
106197,36,Male,79984.0,124,6,178.99,1076.42,Groceries,37,High,24
106198,37,Female,64047.0,228,15,66.45,861.59,Fashion,36,Low,23
106199,53,Female,34539.0,280,19,142.28,3022.96,Fashion,33,Low,53
106200,52,Male,60546.0,48,16,58.88,984.1,Home,42,High,115
106201,49,Female,73594.0,189,12,53.33,580.69,Electronics,49,High,80
106202,65,Male,70240.0,304,7,231.7,1442.7,Beauty,37,Low,99
106203,61,Female,73224.0,47,10,130.05,1521.54,Fashion,32,Low,27
106204,57,Male,103714.0,184,11,20.04,232.53,Home,41,High,98
106205,41,Female,65431.0,105,7,33.57,263.89,Home,26,Low,85
106206,34,Female,75913.0,247,13,248.97,2881.25,Groceries,32,Medium,8
106207,24,Male,15000.0,264,9,193.52,1803.5,Groceries,40,High,33
106208,60,Male,97311.0,206,12,256.46,2527.86,Sports,29,Low,92
106209,67,Male,61300.0,18,7,96.63,702.04,Beauty,27,Low,91
106210,18,Male,42640.0,364,9,108.01,856.83,Fashion,38,Medium,17
106211,52,Female,56095.0,251,7,192.72,1440.29,Groceries,37,Medium,58
106212,49,Female,73250.0,238,15,206.24,3628.13,Electronics,26,Low,108
106213,53,Female,80695.0,340,11,27.42,296.64,Beauty,37,Medium,62
106214,30,Female,58095.0,321,16,274.02,4043.04,Home,32,High,78
106215,23,Male,72029.0,302,10,243.77,2070.36,Beauty,38,Low,30
106216,31,Female,54736.0,66,16,56.92,972.86,Sports,35,Medium,46
106217,54,Male,69833.0,336,7,22.89,165.63,Groceries,49,Medium,17
106218,65,Female,64125.0,150,14,235.37,3353.93,Groceries,23,High,102
106219,32,Male,66017.0,193,12,272.81,3844.61,Groceries,37,Medium,67
106220,64,Male,53781.0,147,13,110.19,1706.45,Beauty,32,Medium,57
106221,21,Male,68073.0,183,13,109.82,1551.57,Fashion,22,High,6
106222,57,Male,43469.0,106,12,164.09,1729.63,Beauty,32,Medium,56
106223,33,Male,63892.0,236,11,208.88,2708.29,Groceries,38,Medium,89
106224,45,Female,47311.0,126,16,201.35,3021.77,Beauty,30,High,70
106225,33,Male,40127.0,179,11,230.74,2110.87,Home,43,High,100
106226,21,Female,45889.0,13,12,51.92,558.51,Groceries,42,Low,103
106227,62,Female,55839.0,231,11,165.55,2061.7,Beauty,36,Low,100
106228,43,Male,49431.0,28,13,161.77,1853.82,Electronics,31,Low,50
106229,45,Female,67926.0,323,11,285.96,3013.53,Groceries,30,Low,67
106230,49,Female,61594.0,261,14,277.11,3528.06,Sports,33,Medium,35
106231,62,Female,80291.0,100,11,230.09,2073.2,Sports,39,Medium,111
106232,19,Male,58311.0,188,13,265.54,3537.24,Electronics,28,Medium,19
106233,48,Male,63614.0,337,14,228.77,3367.73,Sports,33,Medium,75
106234,20,Male,97318.0,300,12,221.74,2970.76,Fashion,32,Low,15
106235,25,Male,51223.0,119,5,80.4,388.28,Home,44,Low,37
106236,41,Female,54297.0,46,11,192.83,1816.82,Home,37,Medium,96
106237,32,Female,84070.0,68,10,276.5,2933.28,Fashion,30,Medium,31
106238,60,Female,40863.0,305,12,230.04,3191.19,Sports,36,Medium,55
106239,48,Female,86307.0,171,17,189.32,2729.01,Electronics,34,Medium,86
106240,26,Female,55262.0,358,15,92.29,1208.6,Electronics,29,Medium,71
106241,56,Female,43334.0,196,12,210.02,2348.06,Home,39,Low,1
106242,62,Male,78104.0,333,11,117.18,1366.47,Beauty,39,Medium,96
106243,19,Female,54977.0,20,13,38.27,502.25,Electronics,34,Medium,54
106244,25,Female,96486.0,111,14,87.02,1321.77,Fashion,31,Low,85
106245,24,Female,61623.0,146,10,128.99,1048.09,Home,31,Medium,34
106246,61,Male,61478.0,192,12,299.07,4034.51,Groceries,44,Low,103
106247,68,Female,48278.0,229,11,232.83,3060.53,Fashion,31,Low,116
106248,56,Female,57065.0,12,9,98.28,724.13,Fashion,35,Low,72
106249,59,Male,54547.0,217,6,233.47,1398.25,Electronics,36,High,27
106250,33,Female,86628.0,79,13,120.14,1711.7,Beauty,35,High,43
106251,52,Male,65792.0,36,20,190.22,3768.49,Electronics,28,High,87
106252,47,Male,74111.0,264,10,234.11,2428.13,Electronics,32,Low,16
106253,27,Female,61970.0,28,17,227.43,4517.28,Groceries,27,High,78
106254,55,Female,51781.0,86,11,59.21,661.69,Fashion,38,High,115
106255,35,Male,67420.0,188,11,251.15,2471.57,Sports,35,Low,25
106256,67,Female,91815.0,305,6,278.42,1829.97,Home,33,Medium,69
106257,22,Female,39032.0,254,13,85.36,1054.39,Electronics,46,Low,3
106258,46,Male,68390.0,80,10,112.24,1025.93,Electronics,31,Medium,68
106259,56,Male,89932.0,186,15,282.7,3813.75,Fashion,41,High,75
106260,51,Female,43705.0,5,9,295.43,2211.5,Groceries,36,Medium,72
106261,60,Male,78440.0,46,18,146.98,3103.77,Electronics,46,Low,59
106262,62,Female,78463.0,354,9,29.67,273.8,Groceries,35,Low,97
106263,40,Female,34114.0,102,7,281.21,2326.81,Groceries,34,Low,61
106264,22,Female,82209.0,2,11,27.11,341.37,Sports,42,High,86
106265,47,Female,48118.0,217,15,112.46,1369.92,Groceries,31,High,15
106266,23,Male,67177.0,25,14,45.11,567.7,Sports,37,Medium,61
106267,63,Female,80483.0,257,10,163.29,1512.3,Home,35,Medium,12
106268,61,Male,84002.0,223,11,30.52,334.35,Groceries,46,Medium,63
106269,21,Female,29283.0,324,12,83.11,1083.54,Home,32,Medium,24
106270,46,Female,95772.0,69,14,148.48,2229.03,Groceries,36,Medium,71
106271,40,Male,88359.0,197,7,40.77,341.02,Sports,41,Medium,24
106272,23,Female,81039.0,272,13,154.52,2348.9,Sports,37,Medium,78
106273,49,Male,67230.0,182,10,94.23,824.05,Home,36,Low,62
106274,59,Male,51286.0,18,5,94.74,541.89,Fashion,33,Low,13
106275,35,Female,38336.0,107,13,282.37,4174.35,Fashion,31,Low,10
106276,32,Female,27523.0,17,8,213.26,1757.12,Fashion,39,Medium,65
106277,57,Female,72891.0,125,10,280.25,2621.03,Groceries,35,Low,115
106278,49,Female,81029.0,82,11,181.19,1760.79,Fashion,37,Medium,5
106279,26,Male,58308.0,4,16,274.01,3879.91,Home,35,Low,98
106280,54,Female,50781.0,115,9,254.48,2141.75,Fashion,22,High,109
106281,27,Female,61398.0,351,8,299.4,2398.98,Home,32,High,47
106282,37,Female,47192.0,351,8,160.87,1330.11,Home,41,Medium,107
106283,23,Female,60432.0,137,7,214.92,1399.15,Beauty,35,Medium,117
106284,65,Female,46045.0,287,13,64.99,796.4,Groceries,24,Medium,8
106285,20,Male,72241.0,228,13,283.06,2963.72,Beauty,39,Low,51
106286,59,Female,84877.0,16,14,131.65,1476.04,Sports,32,Medium,78
106287,28,Male,70170.0,298,7,276.66,2252.04,Groceries,37,Low,108
106288,60,Female,58391.0,212,8,48.2,310.64,Groceries,44,Medium,37
106289,34,Female,79783.0,246,13,164.27,1736.7,Electronics,28,Medium,81
106290,49,Female,60378.0,286,11,20.39,197.88,Fashion,36,Low,43
106291,21,Male,79147.0,282,8,136.49,1198.23,Fashion,35,Medium,86
106292,21,Female,47277.0,177,6,43.29,278.33,Home,23,Medium,57
106293,34,Male,49865.0,31,12,145.77,1852.22,Sports,39,Low,44
106294,58,Male,40224.0,50,17,175.62,3075.05,Beauty,42,Low,65
106295,36,Female,50690.0,143,12,258.64,2733.35,Fashion,42,Low,49
106296,22,Male,79628.0,52,14,102.72,1379.37,Fashion,38,Low,39
106297,49,Female,42565.0,233,12,178.71,2125.73,Sports,32,Low,76
106298,39,Female,15000.0,166,17,38.61,678.02,Fashion,32,Low,30
106299,23,Male,51710.0,38,11,275.78,2667.64,Electronics,24,Medium,93
106300,52,Female,36525.0,20,12,146.48,1918.79,Fashion,26,High,80
106301,39,Female,49912.0,99,9,90.73,754.16,Electronics,30,Medium,108
106302,18,Male,102137.0,215,10,149.7,1592.94,Groceries,42,High,66
106303,37,Male,42221.0,44,8,154.82,1245.49,Groceries,30,High,51
106304,39,Male,72671.0,111,8,228.12,1892.28,Electronics,34,Medium,79
106305,65,Male,58396.0,89,11,292.88,3109.76,Beauty,29,Low,46
106306,28,Male,67450.0,319,12,72.12,846.42,Beauty,32,High,8
106307,30,Male,49815.0,118,12,35.26,485.44,Home,31,Medium,6
106308,59,Female,83227.0,239,15,203.6,3024.53,Electronics,38,Low,59
106309,20,Male,68537.0,72,8,267.68,2393.18,Home,31,Medium,118
106310,26,Male,69093.0,310,8,178.21,1365.82,Sports,49,Medium,102
106311,29,Female,61978.0,304,11,42.36,503.34,Sports,32,Medium,5
106312,40,Female,85119.0,163,10,138.1,1233.45,Electronics,41,Low,78
106313,31,Male,71203.0,251,8,203.33,1897.98,Home,31,Medium,68
106314,50,Male,67418.0,357,9,111.85,1194.8,Groceries,42,Medium,111
106315,35,Female,73053.0,195,16,256.57,4764.11,Electronics,26,High,3
106316,66,Male,24800.0,60,11,82.91,855.98,Electronics,41,Low,32
106317,58,Male,63755.0,98,12,122.06,1333.77,Home,44,High,88
106318,26,Female,58720.0,356,12,276.6,2897.58,Sports,46,Medium,115
106319,40,Male,83372.0,355,10,180.59,2075.34,Beauty,34,High,62
106320,27,Female,45979.0,73,9,21.75,165.89,Groceries,21,High,88
106321,36,Male,64022.0,222,4,88.33,373.44,Home,42,Medium,30
106322,64,Female,98477.0,119,15,230.93,3230.43,Home,37,Medium,49
106323,22,Female,59486.0,182,9,34.57,272.29,Groceries,32,High,12
106324,64,Female,33395.0,218,10,298.06,2604.43,Beauty,32,Medium,89
106325,69,Male,103479.0,256,15,271.41,4675.26,Beauty,35,Low,50
106326,40,Female,45689.0,88,10,82.67,945.69,Electronics,30,Medium,82
106327,47,Male,39204.0,361,14,270.74,3444.72,Electronics,32,Medium,18
106328,42,Female,39993.0,275,9,215.85,1580.36,Fashion,29,Medium,93
106329,45,Female,74553.0,336,9,139.1,1436.72,Groceries,33,Medium,47
106330,51,Female,85956.0,26,6,74.91,369.87,Home,40,Medium,63
106331,62,Male,95208.0,121,12,76.06,761.11,Fashion,46,Low,44
106332,65,Male,60306.0,289,12,186.34,2524.02,Fashion,32,Medium,21
106333,64,Female,40263.0,362,14,136.5,2153.48,Fashion,27,Medium,48
106334,42,Male,48601.0,30,7,186.66,1151.13,Electronics,33,Low,66
106335,27,Male,60672.0,202,16,112.47,1467.13,Sports,39,Low,32
106336,31,Male,59576.0,36,12,84.42,835.95,Fashion,35,Medium,94
106337,59,Female,86166.0,125,15,254.24,3742.5,Home,41,Medium,45
106338,63,Male,33648.0,223,12,277.61,3222.37,Beauty,40,Medium,51
106339,47,Female,37690.0,235,8,217.47,1518.66,Electronics,35,High,53
106340,58,Female,53804.0,124,11,65.24,835.06,Beauty,33,Medium,111
106341,42,Female,67384.0,171,14,45.85,655.36,Sports,37,Low,28
106342,31,Male,51147.0,181,8,170.94,1535.64,Sports,43,Medium,89
106343,52,Female,49518.0,215,13,174.1,1904.55,Fashion,31,Medium,103
106344,69,Male,83475.0,118,10,198.99,2366.75,Fashion,32,Low,62
106345,65,Male,69439.0,227,5,273.73,1538.22,Electronics,45,Low,29
106346,51,Female,40306.0,37,12,201.1,2208.39,Fashion,42,Medium,61
106347,27,Female,49806.0,317,12,276.52,2682.18,Electronics,41,High,8
106348,52,Female,70336.0,96,11,52.96,504.38,Sports,34,Medium,46
106349,28,Male,34780.0,120,8,218.59,1691.72,Home,32,Medium,31
106350,28,Male,70215.0,12,8,279.68,1792.62,Home,31,Medium,113
106351,38,Female,53124.0,122,10,149.59,1221.16,Groceries,37,Low,66
106352,38,Female,67256.0,35,17,290.91,4151.5,Beauty,29,High,62
106353,39,Male,62397.0,251,10,174.7,1963.43,Groceries,33,Low,18
106354,62,Male,37653.0,67,11,284.03,3182.9,Groceries,31,Medium,55
106355,24,Female,47268.0,38,8,229.59,1609.69,Home,30,Medium,85
106356,34,Male,88948.0,280,19,148.17,2550.0,Fashion,37,High,37
106357,19,Male,107426.0,230,12,29.6,375.4,Electronics,30,Low,102
106358,29,Male,25055.0,337,8,204.07,1514.11,Home,38,Low,86
106359,59,Male,80862.0,168,11,91.2,1076.29,Groceries,21,Medium,30
106360,35,Male,65912.0,328,16,100.82,1792.65,Groceries,30,Low,83
106361,28,Male,101646.0,246,11,25.54,259.21,Beauty,41,Medium,21
106362,33,Female,48830.0,79,20,176.14,3334.7,Fashion,31,Medium,78
106363,66,Male,77966.0,114,13,101.0,1076.7,Groceries,30,Low,13
106364,68,Female,53947.0,301,16,295.07,5325.04,Groceries,31,Medium,99
106365,35,Female,85628.0,217,10,229.72,2394.67,Electronics,33,Low,19
106366,52,Male,106226.0,200,7,120.1,971.27,Fashion,32,Medium,4
106367,43,Female,64261.0,352,7,102.45,627.91,Sports,27,Medium,110
106368,33,Female,37221.0,242,10,220.19,2607.58,Sports,32,Low,21
106369,23,Female,88277.0,13,9,91.18,888.48,Groceries,35,Medium,24
106370,61,Male,71310.0,207,8,145.44,1022.32,Groceries,37,Medium,106
106371,60,Female,67561.0,262,15,64.91,959.23,Electronics,48,Low,45
106372,64,Male,91665.0,97,14,91.15,1377.65,Sports,36,Low,13
106373,64,Female,37247.0,71,15,47.55,575.44,Fashion,36,High,22
106374,65,Female,45676.0,303,14,139.6,2173.52,Fashion,30,Low,87
106375,59,Female,71885.0,349,10,279.5,3295.51,Home,35,Low,49
106376,29,Female,45230.0,230,11,48.24,441.81,Beauty,39,Medium,48
106377,30,Male,53680.0,357,7,142.45,1155.94,Home,42,High,17
106378,21,Female,85495.0,300,13,103.53,1326.75,Fashion,36,Medium,20
106379,56,Female,68659.0,32,11,121.63,1346.28,Home,33,Medium,32
106380,19,Male,36423.0,250,11,236.02,2949.42,Beauty,36,Low,104
106381,43,Male,68161.0,254,9,141.81,1322.06,Beauty,36,Medium,50
106382,44,Male,84781.0,259,10,202.11,1900.99,Electronics,41,Medium,105
106383,44,Female,63431.0,182,14,292.22,4471.7,Groceries,31,Medium,62
106384,32,Male,77436.0,340,6,192.61,988.47,Fashion,33,Medium,15
106385,25,Male,49660.0,166,9,114.47,1098.75,Sports,38,Medium,42
106386,24,Male,65198.0,4,14,131.34,2040.75,Sports,39,Medium,11
106387,64,Male,28465.0,145,10,214.85,2006.5,Fashion,31,Medium,37
106388,63,Male,72595.0,165,10,214.41,2547.39,Home,32,Medium,104
106389,57,Male,67203.0,344,5,123.07,649.96,Home,34,Medium,68
106390,29,Female,34195.0,362,5,222.85,934.04,Fashion,36,High,38
106391,30,Male,90418.0,105,9,174.16,1859.79,Fashion,30,Medium,81
106392,60,Female,71423.0,36,9,294.52,2909.38,Fashion,34,Medium,61
106393,34,Male,46147.0,314,9,274.27,2661.6,Electronics,39,Medium,61
106394,34,Male,73123.0,169,16,250.68,3615.01,Sports,44,Medium,93
106395,53,Male,40311.0,8,18,29.61,527.26,Electronics,36,Medium,102
106396,38,Female,43077.0,86,11,126.52,1614.98,Beauty,31,Medium,15
106397,25,Male,40415.0,97,13,180.52,2166.67,Electronics,38,High,28
106398,22,Male,39838.0,315,7,166.05,1126.7,Groceries,33,High,87
106399,43,Male,68752.0,30,17,233.8,3587.87,Electronics,38,Medium,67
106400,33,Male,61890.0,101,9,274.54,2190.07,Beauty,37,Low,21
106401,53,Female,74964.0,67,11,240.4,2161.76,Sports,38,Medium,29
106402,45,Female,15000.0,349,8,81.66,715.18,Home,37,Medium,61
106403,46,Female,52169.0,63,19,155.97,2478.33,Sports,33,High,16
106404,64,Female,52452.0,32,10,130.21,1318.41,Fashion,31,Low,43
106405,29,Female,61053.0,87,7,234.54,1346.13,Beauty,32,Low,24
106406,54,Male,60535.0,211,9,270.63,2907.1,Fashion,36,Medium,118
106407,47,Male,64562.0,51,15,100.31,1630.71,Fashion,28,Low,96
106408,40,Male,61776.0,63,5,156.89,825.36,Electronics,29,Medium,31
106409,33,Female,50824.0,80,10,224.94,1967.23,Beauty,37,Medium,98
106410,31,Male,52009.0,343,17,33.99,584.31,Groceries,40,Low,85
106411,27,Female,58944.0,232,14,289.66,4061.01,Home,37,High,13
106412,24,Male,70093.0,101,16,243.99,3683.11,Electronics,34,Low,25
106413,62,Female,61702.0,129,9,171.97,1334.83,Fashion,36,Low,115
106414,69,Male,44296.0,19,8,238.02,1802.96,Sports,34,Medium,6
106415,54,Male,43237.0,357,9,254.18,2387.46,Fashion,31,Medium,86
106416,46,Male,70198.0,94,8,158.27,1259.75,Sports,33,Low,79
106417,20,Male,75148.0,81,17,143.22,2502.96,Home,28,Medium,43
106418,32,Female,81420.0,103,13,254.56,3404.61,Fashion,46,Medium,82
106419,53,Male,50181.0,154,11,260.71,2574.92,Beauty,45,High,95
106420,64,Male,22446.0,269,11,54.62,507.33,Beauty,30,Low,51
106421,63,Male,67633.0,118,12,274.2,3319.03,Home,43,Medium,75
106422,69,Female,45687.0,342,13,97.5,1466.43,Fashion,45,High,89
106423,36,Male,57933.0,279,13,206.81,3221.25,Fashion,32,Low,41
106424,30,Male,62965.0,363,12,218.61,2923.32,Sports,31,High,89
106425,59,Male,71073.0,225,12,98.32,1048.22,Groceries,30,Low,82
106426,38,Male,77864.0,268,17,105.17,1881.09,Beauty,50,High,35
106427,54,Male,83393.0,137,14,217.76,2730.2,Sports,28,Medium,105
106428,44,Female,86386.0,226,15,69.02,1066.96,Electronics,26,High,44
106429,69,Female,62081.0,334,11,260.36,2841.84,Home,38,Low,14
106430,46,Female,26227.0,229,11,82.41,863.56,Home,36,Low,109
106431,37,Male,47809.0,323,17,118.33,2125.58,Groceries,32,Medium,56
106432,42,Female,88163.0,108,12,94.66,1298.45,Fashion,30,Low,84
106433,23,Male,62975.0,300,6,88.68,497.49,Home,31,High,58
106434,53,Male,103567.0,7,11,294.08,3217.09,Groceries,43,High,43
106435,19,Male,52420.0,128,9,90.93,803.91,Electronics,49,Medium,59
106436,39,Male,106257.0,353,14,181.93,2291.53,Home,38,Medium,55
106437,49,Female,59970.0,267,16,228.71,3543.89,Electronics,32,High,37
106438,33,Female,51605.0,173,17,31.75,436.46,Beauty,35,Medium,34
106439,35,Female,45767.0,214,9,266.84,2418.31,Sports,42,Low,103
106440,22,Male,73197.0,247,5,62.81,341.79,Home,40,Medium,46
106441,53,Female,31739.0,106,9,184.66,1573.93,Home,27,Medium,48
106442,47,Female,49005.0,83,11,199.52,2411.18,Fashion,36,Medium,90
106443,62,Male,58948.0,292,13,196.28,2807.47,Electronics,41,Low,40
106444,36,Female,15000.0,203,9,225.36,2421.0,Sports,34,Medium,20
106445,40,Male,58051.0,41,8,280.75,2287.28,Groceries,31,Medium,42
106446,51,Female,94410.0,205,10,279.53,2688.03,Sports,25,Medium,72
106447,30,Female,68639.0,348,9,181.86,1728.09,Home,31,High,107
106448,60,Female,46839.0,49,7,123.58,908.86,Beauty,31,Medium,64
106449,46,Male,50442.0,143,10,110.02,1314.67,Electronics,38,Medium,23
106450,53,Female,66743.0,141,12,268.27,3486.69,Home,42,Medium,51
106451,39,Female,49785.0,53,6,258.88,1433.11,Groceries,29,Low,99
106452,69,Female,69371.0,107,16,102.83,1439.63,Groceries,30,Medium,12
106453,69,Female,49220.0,33,10,62.66,699.97,Home,34,Low,51
106454,64,Male,39514.0,200,13,261.12,2959.73,Beauty,34,High,3
106455,53,Male,83616.0,119,12,190.34,2400.52,Home,38,Medium,7
106456,26,Female,74181.0,288,9,107.68,826.59,Home,34,Medium,37
106457,56,Female,22231.0,229,12,190.98,2492.25,Electronics,33,Low,108
106458,68,Female,53263.0,118,9,38.54,386.11,Fashion,26,Medium,20
106459,36,Male,80859.0,176,9,73.24,788.5,Groceries,26,Low,88
106460,55,Female,56677.0,185,14,172.82,2859.07,Electronics,26,Low,58
106461,23,Female,48389.0,318,6,170.97,1113.55,Groceries,43,Low,89
106462,69,Male,54949.0,338,14,89.07,1136.01,Home,34,Low,19
106463,64,Male,62218.0,215,15,294.98,3617.14,Groceries,38,Medium,27
106464,32,Male,56407.0,221,9,135.48,1246.26,Beauty,36,Medium,77
106465,37,Female,58346.0,130,10,218.39,2416.25,Beauty,40,Medium,86
106466,26,Male,57001.0,333,11,92.37,817.17,Beauty,44,High,36
106467,49,Male,40528.0,272,7,138.85,981.59,Sports,35,Medium,60
106468,21,Female,39497.0,246,11,252.74,3205.93,Groceries,27,Medium,117
106469,67,Male,38201.0,123,16,257.61,4347.99,Beauty,27,Low,23
106470,35,Female,61830.0,8,10,57.87,621.24,Sports,28,Medium,84
106471,22,Female,71655.0,67,9,119.31,1062.77,Electronics,38,Medium,30
106472,37,Male,41174.0,115,15,76.88,1357.62,Electronics,28,Medium,83
106473,40,Female,29998.0,288,16,269.28,4092.45,Beauty,34,Medium,91
106474,28,Male,42574.0,105,10,231.08,2199.05,Sports,42,Medium,39
106475,54,Male,88048.0,25,11,177.73,1968.9,Groceries,29,Low,109
106476,39,Male,53738.0,53,15,202.02,3134.46,Beauty,36,Low,115
106477,21,Female,55718.0,247,8,275.96,2240.73,Electronics,35,Low,66
106478,46,Male,44046.0,337,10,104.92,1182.92,Groceries,45,Medium,104
106479,61,Female,71434.0,281,8,23.83,216.15,Fashion,33,High,34
106480,51,Female,57533.0,33,6,27.38,140.08,Beauty,28,Medium,9
106481,30,Female,45467.0,287,11,33.07,377.76,Fashion,41,Low,85
106482,59,Male,39382.0,36,10,55.97,668.04,Beauty,29,Medium,84
106483,26,Female,67557.0,343,7,179.84,1309.06,Sports,36,Medium,108
106484,59,Female,65280.0,239,9,294.7,2851.93,Sports,30,Medium,112
106485,48,Male,35234.0,217,12,137.58,1889.6,Groceries,31,Medium,72
106486,24,Male,84548.0,177,16,219.48,4026.64,Fashion,33,High,50
106487,21,Female,47162.0,44,10,241.81,1951.11,Fashion,38,Medium,85
106488,36,Female,15505.0,304,23,244.39,5035.11,Sports,44,High,80
106489,59,Male,90573.0,158,10,144.12,1650.39,Home,31,Low,1
106490,47,Female,57949.0,269,10,173.98,1856.09,Groceries,34,Low,2
106491,48,Female,68689.0,171,12,112.05,1415.44,Groceries,21,Low,69
106492,52,Female,93446.0,221,10,212.6,2432.1,Electronics,34,Medium,35
106493,38,Female,39948.0,230,11,127.2,1570.77,Sports,39,Low,74
106494,48,Male,69587.0,91,6,107.1,707.21,Electronics,18,High,45
106495,36,Female,83507.0,131,7,195.64,1121.52,Home,37,Medium,10
106496,48,Male,41310.0,226,13,115.55,1671.39,Electronics,36,Low,63
106497,49,Female,89213.0,225,19,134.24,2245.11,Home,29,Medium,26
106498,19,Male,31817.0,143,12,219.04,2130.13,Electronics,43,Medium,79
106499,69,Female,58093.0,66,7,258.93,1806.63,Sports,48,Medium,113
106500,27,Male,38493.0,28,17,141.74,2835.94,Home,34,Medium,103
106501,19,Female,73917.0,125,11,166.22,2111.06,Groceries,40,Low,103
106502,19,Male,40692.0,212,6,228.99,1638.87,Sports,32,Medium,3
106503,41,Female,47654.0,80,9,82.99,671.18,Sports,24,Low,79
106504,34,Female,42421.0,238,10,136.2,1468.45,Beauty,37,High,46
106505,49,Male,35961.0,132,18,247.21,3659.23,Fashion,34,High,39
106506,33,Male,44661.0,328,4,270.46,1213.15,Groceries,29,Medium,101
106507,33,Male,59093.0,300,17,200.57,3442.1,Electronics,41,Low,104
106508,63,Male,57996.0,119,6,130.15,935.92,Sports,32,Medium,80
106509,56,Male,55671.0,46,10,189.66,1699.35,Electronics,37,Low,50
106510,48,Female,46669.0,84,9,70.08,702.53,Sports,35,High,60
106511,60,Male,52879.0,282,7,28.2,171.42,Groceries,29,Medium,87
106512,41,Male,28288.0,352,8,40.89,299.27,Sports,31,High,19
106513,18,Female,46020.0,13,14,50.29,646.49,Electronics,39,Medium,10
106514,28,Male,55565.0,125,4,83.18,343.08,Electronics,41,Medium,4
106515,38,Male,65887.0,325,12,149.28,1694.71,Groceries,43,Medium,97
106516,21,Male,63445.0,172,13,85.05,1078.55,Electronics,29,Medium,39
106517,24,Female,35440.0,234,8,183.81,1483.31,Home,28,High,77
106518,43,Male,68556.0,181,13,299.52,3202.57,Sports,31,Low,75
106519,64,Female,62445.0,51,9,159.49,1530.36,Home,36,Low,43
106520,67,Female,88803.0,269,19,231.92,4669.58,Fashion,38,Low,72
106521,29,Male,30112.0,169,10,101.87,1208.1,Fashion,38,High,93
106522,48,Female,57270.0,316,11,289.61,2718.54,Beauty,36,Low,98
106523,34,Male,80626.0,288,10,89.75,729.12,Beauty,38,Medium,37
106524,50,Male,54071.0,274,11,187.06,1755.78,Sports,44,Medium,85
106525,28,Male,41731.0,349,7,295.33,2003.19,Electronics,31,Medium,104
106526,45,Male,43679.0,207,9,246.31,1963.13,Groceries,20,Low,115
106527,49,Male,75696.0,148,11,297.77,2903.79,Fashion,43,Medium,18
106528,18,Female,29038.0,300,12,126.33,1739.96,Electronics,36,High,29
106529,64,Female,53335.0,37,8,41.74,310.39,Beauty,30,Low,94
106530,45,Female,42479.0,161,8,88.18,681.96,Groceries,37,Medium,46
106531,59,Female,43981.0,275,11,288.13,3402.89,Sports,33,Low,50
106532,24,Male,68832.0,288,9,123.76,1042.53,Electronics,33,Low,17
106533,19,Male,52094.0,106,11,54.94,617.48,Home,36,Low,23
106534,59,Female,64661.0,22,11,186.07,2065.5,Sports,35,Medium,6
106535,41,Male,35160.0,233,6,160.12,869.07,Fashion,39,Medium,91
106536,21,Female,76598.0,122,10,37.49,407.46,Sports,32,Medium,35
106537,61,Female,64253.0,129,5,146.82,832.21,Sports,27,Medium,37
106538,36,Female,84760.0,310,5,197.2,1097.79,Groceries,40,Medium,89
106539,43,Female,51861.0,217,20,85.15,1631.67,Fashion,27,Medium,49
106540,28,Male,68991.0,148,9,54.84,579.04,Beauty,41,Medium,3
106541,57,Male,75668.0,58,15,262.14,4559.61,Groceries,35,Medium,40
106542,67,Female,68598.0,237,13,195.13,2300.1,Sports,51,Medium,60
106543,60,Female,93956.0,70,18,63.47,970.61,Electronics,44,Low,35
106544,28,Female,26736.0,189,11,196.15,2497.53,Home,32,Medium,40
106545,62,Female,63493.0,242,5,225.87,1239.96,Home,41,Medium,113
106546,20,Female,51883.0,63,13,187.31,2250.93,Groceries,32,Medium,59
106547,29,Male,50446.0,241,6,52.52,290.53,Electronics,39,Low,4
106548,20,Female,89871.0,185,16,54.93,816.36,Home,27,Low,41
106549,59,Female,47596.0,259,13,32.64,485.65,Electronics,30,Medium,55
106550,44,Male,77057.0,229,8,85.52,613.07,Beauty,29,High,5
106551,66,Male,38918.0,223,17,36.7,661.61,Beauty,37,Low,65
106552,19,Male,80390.0,99,9,245.48,2504.88,Groceries,40,Low,31
106553,66,Male,59551.0,247,8,24.31,185.72,Fashion,30,High,60
106554,33,Male,54345.0,45,12,182.68,1807.65,Electronics,33,Medium,43
106555,19,Male,29265.0,273,12,246.75,3267.59,Electronics,37,Medium,9
106556,47,Male,54386.0,5,13,270.56,2841.78,Fashion,35,Low,91
106557,37,Male,46265.0,11,4,134.65,609.88,Sports,38,Medium,102
106558,55,Male,94953.0,348,16,193.86,2929.13,Sports,43,Low,58
106559,45,Female,61033.0,39,12,286.33,3850.09,Sports,38,Medium,16
106560,42,Male,48070.0,42,14,208.05,2965.55,Groceries,43,Medium,70
106561,49,Female,47223.0,203,9,272.31,2312.78,Sports,36,High,88
106562,27,Female,32802.0,94,10,211.6,2453.99,Groceries,43,High,89
106563,59,Female,90446.0,5,7,39.04,302.47,Fashion,32,Low,34
106564,57,Female,85126.0,52,10,75.13,625.29,Electronics,42,High,111
106565,50,Female,58662.0,150,8,283.33,2657.04,Home,31,Medium,35
106566,30,Female,103587.0,205,9,256.4,2277.15,Home,33,Low,117
106567,58,Female,59738.0,300,15,138.36,1783.98,Groceries,42,Low,85
106568,59,Female,81929.0,187,12,65.12,866.21,Groceries,34,Medium,96
106569,64,Male,71323.0,153,10,64.01,644.61,Beauty,36,High,77
106570,54,Female,48510.0,116,7,273.36,2045.73,Electronics,27,Low,38
106571,33,Female,63647.0,149,12,66.54,860.45,Fashion,39,Medium,50
106572,62,Female,67454.0,220,8,128.16,901.09,Electronics,34,Medium,94
106573,39,Female,33915.0,192,12,272.23,3882.04,Beauty,25,High,12
106574,37,Male,65760.0,233,9,29.36,222.55,Groceries,42,Low,97
106575,67,Female,82819.0,324,12,196.61,2459.16,Electronics,30,High,30
106576,60,Male,46169.0,221,10,118.17,1014.53,Groceries,35,Low,44
106577,44,Male,55792.0,47,12,50.18,693.04,Home,29,High,87
106578,58,Female,37808.0,127,6,178.91,933.16,Electronics,29,Medium,118
106579,33,Female,50344.0,291,12,155.77,1825.15,Fashion,31,Medium,89
106580,51,Male,51896.0,215,12,47.78,478.61,Home,27,High,94
106581,49,Female,91563.0,7,17,94.82,1578.43,Fashion,31,Medium,96
106582,43,Female,53656.0,184,15,227.3,2733.14,Fashion,33,Medium,94
106583,42,Male,49394.0,116,11,231.64,2490.42,Groceries,25,Medium,119
106584,19,Male,58121.0,52,8,187.63,1613.85,Fashion,40,Medium,92
106585,29,Female,25846.0,46,12,50.94,533.73,Beauty,36,Medium,2
106586,57,Female,15000.0,23,12,258.87,3172.28,Sports,32,Medium,74
106587,26,Female,32358.0,131,12,68.36,811.91,Fashion,31,Medium,100
106588,29,Male,66482.0,127,7,221.86,1450.51,Electronics,39,Medium,9
106589,43,Female,59946.0,265,12,31.92,409.21,Beauty,47,Medium,71
106590,26,Male,77382.0,309,7,112.91,946.91,Groceries,35,Medium,12
106591,27,Male,29593.0,196,10,153.94,1808.97,Groceries,35,High,34
106592,49,Female,55919.0,48,13,27.83,429.82,Beauty,33,Medium,79
106593,51,Male,28164.0,82,14,68.04,769.75,Sports,37,Medium,49
106594,65,Female,65346.0,109,9,109.29,887.77,Groceries,39,Medium,51
106595,37,Female,32442.0,263,10,295.1,3450.02,Groceries,35,Low,12
106596,56,Male,55133.0,355,5,238.25,976.01,Home,39,High,112
106597,19,Female,64128.0,31,13,255.4,3140.66,Home,34,Low,6
106598,18,Male,52176.0,358,14,206.9,3072.95,Home,31,Low,26
106599,68,Male,15000.0,56,11,101.87,1337.06,Sports,40,Low,69
106600,53,Female,93247.0,355,9,218.65,1791.35,Beauty,36,Medium,49
106601,41,Female,50052.0,189,17,208.65,3921.88,Groceries,26,Medium,51
106602,44,Female,27810.0,5,7,190.79,1421.2,Groceries,26,High,74
106603,19,Female,75224.0,286,10,103.53,1082.29,Groceries,34,Medium,85
106604,48,Male,75971.0,278,12,93.7,1233.66,Fashion,42,Medium,92
106605,31,Male,53956.0,145,10,114.16,1029.23,Groceries,28,Low,41
106606,19,Male,90725.0,196,11,107.47,1105.89,Groceries,25,Medium,11
106607,46,Female,45186.0,27,11,41.79,470.81,Beauty,33,Medium,106
106608,32,Male,63513.0,127,11,244.64,2625.36,Electronics,37,Medium,47
106609,29,Male,70216.0,135,8,123.39,1074.77,Electronics,26,High,14
106610,54,Female,90280.0,23,11,217.86,2684.64,Groceries,30,Medium,16
106611,45,Female,21134.0,331,9,98.38,895.34,Fashion,45,Low,44
106612,37,Female,105836.0,117,13,188.56,2347.3,Fashion,29,Low,58
106613,56,Male,83477.0,8,12,29.71,415.25,Sports,49,Medium,111
106614,41,Female,68989.0,101,12,49.69,655.87,Sports,36,Low,21
106615,38,Male,44007.0,261,11,122.07,1435.82,Beauty,33,High,14
106616,27,Male,42327.0,199,12,95.25,940.6,Groceries,36,Low,76
106617,63,Male,65757.0,86,9,118.95,1082.47,Home,28,High,26
106618,31,Male,69876.0,228,14,280.59,3333.52,Fashion,33,Medium,113
106619,54,Male,67297.0,179,8,40.69,346.42,Home,38,Low,73
106620,35,Female,63195.0,240,10,149.56,1375.73,Sports,22,High,3
106621,41,Male,68639.0,12,12,75.51,992.57,Fashion,43,Medium,88
106622,31,Female,16288.0,303,10,119.63,1329.4,Home,35,Low,49
106623,51,Male,54678.0,234,7,209.57,1349.87,Groceries,37,Low,41
106624,29,Male,32335.0,183,11,292.42,3829.41,Home,36,High,19
106625,39,Female,59189.0,282,11,214.52,2375.48,Sports,43,Low,119
106626,23,Male,86129.0,358,14,267.76,3325.6,Fashion,28,Medium,12
106627,53,Male,41826.0,190,16,61.23,1087.52,Fashion,34,High,55
106628,62,Female,45814.0,326,16,70.79,1250.77,Fashion,32,Medium,102
106629,53,Female,43010.0,215,9,265.5,2307.2,Groceries,43,Medium,2
106630,39,Male,45682.0,258,11,190.11,2223.89,Fashion,36,High,28
106631,31,Male,71081.0,26,9,241.79,1759.8,Home,20,Medium,42
106632,33,Male,75744.0,270,10,82.4,755.19,Electronics,29,Medium,65
106633,53,Female,89384.0,82,13,117.61,1762.23,Beauty,34,Medium,29
106634,42,Male,39897.0,358,17,42.69,647.96,Beauty,31,High,3
106635,49,Female,73679.0,185,12,270.76,3776.24,Electronics,36,Medium,87
106636,50,Female,77007.0,288,7,287.78,2078.82,Beauty,33,Medium,8
106637,62,Male,93066.0,62,8,260.09,2416.06,Groceries,24,Medium,78
106638,53,Female,41390.0,30,12,142.41,1456.6,Home,22,Medium,28
106639,37,Male,19928.0,31,12,115.52,1366.24,Beauty,46,High,42
106640,35,Male,54452.0,293,11,149.53,1510.91,Groceries,31,Medium,85
106641,55,Female,116174.0,173,11,198.53,2521.82,Electronics,38,High,3
106642,20,Female,38095.0,102,11,140.82,1450.85,Beauty,30,High,60
106643,40,Female,69738.0,128,10,138.05,1429.35,Fashion,36,High,110
106644,49,Female,15669.0,86,9,140.69,1432.16,Electronics,36,Low,51
106645,62,Female,96297.0,315,12,228.48,2444.58,Electronics,31,Low,78
106646,33,Female,22436.0,28,6,240.3,1179.82,Electronics,35,Medium,19
106647,22,Male,15000.0,122,16,263.75,4210.11,Groceries,34,Medium,4
106648,21,Male,61977.0,251,7,88.04,661.56,Sports,36,Medium,87
106649,38,Male,62367.0,61,16,64.1,1115.55,Groceries,34,Low,7
106650,57,Female,88386.0,171,11,116.64,1240.54,Sports,33,Low,41
106651,68,Female,76989.0,272,12,137.73,1374.18,Groceries,31,Medium,16
106652,31,Female,19988.0,325,13,216.52,2705.71,Beauty,47,Medium,65
106653,56,Male,56963.0,300,10,232.22,1971.07,Beauty,37,High,53
106654,48,Male,46058.0,113,9,295.56,2204.87,Beauty,33,High,55
106655,31,Female,33299.0,194,13,125.9,1508.01,Electronics,34,High,20
106656,23,Female,68673.0,19,13,132.71,1916.54,Fashion,37,Low,90
106657,29,Female,80860.0,340,12,171.78,2282.62,Home,34,Medium,116
106658,33,Female,43894.0,93,6,249.69,1562.88,Sports,37,Low,4
106659,34,Male,53343.0,217,7,205.06,1622.74,Groceries,38,High,37
106660,62,Male,54676.0,179,9,180.34,1623.59,Beauty,31,Medium,82
106661,40,Male,46778.0,191,8,201.47,1446.36,Fashion,34,High,81
106662,31,Female,51452.0,163,6,150.05,925.5,Home,33,Medium,22
106663,24,Male,46765.0,100,14,232.53,3806.56,Fashion,42,Medium,44
106664,63,Female,62493.0,187,14,41.08,468.41,Beauty,31,Low,108
106665,49,Female,48271.0,295,10,162.53,1927.51,Sports,33,Medium,98
106666,32,Female,68542.0,67,10,245.84,2698.65,Sports,34,Medium,61
106667,61,Male,48198.0,73,12,104.71,1350.13,Home,39,Low,103
106668,34,Male,72935.0,232,5,256.16,1339.12,Home,38,Low,106
106669,58,Female,47766.0,189,14,239.19,3024.16,Beauty,33,High,72
106670,64,Male,72115.0,50,12,182.59,2529.16,Beauty,51,Medium,46
106671,61,Female,43028.0,309,17,90.6,1830.66,Sports,31,High,26
106672,51,Female,77707.0,302,11,261.1,3359.36,Sports,35,Medium,3
106673,22,Female,24440.0,308,12,28.39,287.37,Electronics,29,Low,89
106674,62,Male,59883.0,124,14,185.9,2848.82,Home,36,Low,55
106675,44,Male,48657.0,157,14,239.12,3423.55,Home,44,Medium,37
106676,69,Female,59076.0,261,14,155.91,2434.49,Sports,37,Medium,47
106677,40,Male,36280.0,195,12,48.8,551.0,Groceries,29,High,48
106678,57,Male,56108.0,330,11,253.51,3298.33,Electronics,33,Medium,36
106679,31,Male,37813.0,351,7,274.54,1777.73,Groceries,34,Medium,15
106680,32,Male,55237.0,331,9,177.73,1751.84,Sports,33,High,7
106681,60,Female,53377.0,256,14,240.4,3370.73,Electronics,29,Medium,31
106682,50,Male,66598.0,200,7,191.0,1399.51,Electronics,30,Medium,61
106683,48,Female,61316.0,68,9,180.52,1374.91,Sports,33,Medium,46
106684,52,Female,97566.0,80,7,56.62,413.91,Beauty,37,Medium,15
106685,34,Male,49801.0,233,11,142.3,1605.08,Fashion,32,Low,118
106686,45,Female,57347.0,186,9,210.06,2056.1,Fashion,42,High,13
106687,36,Female,123686.0,105,9,147.26,1212.79,Home,35,Medium,22
106688,63,Male,55529.0,325,9,192.97,1967.57,Sports,32,High,50
106689,40,Female,79064.0,142,11,270.55,3506.11,Beauty,44,Medium,52
106690,49,Female,71531.0,272,15,122.54,2118.98,Sports,30,Medium,56
106691,57,Male,106696.0,343,7,251.98,1687.2,Beauty,31,Medium,44
106692,30,Male,31387.0,124,12,28.13,372.96,Groceries,31,High,87
106693,37,Male,29108.0,223,8,258.75,1958.24,Sports,31,Medium,67
106694,52,Male,37642.0,174,9,49.87,514.02,Fashion,51,Medium,20
106695,22,Male,63456.0,191,10,110.0,1045.17,Beauty,36,Medium,83
106696,26,Female,39932.0,140,8,163.76,1145.56,Sports,41,High,46
106697,46,Female,17331.0,297,9,202.01,1810.14,Groceries,40,Medium,48
106698,23,Male,41513.0,119,14,286.87,3429.96,Home,37,Medium,30
106699,42,Male,67372.0,275,13,105.97,1425.51,Beauty,24,Medium,42
106700,48,Female,41928.0,76,8,43.9,361.96,Electronics,41,High,96
106701,39,Male,82848.0,109,12,148.47,1775.09,Beauty,33,Low,41
106702,19,Male,37492.0,119,6,116.68,729.13,Home,30,High,103
106703,62,Female,60283.0,258,7,188.03,1566.46,Groceries,39,Medium,30
106704,22,Female,52181.0,20,12,278.38,3184.59,Sports,39,Low,24
106705,44,Female,63770.0,119,11,200.14,2133.53,Fashion,35,Low,101
106706,42,Male,65777.0,351,12,181.84,1984.84,Beauty,29,High,12
106707,25,Female,91704.0,137,11,88.9,854.47,Sports,40,Low,44
106708,18,Male,73797.0,277,11,94.13,948.12,Beauty,40,Low,53
106709,37,Female,51585.0,255,15,142.1,1886.5,Electronics,42,Medium,17
106710,61,Male,72257.0,264,14,269.56,3671.9,Fashion,24,Medium,73
106711,40,Male,75005.0,167,13,182.26,2116.63,Home,47,Medium,79
106712,49,Male,100899.0,165,11,158.5,1755.6,Beauty,25,Medium,25
106713,28,Female,56857.0,29,16,171.91,2515.45,Groceries,39,Medium,12
106714,56,Female,58342.0,35,14,253.46,3441.53,Home,34,Low,78
106715,64,Female,86246.0,237,13,209.81,2323.05,Electronics,38,Low,84
106716,41,Male,20030.0,294,9,279.68,2178.77,Beauty,38,Low,46
106717,28,Female,55907.0,90,12,182.89,2294.86,Electronics,33,Medium,49
106718,46,Female,73887.0,203,8,74.89,614.78,Sports,33,Low,45
106719,43,Male,80944.0,228,13,25.24,284.97,Sports,33,Medium,115
106720,33,Male,15813.0,68,11,108.79,1098.47,Beauty,34,Medium,37
106721,52,Female,33235.0,131,17,37.57,567.53,Sports,28,Medium,118
106722,37,Female,15000.0,111,10,133.98,1499.21,Electronics,31,Medium,27
106723,63,Female,77459.0,12,10,72.61,686.84,Fashion,29,Medium,30
106724,20,Male,64089.0,288,9,133.38,1155.27,Beauty,36,Medium,25
106725,18,Female,88380.0,175,12,131.78,1685.66,Home,29,Medium,104
106726,64,Male,60583.0,319,7,97.36,633.96,Home,41,Medium,92
106727,18,Male,104820.0,154,11,202.79,2121.66,Groceries,39,Medium,81
106728,34,Female,41139.0,43,9,141.36,1423.84,Groceries,36,High,26
106729,19,Female,52657.0,363,8,270.17,2416.0,Fashion,34,High,71
106730,46,Male,68257.0,205,10,41.3,430.28,Sports,28,Medium,47
106731,37,Male,45745.0,172,10,134.97,1381.54,Sports,24,Medium,39
106732,23,Female,68343.0,294,11,237.27,2276.95,Fashion,35,Medium,84
106733,25,Female,57787.0,285,15,158.47,2351.55,Home,31,Medium,107
106734,46,Female,56622.0,311,14,290.5,3699.93,Sports,38,High,8
106735,65,Male,57494.0,52,7,68.95,527.01,Home,37,Low,119
106736,68,Male,74108.0,115,16,108.49,1824.67,Electronics,33,Medium,28
106737,50,Female,53142.0,19,7,52.52,349.65,Beauty,31,Low,15
106738,20,Male,37601.0,35,7,89.08,632.31,Groceries,34,Medium,81
106739,52,Male,61343.0,48,14,208.31,2824.27,Sports,27,Low,91
106740,22,Female,47322.0,233,11,156.34,1476.52,Groceries,36,Medium,26
106741,44,Male,40016.0,219,9,65.38,654.5,Fashion,40,Low,53
106742,61,Female,25380.0,110,11,152.91,1949.95,Beauty,45,Low,106
106743,29,Female,78623.0,254,15,257.27,4523.34,Electronics,30,Medium,15
106744,37,Male,73250.0,188,12,143.15,1916.51,Sports,38,High,55
106745,62,Male,88148.0,31,12,23.7,320.99,Sports,31,Medium,13
106746,37,Female,60056.0,259,8,35.38,232.74,Home,38,Low,119
106747,26,Male,81571.0,163,8,142.67,1270.06,Groceries,36,Low,20
106748,56,Female,41127.0,344,8,186.11,1371.8,Electronics,25,High,81
106749,21,Male,21838.0,308,8,268.23,1834.97,Beauty,32,Low,89
106750,68,Male,44967.0,71,8,294.95,2380.27,Home,27,Medium,111
106751,36,Male,55881.0,307,14,294.51,4239.23,Beauty,34,High,85
106752,55,Female,67209.0,56,10,176.21,1751.39,Electronics,33,Low,8
106753,44,Male,85617.0,99,9,30.0,286.5,Electronics,38,Low,17
106754,62,Female,66442.0,21,6,79.77,519.63,Fashion,40,Low,100
106755,60,Female,105148.0,108,8,141.61,968.44,Fashion,38,Medium,34
106756,30,Female,62396.0,53,11,266.31,3066.42,Home,27,High,108
106757,30,Male,62015.0,6,9,26.04,192.59,Home,36,Low,48
106758,39,Female,66764.0,231,11,162.62,1752.16,Beauty,34,Low,10
106759,45,Female,67579.0,82,13,202.97,2216.48,Home,35,Low,95
106760,69,Male,67292.0,217,11,100.7,1085.38,Electronics,40,Low,78
106761,64,Female,35355.0,335,9,108.39,848.87,Sports,33,Low,75
106762,62,Female,77044.0,47,15,128.76,2112.51,Fashion,34,Medium,75
106763,39,Male,110114.0,352,10,96.89,1123.76,Beauty,39,Medium,29
106764,60,Female,42340.0,362,9,142.41,1112.27,Beauty,30,Medium,16
106765,36,Male,59175.0,241,8,64.27,562.83,Beauty,37,Medium,101
106766,25,Female,32544.0,178,9,75.81,585.72,Sports,35,Low,19
106767,69,Female,75038.0,82,10,30.4,295.94,Groceries,41,Low,86
106768,25,Male,75019.0,287,13,135.17,1845.45,Fashion,40,Low,24
106769,59,Female,29919.0,192,12,218.05,2656.09,Beauty,36,Medium,43
106770,43,Female,33751.0,143,13,161.72,1729.95,Groceries,22,Medium,56
106771,65,Female,18367.0,314,14,168.58,2230.45,Groceries,42,Medium,108
106772,68,Male,91408.0,279,8,145.98,1153.9,Home,35,High,104
106773,43,Male,43226.0,41,16,183.76,2812.44,Beauty,32,Medium,39
106774,40,Male,57316.0,271,9,84.31,809.02,Electronics,43,Low,9
106775,60,Male,52667.0,87,8,78.1,721.81,Sports,36,Medium,93
106776,30,Male,79769.0,3,16,283.75,4844.47,Beauty,38,Medium,48
106777,45,Female,73204.0,211,10,146.11,1513.68,Groceries,37,Low,33
106778,26,Male,72136.0,1,11,251.61,2379.2,Beauty,44,Medium,42
106779,37,Male,43759.0,75,12,276.71,3119.76,Home,42,Low,91
106780,36,Male,73625.0,231,6,192.17,1175.29,Electronics,33,High,92
106781,65,Female,78569.0,76,7,103.66,851.6,Fashion,33,Low,34
106782,56,Female,73034.0,260,8,210.34,1551.32,Groceries,37,Medium,45
106783,68,Male,34219.0,25,6,140.66,789.26,Beauty,49,Medium,36
106784,29,Female,37405.0,200,12,292.46,3635.24,Home,43,Medium,32
106785,32,Female,94742.0,94,9,247.16,2580.08,Beauty,31,High,82
106786,48,Female,98879.0,352,16,248.18,4039.5,Beauty,27,High,26
106787,31,Female,58600.0,108,16,184.83,2572.14,Beauty,36,Low,80
106788,28,Male,58575.0,355,8,22.36,148.5,Beauty,34,Medium,96
106789,43,Male,63148.0,95,16,252.91,4676.19,Home,38,Medium,33
106790,59,Female,71580.0,356,8,27.1,231.54,Home,36,Medium,88
106791,44,Female,31150.0,91,8,54.26,385.55,Fashion,36,Low,43
106792,28,Female,64608.0,44,9,254.83,2499.42,Electronics,36,Low,6
106793,55,Female,39385.0,23,11,81.26,972.37,Sports,35,Low,52
106794,51,Male,59595.0,190,9,255.52,2550.0,Sports,31,Medium,60
106795,60,Female,42323.0,23,12,86.18,1196.39,Groceries,37,Medium,78
106796,36,Male,47034.0,234,6,235.8,1217.88,Electronics,34,High,84
106797,23,Female,63632.0,186,12,171.81,2438.39,Groceries,46,High,90
106798,63,Male,47654.0,311,10,207.88,2493.33,Sports,30,Medium,78
106799,69,Female,38023.0,333,19,254.66,3898.87,Fashion,32,Medium,104
106800,55,Male,89070.0,63,10,295.53,2472.17,Beauty,37,Medium,112
106801,66,Male,38309.0,103,10,43.99,428.28,Electronics,38,Medium,59
106802,59,Male,15000.0,316,7,211.91,1207.12,Electronics,44,Medium,44
106803,45,Female,71375.0,189,11,288.44,3470.96,Groceries,45,Medium,111
106804,18,Male,54206.0,336,11,124.66,1453.94,Groceries,33,High,24
106805,52,Female,59413.0,189,7,113.45,881.78,Fashion,25,Medium,71
106806,57,Male,63164.0,351,15,210.39,3785.02,Electronics,31,Low,67
106807,25,Male,85413.0,69,12,132.55,1866.36,Sports,43,Medium,40
106808,69,Female,97276.0,114,8,80.05,589.13,Sports,31,Low,90
106809,64,Male,65069.0,104,12,65.21,750.11,Home,37,Low,20
106810,24,Female,36485.0,108,4,73.94,328.41,Sports,40,Medium,25
106811,28,Female,62919.0,345,12,217.21,2489.91,Beauty,35,Low,94
106812,56,Female,71784.0,21,7,277.23,2094.8,Beauty,38,High,110
106813,21,Female,80073.0,266,11,245.68,3155.01,Home,33,Low,32
106814,42,Male,62746.0,343,9,145.5,1260.2,Home,21,High,71
106815,29,Male,48789.0,209,7,168.01,1204.54,Groceries,34,High,52
106816,43,Female,41864.0,170,13,193.65,2861.29,Sports,32,Low,85
106817,55,Male,57669.0,194,8,182.39,1446.09,Home,36,Low,21
106818,63,Male,29980.0,347,13,291.17,3465.94,Sports,32,Medium,49
106819,29,Female,67888.0,123,7,268.27,1696.24,Sports,32,Low,23
106820,60,Male,63546.0,177,15,32.19,400.16,Sports,36,Low,64
106821,68,Female,63447.0,4,2,254.01,473.55,Fashion,43,Medium,12
106822,54,Male,74353.0,188,10,51.94,558.01,Home,31,Medium,68
106823,63,Male,89019.0,346,10,213.26,1756.27,Beauty,28,Medium,83
106824,41,Female,58591.0,352,16,99.98,1455.26,Sports,32,Medium,5
106825,33,Male,61539.0,29,9,236.55,1798.2,Groceries,40,Medium,65
106826,30,Male,52607.0,86,13,22.41,280.2,Fashion,32,High,95
106827,42,Female,71030.0,47,12,127.04,1276.53,Home,33,Medium,64
106828,69,Male,59848.0,77,13,26.03,371.69,Electronics,34,Low,43
106829,21,Female,83101.0,343,13,286.99,4369.63,Home,39,Medium,48
106830,28,Male,82681.0,191,12,24.3,255.71,Fashion,34,Medium,2
106831,49,Female,66322.0,31,11,63.48,628.61,Groceries,38,Low,66
106832,66,Female,58408.0,307,13,171.0,1920.81,Fashion,31,Low,75
106833,24,Female,54535.0,169,12,200.92,2109.59,Sports,38,Low,73
106834,63,Female,69607.0,36,8,224.12,1657.82,Beauty,39,Medium,67
106835,28,Female,69661.0,245,10,89.13,813.28,Beauty,39,Medium,33
106836,45,Male,54527.0,351,14,104.28,1392.86,Fashion,37,Low,23
106837,58,Male,65769.0,188,9,87.17,792.36,Electronics,29,Low,108
106838,40,Female,44516.0,15,8,88.34,771.04,Electronics,36,Medium,82
106839,62,Male,69019.0,334,12,238.9,3307.7,Sports,55,High,62
106840,40,Female,46196.0,216,5,285.44,1404.01,Sports,33,Medium,74
106841,67,Male,75441.0,158,12,186.82,2608.58,Electronics,33,High,59
106842,45,Male,53666.0,155,10,64.08,686.88,Beauty,38,Medium,95
106843,60,Female,93477.0,241,19,38.32,794.75,Groceries,42,Medium,80
106844,64,Female,60782.0,296,12,86.97,1052.93,Beauty,28,Medium,112
106845,43,Male,64759.0,45,10,69.78,704.28,Beauty,34,High,109
106846,42,Male,32027.0,175,7,181.99,1290.22,Fashion,37,Medium,27
106847,46,Female,88131.0,346,14,215.42,3006.2,Electronics,28,Medium,68
106848,36,Male,59241.0,56,12,21.29,251.28,Sports,33,High,43
106849,50,Male,94790.0,54,9,143.09,1429.24,Sports,34,Low,54
106850,53,Female,60965.0,341,10,194.43,1856.95,Groceries,28,High,65
106851,31,Male,55717.0,265,7,74.01,457.3,Home,34,Medium,46
106852,31,Female,49771.0,239,16,272.27,3721.29,Sports,34,Medium,12
106853,52,Female,72844.0,321,10,173.72,2000.96,Groceries,28,High,55
106854,47,Female,70415.0,108,16,116.71,2138.41,Electronics,31,Medium,110
106855,45,Male,33319.0,198,15,25.23,339.64,Home,31,Medium,58
106856,34,Male,48622.0,214,8,155.61,1054.76,Electronics,37,Medium,104
106857,20,Female,74450.0,246,12,114.06,1620.82,Groceries,37,Medium,9
106858,33,Female,47110.0,38,9,291.47,2604.36,Electronics,36,Low,107
106859,63,Male,43659.0,173,10,126.05,1055.48,Fashion,29,Medium,93
106860,47,Male,63925.0,105,8,277.88,1969.89,Groceries,35,Medium,46
106861,69,Male,61743.0,40,10,212.1,2293.87,Home,38,Low,37
106862,46,Female,50720.0,130,12,40.71,406.71,Sports,39,Medium,65
106863,62,Female,95348.0,181,12,281.16,3283.59,Electronics,47,Medium,83
106864,32,Male,57020.0,194,11,67.17,717.47,Groceries,43,Low,77
106865,63,Male,34700.0,331,12,145.45,1875.03,Electronics,30,Medium,110
106866,42,Male,27622.0,289,14,278.44,3429.45,Beauty,39,Medium,64
106867,68,Female,80450.0,341,15,251.98,4511.1,Groceries,35,Medium,73
106868,55,Female,38052.0,59,10,156.52,1349.38,Beauty,38,Low,22
106869,59,Male,60609.0,351,14,77.94,1134.09,Groceries,37,Low,117
106870,64,Male,42520.0,26,7,162.59,1059.87,Beauty,36,Low,25
106871,69,Female,57958.0,103,7,173.34,1035.2,Home,31,Medium,9
106872,55,Female,66960.0,21,15,299.14,4556.89,Electronics,40,High,35
106873,40,Male,32689.0,80,10,250.73,2175.85,Electronics,38,Low,53
106874,42,Male,50886.0,327,9,261.17,2519.63,Groceries,30,Medium,46
106875,59,Male,46528.0,199,11,296.13,2648.2,Fashion,31,Low,46
106876,24,Female,40693.0,322,11,166.53,1839.45,Sports,33,Medium,63
106877,39,Male,52487.0,37,8,183.86,1305.54,Sports,48,Low,57
106878,34,Female,47524.0,14,9,147.24,1563.69,Fashion,44,High,106
106879,35,Female,77460.0,221,19,55.13,1135.68,Home,32,Low,73
106880,66,Male,45684.0,364,7,167.07,1288.91,Beauty,29,Medium,7
106881,58,Male,69016.0,166,7,183.12,1387.13,Fashion,31,High,81
106882,27,Female,68317.0,173,12,86.44,1106.11,Beauty,26,Low,76
106883,27,Male,29978.0,150,13,239.19,2659.28,Fashion,42,Low,73
106884,24,Female,49886.0,172,9,54.86,591.98,Home,31,Low,6
106885,65,Male,57799.0,81,11,160.56,1877.34,Groceries,39,Medium,88
106886,67,Male,65308.0,336,11,205.56,2620.58,Beauty,31,Low,19
106887,55,Male,55273.0,225,9,35.38,318.9,Electronics,42,Medium,55
106888,44,Male,80838.0,359,9,245.13,2017.3,Beauty,37,Medium,64
106889,69,Female,62095.0,35,9,105.16,922.68,Beauty,34,Low,81
106890,50,Female,68910.0,358,9,220.97,1908.51,Sports,34,Medium,78
106891,18,Female,48157.0,188,10,50.3,405.61,Beauty,34,High,65
106892,61,Male,69202.0,224,15,193.68,3108.49,Sports,40,Low,111
106893,51,Female,98728.0,131,10,176.02,1927.52,Sports,36,High,56
106894,21,Female,70532.0,351,8,62.0,404.92,Fashion,43,Medium,82
106895,34,Female,82060.0,311,18,194.93,3152.17,Groceries,34,High,94
106896,21,Male,54169.0,9,15,213.57,3414.26,Groceries,31,Medium,113
106897,60,Female,78485.0,69,8,159.58,1185.69,Beauty,32,High,88
106898,43,Male,80231.0,28,9,182.0,1922.26,Fashion,28,High,80
106899,21,Male,64909.0,234,12,268.48,2722.51,Home,32,Low,105
106900,18,Female,58505.0,31,10,215.36,2522.37,Home,28,Medium,18
106901,24,Male,30098.0,315,7,273.67,2232.9,Groceries,40,High,11
106902,47,Female,59352.0,232,15,174.66,3097.52,Fashion,31,Low,115
106903,67,Female,71304.0,338,11,68.96,630.28,Beauty,34,Low,101
106904,26,Female,44695.0,54,13,88.96,1051.19,Sports,24,Medium,64
106905,52,Female,34598.0,175,9,69.39,562.39,Electronics,38,High,34
106906,25,Female,62039.0,298,15,113.87,1971.29,Groceries,36,High,38
106907,41,Male,64613.0,279,13,153.71,2243.75,Sports,33,Medium,66
106908,36,Female,33053.0,86,13,91.66,1029.0,Groceries,34,Low,36
106909,53,Male,60815.0,65,9,153.18,1180.91,Electronics,38,Medium,27
106910,67,Female,65799.0,89,15,122.02,1811.36,Beauty,48,Medium,8
106911,69,Female,86426.0,54,11,175.5,1678.25,Home,34,Medium,80
106912,60,Female,50470.0,118,11,139.98,1524.94,Groceries,44,Low,79
106913,44,Male,101728.0,361,13,141.55,2093.87,Beauty,33,Medium,1
106914,49,Male,61078.0,229,6,157.37,944.19,Fashion,28,Medium,90
106915,31,Male,35961.0,267,11,296.61,3555.63,Home,30,Medium,95
106916,35,Male,53396.0,319,7,175.83,1107.76,Home,33,High,100
106917,45,Female,37743.0,22,11,222.53,2218.51,Sports,32,Low,67
106918,46,Female,56655.0,247,12,136.69,1701.81,Fashion,36,Low,65
106919,33,Male,69369.0,314,15,111.24,1903.83,Beauty,34,Medium,4
106920,52,Male,65364.0,20,9,276.64,2520.74,Groceries,33,Medium,10
106921,64,Male,37397.0,184,9,227.86,1803.24,Groceries,27,Medium,97
106922,48,Female,34910.0,349,8,183.08,1299.33,Fashion,41,Medium,71
106923,21,Male,68388.0,50,11,114.2,1315.0,Home,32,Low,79
106924,54,Male,72882.0,90,5,92.2,387.87,Groceries,31,Medium,73
106925,34,Female,50221.0,104,16,90.58,1197.38,Groceries,39,Medium,112
106926,56,Male,15000.0,194,10,161.04,1354.54,Groceries,39,Medium,69
106927,65,Female,36832.0,74,16,264.95,4056.65,Electronics,37,Medium,116
106928,63,Female,79726.0,269,7,266.69,1758.08,Fashion,36,Low,33
106929,43,Female,45229.0,15,12,228.6,2196.92,Electronics,28,Medium,42
106930,65,Female,53055.0,329,6,171.9,891.82,Electronics,30,Low,113
106931,56,Female,71067.0,283,6,85.77,483.23,Sports,29,Medium,29
106932,58,Male,53875.0,198,9,154.08,1347.87,Groceries,39,High,119
106933,21,Male,87948.0,344,11,214.52,2267.5,Electronics,32,Low,63
106934,47,Female,52531.0,195,10,186.6,1731.36,Fashion,41,Medium,25
106935,47,Female,42787.0,36,14,163.93,2581.37,Sports,41,Low,19
106936,39,Male,83645.0,205,15,139.9,2028.01,Sports,41,High,81
106937,28,Male,60956.0,308,7,230.7,1708.22,Beauty,24,Medium,29
106938,19,Female,38432.0,139,8,255.83,2318.84,Home,32,Medium,85
106939,61,Male,69436.0,264,15,222.42,3808.35,Home,35,Medium,79
106940,29,Male,54113.0,57,10,282.62,3229.8,Sports,33,High,90
106941,47,Female,37083.0,110,7,238.36,1664.95,Fashion,33,Medium,3
106942,53,Male,61902.0,174,11,146.17,1711.62,Electronics,31,Medium,106
106943,35,Male,56838.0,206,21,192.69,3746.52,Home,36,High,110
106944,43,Male,26252.0,225,11,161.22,2030.1,Electronics,36,High,30
106945,24,Male,38814.0,64,9,172.97,1378.21,Fashion,35,High,81
106946,18,Female,97307.0,252,7,270.8,2113.75,Electronics,36,Low,113
106947,43,Male,61626.0,267,15,104.24,1544.7,Sports,32,Medium,6
106948,40,Female,86933.0,352,8,23.67,174.12,Home,44,Medium,77
106949,43,Male,66176.0,332,22,214.78,4497.71,Fashion,38,High,71
106950,62,Female,84743.0,320,8,70.68,585.4,Sports,39,Low,41
106951,23,Female,71115.0,357,11,63.19,814.64,Fashion,39,Low,80
106952,23,Male,41073.0,93,9,297.89,2249.41,Beauty,39,Medium,5
106953,61,Female,72137.0,183,11,94.7,1216.49,Home,31,Medium,81
106954,25,Female,40944.0,300,12,77.05,1041.36,Electronics,35,Low,65
106955,41,Female,78587.0,214,11,73.48,836.51,Fashion,40,Medium,73
106956,39,Female,64354.0,142,8,135.46,923.45,Home,34,Medium,114
106957,36,Female,60375.0,83,8,134.64,1211.74,Beauty,37,Low,50
106958,54,Male,51229.0,99,10,197.1,2121.29,Beauty,26,Low,77
106959,35,Female,75969.0,281,8,49.02,391.74,Sports,38,High,92
106960,48,Female,56847.0,102,9,197.92,2056.22,Home,35,Medium,105
106961,54,Male,21802.0,329,7,147.02,1096.84,Electronics,29,Low,21
106962,47,Male,25715.0,71,11,78.14,786.87,Home,33,Medium,71
106963,59,Female,34615.0,338,9,237.9,1750.24,Sports,35,Medium,69
106964,50,Male,75684.0,266,9,152.74,1517.26,Sports,27,Medium,56
106965,27,Male,77205.0,130,10,220.78,1991.85,Fashion,42,Low,72
106966,54,Male,66500.0,60,12,277.76,3040.5,Sports,32,Low,23
106967,29,Male,66288.0,301,15,118.95,1748.36,Groceries,36,High,33
106968,47,Male,88923.0,119,13,271.41,3881.12,Sports,37,Medium,65
106969,44,Male,66857.0,263,5,76.1,445.08,Electronics,35,Medium,94
106970,56,Female,72762.0,328,13,82.2,947.32,Sports,35,Medium,24
106971,26,Female,59785.0,21,12,205.84,2847.52,Fashion,36,Medium,87
106972,38,Male,50779.0,97,16,48.74,812.4,Sports,36,High,21
106973,29,Male,54395.0,303,7,147.34,1178.07,Home,37,Medium,77
106974,46,Female,101015.0,1,4,79.87,363.98,Beauty,34,Medium,114
106975,50,Male,38266.0,203,10,179.84,1720.99,Beauty,30,Low,98
106976,60,Female,66286.0,128,16,245.91,4214.91,Home,38,Medium,41
106977,32,Male,29692.0,350,13,31.88,488.48,Home,36,Medium,87
106978,19,Female,47790.0,132,7,135.73,1015.62,Groceries,29,Medium,102
106979,69,Female,75477.0,34,9,224.59,1987.48,Fashion,42,High,85
106980,56,Male,23801.0,87,12,115.83,1318.77,Home,34,High,115
106981,61,Male,78095.0,32,7,31.68,190.12,Home,40,High,22
106982,35,Male,100951.0,259,7,185.59,1558.33,Beauty,33,Medium,111
106983,20,Male,67303.0,324,14,53.65,798.51,Home,45,Medium,105
106984,24,Female,85238.0,313,11,123.58,1237.88,Beauty,39,Medium,46
106985,60,Male,64961.0,33,13,297.35,3207.55,Beauty,38,Medium,105
106986,35,Female,74222.0,286,8,131.45,1158.41,Fashion,37,Low,29
106987,61,Male,69075.0,326,11,256.0,3215.95,Beauty,41,High,53
106988,55,Female,49799.0,49,12,260.75,3038.63,Home,36,High,23
106989,54,Male,48006.0,286,11,93.59,1217.3,Groceries,25,Medium,22
106990,50,Male,83629.0,82,10,186.74,1739.28,Home,29,Medium,98
106991,61,Female,59156.0,144,13,285.29,4088.64,Electronics,31,Medium,8
106992,48,Male,57165.0,280,7,189.77,1202.45,Groceries,46,High,111
106993,28,Male,56750.0,92,14,247.71,3240.36,Electronics,35,Medium,88
106994,21,Male,66128.0,224,7,149.52,1090.76,Home,42,Low,44
106995,35,Male,36290.0,217,11,221.41,1984.13,Home,31,Medium,9
106996,21,Male,56357.0,156,4,26.12,92.39,Fashion,32,Medium,31
106997,66,Female,66211.0,277,12,240.49,2512.27,Beauty,40,Medium,11
106998,51,Male,34418.0,8,12,208.12,2325.6,Electronics,31,Medium,49
106999,46,Female,64185.0,36,8,120.48,1070.81,Electronics,22,Medium,110
107000,41,Male,42047.0,124,15,136.76,2385.86,Sports,35,High,102
107001,39,Male,66249.0,9,10,111.45,897.25,Sports,34,Medium,95
107002,19,Female,103170.0,40,7,166.8,1054.22,Sports,45,Medium,52
107003,61,Female,57583.0,179,13,50.43,531.13,Sports,41,Low,54
107004,23,Female,38427.0,129,10,256.58,2936.55,Electronics,25,Low,67
107005,59,Female,64742.0,68,10,153.86,1353.19,Fashion,41,Low,25
107006,42,Female,69484.0,154,11,32.07,390.97,Sports,37,High,77
107007,38,Male,41262.0,3,10,174.83,1421.93,Electronics,28,Medium,80
107008,33,Female,25630.0,364,10,280.54,2691.37,Fashion,40,High,44
107009,48,Female,41323.0,265,9,44.49,377.77,Fashion,33,Medium,22
107010,31,Male,59033.0,4,11,54.49,558.47,Sports,25,Medium,13
107011,56,Male,50894.0,262,13,128.41,1716.19,Electronics,35,Medium,118
107012,45,Female,81550.0,329,10,225.97,2161.46,Groceries,27,Medium,19
107013,49,Female,70342.0,282,9,189.29,1637.67,Electronics,24,Low,58
107014,45,Female,62040.0,85,11,148.23,1427.82,Fashion,41,Low,61
107015,68,Male,25101.0,342,12,297.97,3453.36,Home,33,High,92
107016,66,Female,72608.0,35,16,72.02,1263.45,Sports,36,High,21
107017,26,Male,99584.0,114,16,250.09,3718.28,Fashion,30,Low,26
107018,62,Male,77246.0,59,12,54.67,749.74,Groceries,38,Medium,41
107019,39,Male,46846.0,38,14,70.29,852.64,Groceries,35,Medium,42
107020,49,Male,57273.0,33,15,102.72,1754.44,Groceries,39,Medium,51
107021,22,Female,69182.0,203,6,264.47,1660.3,Groceries,42,Medium,81
107022,40,Male,87733.0,202,14,144.38,1959.69,Beauty,33,Medium,61
107023,22,Male,45885.0,100,12,130.82,1278.0,Electronics,29,High,118
107024,59,Female,50690.0,301,9,157.4,1205.0,Fashion,41,Low,7
107025,49,Male,59137.0,304,11,196.65,2088.96,Groceries,37,Low,90
107026,27,Female,57386.0,118,7,138.58,1116.71,Fashion,38,Medium,57
107027,56,Male,75847.0,243,11,289.51,3766.54,Fashion,37,Low,58
107028,32,Female,65246.0,29,11,57.9,746.36,Home,37,Low,24
107029,24,Male,32056.0,227,13,153.19,1811.51,Electronics,42,High,17
107030,46,Male,46864.0,340,14,136.32,1722.62,Home,35,Medium,58
107031,64,Female,47440.0,213,9,213.96,2110.13,Sports,25,Low,64
107032,20,Male,15702.0,187,9,289.66,3066.34,Sports,38,Medium,14
107033,36,Male,78593.0,113,16,100.76,1375.72,Beauty,36,Medium,4
107034,27,Female,62649.0,299,7,287.49,1913.89,Sports,33,Low,80
107035,45,Male,49186.0,161,21,251.76,5998.37,Home,37,Medium,20
107036,46,Male,78052.0,19,9,246.93,2215.25,Fashion,38,High,33
107037,32,Female,66027.0,264,13,40.46,598.01,Beauty,37,Low,102
107038,52,Female,34278.0,159,11,283.36,2639.13,Sports,34,Low,49
107039,23,Female,72192.0,11,12,254.9,3397.75,Beauty,26,High,18
107040,29,Female,87459.0,8,10,211.68,2023.33,Sports,36,High,28
107041,64,Female,57202.0,153,15,55.8,901.63,Home,30,High,82
107042,55,Male,58659.0,113,14,137.61,1767.14,Fashion,40,High,53
107043,30,Female,62155.0,148,7,255.26,1923.98,Sports,44,Medium,12
107044,46,Male,35642.0,38,11,142.51,1694.34,Electronics,36,Medium,101
107045,36,Female,62828.0,135,11,142.21,1513.84,Sports,37,Medium,113
107046,20,Male,42170.0,235,11,95.64,1249.48,Home,39,Low,84
107047,25,Male,59869.0,255,10,34.33,274.71,Home,42,Medium,69
107048,25,Female,63318.0,74,12,163.64,2100.52,Electronics,31,Medium,106
107049,37,Male,70616.0,328,10,236.85,2755.72,Fashion,42,High,58
107050,64,Male,71351.0,362,12,60.9,835.3,Electronics,40,Medium,36
107051,21,Female,41446.0,276,8,270.26,2218.05,Beauty,51,High,63
107052,68,Female,63752.0,209,13,175.48,2642.36,Sports,29,High,64
107053,38,Female,79122.0,267,10,247.44,2086.35,Home,31,Medium,11
107054,20,Female,36932.0,144,10,206.77,2103.66,Fashion,31,Low,115
107055,62,Male,94902.0,42,14,57.78,964.66,Sports,32,High,41
107056,25,Male,40552.0,224,7,273.85,2293.87,Electronics,42,High,32
107057,40,Male,92549.0,346,7,221.08,1658.46,Beauty,28,Medium,1
107058,33,Male,40903.0,52,13,29.96,337.7,Sports,36,Medium,22
107059,30,Male,58876.0,308,13,182.41,2004.18,Electronics,42,Medium,22
107060,20,Male,56142.0,137,12,154.44,2166.44,Groceries,42,Medium,54
107061,65,Female,32664.0,195,9,260.56,2702.1,Groceries,36,Medium,77
107062,26,Male,73964.0,95,14,54.38,705.1,Home,32,Medium,47
107063,31,Male,74991.0,258,15,185.44,3261.77,Fashion,27,High,69
107064,30,Male,72395.0,25,11,106.88,1001.93,Home,34,Low,31
107065,24,Female,55030.0,232,11,88.77,896.2,Sports,33,Medium,80
107066,32,Female,45965.0,332,14,26.31,389.58,Beauty,30,Medium,30
107067,24,Female,81983.0,94,10,113.02,981.32,Groceries,28,High,90
107068,55,Female,64269.0,350,11,130.91,1721.71,Home,39,Medium,83
107069,51,Male,44874.0,221,7,145.38,904.73,Electronics,31,Medium,9
107070,58,Male,64291.0,297,11,225.72,2229.98,Fashion,33,Medium,54
107071,39,Male,26506.0,203,6,132.99,789.83,Groceries,32,Low,83
107072,41,Female,62156.0,343,10,74.67,829.88,Fashion,43,Medium,69
107073,66,Male,73115.0,81,6,131.48,669.13,Fashion,40,High,10
107074,54,Male,56412.0,205,13,39.48,547.62,Groceries,42,Medium,97
107075,61,Male,74218.0,77,9,292.18,2208.22,Electronics,31,Medium,89
107076,18,Female,76264.0,38,12,38.55,387.61,Beauty,33,Medium,8
107077,27,Female,65506.0,195,12,76.53,749.89,Electronics,31,Medium,56
107078,60,Female,95361.0,42,16,139.85,2277.54,Electronics,37,Medium,26
107079,33,Male,87079.0,182,6,281.35,1644.86,Fashion,43,High,32
107080,63,Male,72547.0,245,11,70.05,711.17,Electronics,37,Medium,87
107081,25,Male,67103.0,195,9,131.94,1200.34,Sports,38,Low,12
107082,66,Male,54873.0,78,9,297.01,2675.07,Beauty,37,Low,38
107083,42,Female,47057.0,320,8,188.57,1492.8,Sports,31,Medium,32
107084,67,Male,75950.0,125,18,192.08,3004.45,Electronics,41,Low,96
107085,29,Female,56017.0,141,9,292.76,3053.2,Electronics,42,Medium,26
107086,42,Male,39718.0,27,16,161.71,2711.58,Groceries,36,Medium,2
107087,34,Female,43957.0,315,9,20.72,158.68,Groceries,34,High,94
107088,43,Male,46596.0,321,11,28.67,284.52,Home,37,Low,39
107089,63,Male,95071.0,281,16,210.79,3729.58,Fashion,41,Medium,99
107090,65,Female,76957.0,293,9,79.22,791.81,Fashion,38,Low,5
107091,31,Female,60686.0,242,11,153.97,1846.6,Groceries,29,Medium,84
107092,58,Male,68279.0,236,10,174.38,1946.41,Sports,30,Medium,60
107093,53,Male,70601.0,203,13,206.86,2794.81,Home,36,High,81
107094,40,Male,42628.0,327,14,43.45,556.9,Groceries,30,High,23
107095,60,Female,36649.0,142,11,232.81,2415.11,Beauty,33,High,97
107096,23,Male,81031.0,94,6,277.65,1672.32,Beauty,33,Low,116
107097,64,Female,33006.0,152,13,91.61,1069.94,Home,37,Medium,60
107098,22,Male,59651.0,253,9,126.52,1299.6,Fashion,45,Low,40
107099,60,Male,45565.0,67,14,228.27,3511.47,Beauty,35,Low,110
107100,42,Male,64420.0,176,6,89.56,640.53,Fashion,40,Medium,109
107101,35,Male,54939.0,103,9,171.83,1494.05,Beauty,30,High,76
107102,30,Female,70680.0,91,8,204.79,1881.29,Fashion,39,Low,57
107103,60,Female,15000.0,193,8,266.2,2367.37,Sports,34,High,59
107104,31,Male,82413.0,166,12,116.7,1586.34,Groceries,31,Low,28
107105,45,Male,74708.0,90,21,157.94,3566.36,Beauty,34,Low,5
107106,35,Male,80231.0,326,11,71.69,740.97,Beauty,29,Medium,86
107107,45,Female,77928.0,315,9,106.13,857.33,Beauty,50,High,2
107108,68,Male,66276.0,268,12,46.58,508.05,Home,30,Medium,41
107109,44,Female,47173.0,51,15,75.34,1160.38,Groceries,35,Medium,66
107110,49,Female,68769.0,166,7,116.94,942.89,Fashion,32,Medium,33
107111,64,Female,65791.0,174,8,138.8,1087.78,Fashion,31,Medium,69
107112,26,Female,77531.0,227,6,217.93,1359.28,Groceries,38,High,88
107113,57,Male,72433.0,266,15,148.37,2433.68,Electronics,31,Medium,83
107114,49,Male,61885.0,9,11,33.73,423.76,Electronics,42,Medium,38
107115,37,Female,68663.0,87,8,231.61,1962.93,Groceries,39,Low,29
107116,45,Male,70435.0,94,11,169.18,1957.23,Fashion,34,Low,105
107117,50,Male,81767.0,52,9,283.03,3044.08,Beauty,28,Medium,108
107118,21,Male,94718.0,179,13,197.87,2945.21,Home,31,Medium,72
107119,63,Female,71942.0,278,7,169.5,1297.28,Electronics,47,High,102
107120,51,Male,70527.0,239,12,102.44,1392.5,Beauty,28,Medium,50
107121,65,Male,55540.0,73,11,86.21,1137.93,Beauty,42,Medium,68
107122,20,Male,53134.0,339,12,84.41,1015.24,Beauty,35,Medium,71
107123,43,Male,45484.0,72,9,133.99,1305.05,Groceries,36,Low,89
107124,25,Male,15000.0,68,13,67.98,994.53,Sports,32,Medium,58
107125,23,Male,43216.0,5,15,256.38,3759.85,Groceries,37,Low,2
107126,33,Male,56545.0,339,16,245.46,4642.04,Fashion,35,Medium,7
107127,41,Male,53875.0,238,9,224.08,1921.71,Groceries,33,Low,110
107128,65,Male,69132.0,121,11,33.65,332.11,Electronics,26,Medium,72
107129,56,Male,43920.0,211,15,40.13,644.59,Electronics,27,Medium,63
107130,47,Female,44800.0,262,9,198.2,1484.66,Beauty,34,Medium,47
107131,62,Male,17726.0,325,7,229.71,1367.83,Groceries,32,Medium,29
107132,30,Female,69429.0,58,9,27.48,293.86,Beauty,30,Medium,61
107133,22,Male,42243.0,43,15,101.34,1387.33,Home,35,Medium,103
107134,42,Female,45680.0,197,13,58.16,614.89,Groceries,26,Medium,85
107135,37,Female,71295.0,72,14,84.76,1174.6,Home,29,Medium,85
107136,35,Male,42345.0,91,15,165.15,2841.25,Electronics,36,Low,110
107137,64,Female,67607.0,37,18,50.59,849.91,Sports,35,Medium,89
107138,35,Female,35867.0,314,12,84.35,979.54,Home,28,Medium,31
107139,19,Female,59578.0,237,13,178.17,1998.29,Groceries,38,Medium,91
107140,27,Male,47807.0,293,16,162.27,2436.48,Fashion,39,Medium,33
107141,62,Female,54674.0,154,12,260.13,3702.69,Fashion,40,Low,39
107142,67,Female,90234.0,170,8,62.16,572.31,Groceries,32,Medium,14
107143,64,Male,27214.0,272,17,123.57,2302.23,Electronics,32,Medium,34
107144,29,Female,88448.0,110,11,278.82,3418.15,Electronics,29,Medium,31
107145,64,Female,41624.0,151,10,242.82,2592.68,Electronics,27,Medium,48
107146,30,Female,77382.0,131,11,187.26,1745.07,Groceries,22,Medium,101
107147,67,Male,81346.0,268,11,235.32,2192.42,Fashion,33,High,70
107148,64,Female,68609.0,23,10,145.55,1477.15,Sports,36,Medium,26
107149,28,Male,35631.0,139,12,274.99,3425.87,Fashion,38,High,93
107150,36,Female,65449.0,308,11,187.9,2456.98,Electronics,35,Medium,52
107151,52,Female,111191.0,239,6,214.78,1263.51,Groceries,42,Medium,116
107152,56,Female,60225.0,192,8,202.56,1891.09,Groceries,30,Medium,32
107153,43,Female,57984.0,127,8,208.37,1993.91,Sports,32,High,5
107154,63,Male,56059.0,29,11,199.5,2496.9,Fashion,39,High,52
107155,31,Female,70311.0,121,10,40.65,390.07,Electronics,33,Low,61
107156,62,Male,58256.0,198,12,189.08,2498.98,Sports,30,Medium,19
107157,61,Female,65692.0,174,17,239.35,4142.94,Electronics,28,Low,73
107158,41,Male,54154.0,144,16,20.11,283.0,Fashion,30,Medium,17
107159,58,Female,39275.0,179,12,269.67,2756.72,Sports,33,Low,38
107160,18,Female,106441.0,357,12,286.63,2848.07,Electronics,35,Medium,65
107161,68,Male,58067.0,11,15,55.89,780.15,Home,41,Low,77
107162,60,Male,123968.0,139,11,169.81,2008.95,Groceries,41,High,21
107163,39,Male,68498.0,253,10,50.97,594.08,Fashion,36,Medium,14
107164,40,Male,72000.0,345,5,99.24,460.56,Groceries,30,High,83
107165,36,Female,53814.0,314,13,194.02,2553.56,Electronics,44,Medium,53
107166,35,Male,48141.0,19,12,104.8,1241.91,Sports,45,Low,14
107167,29,Male,54267.0,160,11,122.35,1135.23,Electronics,23,High,110
107168,45,Male,43354.0,306,12,228.92,3033.04,Beauty,31,Low,72
107169,45,Female,41506.0,122,9,181.0,1641.62,Home,31,Medium,63
107170,50,Female,95692.0,72,4,165.05,770.4,Home,52,Medium,104
107171,36,Female,75995.0,55,17,110.77,2135.76,Fashion,35,Low,25
107172,45,Female,89964.0,169,14,217.16,2770.6,Groceries,34,High,116
107173,69,Male,82498.0,99,9,138.71,1154.82,Beauty,29,Low,18
107174,66,Female,47973.0,70,16,271.67,4411.03,Electronics,31,Medium,77
107175,54,Male,29206.0,149,15,188.45,2402.9,Beauty,44,High,88
107176,43,Female,50797.0,117,16,170.73,2459.73,Home,36,High,56
107177,52,Male,61837.0,26,17,244.88,4697.64,Sports,42,Medium,9
107178,51,Male,82887.0,248,14,155.92,1879.9,Electronics,32,Medium,90
107179,52,Male,58908.0,209,15,98.2,1500.25,Fashion,34,Medium,23
107180,57,Male,119327.0,227,10,63.43,607.4,Sports,29,Medium,98
107181,33,Male,51346.0,114,8,177.31,1248.79,Groceries,39,Medium,13
107182,55,Female,71821.0,194,18,138.96,2971.29,Fashion,30,Low,104
107183,30,Male,48028.0,321,5,131.27,741.71,Groceries,32,Low,39
107184,40,Male,68126.0,10,12,117.83,1282.0,Groceries,40,Medium,14
107185,39,Male,57489.0,95,13,208.05,3013.29,Home,40,High,61
107186,33,Male,55027.0,121,7,165.32,928.76,Beauty,35,High,93
107187,45,Female,47624.0,126,12,170.43,1863.19,Groceries,37,Medium,102
107188,65,Female,62951.0,37,9,106.27,806.46,Sports,29,High,91
107189,52,Male,76723.0,69,15,191.82,2789.92,Sports,35,Low,86
107190,62,Male,40499.0,297,9,132.98,1262.84,Sports,44,Medium,41
107191,63,Male,59029.0,174,13,235.45,2658.42,Beauty,32,Medium,21
107192,25,Male,69863.0,45,13,168.27,1959.2,Electronics,45,High,62
107193,61,Female,73658.0,123,16,101.05,1547.41,Beauty,34,Low,43
107194,39,Female,97261.0,27,11,61.36,710.27,Home,27,Medium,25
107195,38,Male,71574.0,193,12,215.98,2395.54,Beauty,35,Low,29
107196,43,Male,52000.0,340,8,123.91,1031.53,Home,37,Medium,22
107197,57,Male,48640.0,136,9,38.34,324.25,Sports,27,High,77
107198,38,Male,48395.0,195,9,276.18,2244.87,Electronics,41,Medium,92
107199,42,Male,47280.0,49,14,128.26,2050.66,Beauty,33,High,13
107200,58,Female,64315.0,96,11,228.86,2399.62,Groceries,42,Medium,86
107201,18,Female,68411.0,121,15,148.5,2600.27,Groceries,24,Medium,46
107202,23,Male,76491.0,249,15,269.46,3727.56,Groceries,41,Medium,113
107203,40,Female,73300.0,217,14,28.14,400.72,Home,30,Low,91
107204,68,Female,84922.0,114,13,92.63,989.17,Groceries,27,Low,94
107205,40,Female,46622.0,14,9,172.82,1667.54,Electronics,33,Low,58
107206,60,Male,92730.0,62,13,110.5,1606.28,Electronics,24,Medium,28
107207,60,Female,47407.0,43,15,227.95,4064.0,Beauty,34,Low,111
107208,40,Female,66959.0,240,16,212.76,3862.51,Beauty,33,Medium,41
107209,49,Male,56105.0,96,12,27.15,301.37,Groceries,33,Medium,41
107210,47,Female,59522.0,27,9,188.14,1731.6,Home,39,Medium,20
107211,30,Male,73446.0,324,12,254.05,3160.63,Fashion,23,Low,99
107212,60,Female,31232.0,242,10,108.37,891.58,Sports,31,Low,51
107213,35,Male,43386.0,240,9,59.02,440.38,Groceries,32,High,114
107214,40,Male,74985.0,304,10,226.72,2109.23,Groceries,33,High,8
107215,32,Female,59957.0,67,7,272.12,2091.08,Beauty,38,High,50
107216,50,Female,54868.0,281,17,203.93,3169.4,Sports,40,Low,32
107217,38,Male,37581.0,192,9,256.89,2658.0,Fashion,27,Low,111
107218,56,Male,55008.0,119,12,299.63,3804.09,Beauty,30,Low,43
107219,40,Female,73619.0,152,14,159.83,2209.1,Groceries,24,High,61
107220,44,Female,48731.0,265,15,281.88,4296.8,Groceries,35,High,103
107221,62,Female,87281.0,231,14,116.42,1519.98,Fashion,45,Medium,85
107222,61,Female,81538.0,351,8,228.78,2177.19,Sports,35,Low,86
107223,35,Male,52999.0,249,7,272.41,1659.71,Electronics,40,High,88
107224,41,Male,48113.0,59,11,165.85,2087.35,Groceries,32,Medium,85
107225,68,Male,15000.0,17,13,195.41,2721.35,Groceries,33,High,44
107226,64,Female,38463.0,171,10,291.74,3164.28,Beauty,21,Low,36
107227,57,Female,37233.0,351,16,90.33,1639.42,Home,36,Low,68
107228,68,Male,31381.0,132,13,119.67,1329.34,Fashion,34,High,108
107229,59,Male,59280.0,357,10,236.24,2546.82,Groceries,33,Medium,11
107230,24,Male,66242.0,136,13,115.47,1666.99,Home,37,Medium,8
107231,67,Male,96293.0,42,11,160.22,2104.06,Beauty,34,Low,4
107232,65,Male,61330.0,305,7,34.13,262.57,Beauty,46,Medium,74
107233,37,Male,19329.0,6,9,178.34,1895.1,Electronics,27,Low,12
107234,44,Female,45045.0,329,10,195.5,2228.49,Fashion,40,Medium,97
107235,23,Male,72211.0,170,12,43.13,595.34,Electronics,42,Medium,37
107236,44,Male,58372.0,288,9,88.29,927.13,Home,35,Low,65
107237,26,Male,77137.0,338,13,141.29,1859.66,Beauty,32,Medium,81
107238,62,Male,49725.0,215,8,238.75,2071.22,Sports,33,Medium,14
107239,48,Male,83041.0,69,17,26.06,376.38,Beauty,43,High,98
107240,38,Male,64921.0,27,14,112.78,1488.26,Fashion,46,High,40
107241,43,Male,65430.0,225,16,21.37,393.81,Sports,41,Medium,91
107242,57,Female,62999.0,322,8,165.96,1581.36,Home,36,Medium,24
107243,65,Male,44697.0,234,13,159.66,1753.18,Fashion,28,High,82
107244,62,Female,58856.0,51,12,231.5,2873.71,Groceries,32,Low,63
107245,30,Female,65875.0,149,18,21.1,415.44,Home,34,High,16
107246,66,Female,31987.0,75,11,232.44,2573.29,Beauty,33,High,51
107247,40,Male,61592.0,306,10,269.54,2407.49,Home,30,Medium,16
107248,37,Male,84298.0,92,10,108.88,889.21,Electronics,43,Low,58
107249,54,Male,68676.0,68,15,113.43,2008.73,Sports,33,Low,35
107250,45,Male,87346.0,235,15,20.3,272.45,Beauty,35,Low,68
107251,34,Male,68155.0,362,9,140.15,1159.99,Beauty,42,Low,98
107252,45,Male,42047.0,144,13,191.64,2633.61,Fashion,37,Medium,33
107253,58,Male,75815.0,76,11,54.35,580.78,Beauty,32,Medium,87
107254,19,Male,37179.0,86,15,204.01,2966.47,Fashion,26,Medium,74
107255,42,Male,55831.0,227,10,122.41,1019.73,Groceries,37,Medium,57
107256,67,Male,54480.0,363,11,208.44,2743.96,Fashion,34,High,75
107257,58,Female,46434.0,56,5,90.31,412.61,Groceries,36,Medium,68
107258,23,Male,107579.0,80,12,236.9,2399.34,Fashion,43,Medium,92
107259,28,Male,58547.0,24,5,173.68,931.47,Beauty,40,Medium,12
107260,55,Male,96201.0,227,5,169.29,931.84,Electronics,39,Medium,17
107261,23,Female,66872.0,28,7,156.68,888.53,Beauty,28,Medium,117
107262,62,Male,43582.0,121,10,255.75,2321.44,Home,29,Medium,69
107263,28,Male,51808.0,93,8,175.19,1230.18,Fashion,40,High,96
107264,31,Female,59230.0,341,9,64.69,649.46,Home,32,Low,2
107265,19,Male,53164.0,112,9,195.23,1534.8,Sports,39,Low,77
107266,57,Female,54521.0,345,14,163.94,2052.09,Home,37,High,85
107267,20,Female,71475.0,31,8,39.3,375.62,Sports,31,Low,13
107268,52,Female,67307.0,143,11,182.7,2172.17,Fashion,34,High,32
107269,50,Female,73800.0,298,13,42.23,524.32,Electronics,41,Low,101
107270,41,Male,90534.0,227,10,222.95,2455.89,Electronics,30,High,41
107271,36,Female,50570.0,358,7,203.34,1404.29,Home,39,Medium,20
107272,35,Female,82278.0,250,14,158.11,1959.13,Electronics,41,High,59
107273,66,Male,87872.0,50,10,229.66,2285.55,Sports,32,Medium,1
107274,69,Male,85878.0,214,12,98.61,1312.08,Electronics,35,Low,47
107275,41,Male,24801.0,269,11,145.0,1389.78,Electronics,41,High,47
107276,62,Female,95954.0,288,8,24.28,193.12,Beauty,36,Medium,87
107277,52,Male,47272.0,195,8,296.72,2012.3,Beauty,26,Low,77
107278,18,Female,23187.0,254,5,35.75,203.25,Electronics,34,Medium,5
107279,53,Female,95462.0,79,8,49.25,444.24,Groceries,34,Medium,105
107280,42,Male,70268.0,244,15,158.57,2543.58,Groceries,34,Low,99
107281,62,Male,71094.0,91,15,125.25,2194.4,Home,45,Medium,4
107282,66,Male,53359.0,6,9,169.06,1460.65,Beauty,38,Medium,93
107283,60,Male,63642.0,281,12,253.8,2597.26,Fashion,33,Low,66
107284,51,Male,57214.0,150,12,64.41,919.97,Beauty,27,Medium,48
107285,42,Male,47516.0,324,11,199.07,2201.22,Fashion,32,Low,54
107286,33,Female,60460.0,282,11,25.05,272.85,Sports,31,Medium,3
107287,51,Female,62263.0,191,14,241.21,2787.63,Sports,33,Medium,22
107288,46,Male,33567.0,274,16,248.38,4085.95,Home,37,Medium,78
107289,36,Female,61113.0,73,13,126.23,1736.0,Groceries,31,Medium,77
107290,40,Female,24250.0,318,15,68.53,1016.93,Electronics,32,Medium,2
107291,36,Female,98407.0,68,13,247.1,3739.64,Groceries,34,High,55
107292,42,Female,57948.0,304,10,274.58,3012.01,Beauty,44,High,73
107293,33,Female,38570.0,63,11,41.09,368.57,Groceries,30,High,16
107294,68,Female,70264.0,134,12,182.35,2225.46,Beauty,44,Low,12
107295,26,Male,45066.0,307,7,282.68,2369.5,Home,37,Low,56
107296,18,Male,59415.0,268,7,200.25,1233.4,Groceries,41,Low,50
107297,59,Male,69110.0,223,10,249.69,2613.93,Fashion,42,High,109
107298,36,Female,39666.0,126,9,84.35,690.37,Groceries,39,Medium,66
107299,50,Male,98994.0,265,13,48.65,599.94,Fashion,36,Low,97
107300,51,Male,100898.0,7,12,125.33,1223.4,Sports,42,Medium,102
107301,33,Male,49491.0,206,10,130.63,1404.49,Sports,33,Medium,85
107302,61,Female,37533.0,179,15,240.14,3984.97,Beauty,35,High,79
107303,57,Male,49400.0,183,9,133.76,1335.26,Home,40,Low,78
107304,35,Female,50469.0,228,6,86.25,614.9,Electronics,47,Medium,11
107305,51,Male,82207.0,236,11,268.18,3348.67,Groceries,24,Medium,18
107306,42,Male,49746.0,146,5,239.14,1055.85,Electronics,28,Medium,51
107307,62,Male,36767.0,58,14,206.84,2583.66,Fashion,38,Medium,89
107308,23,Female,62031.0,296,8,77.99,690.8,Electronics,27,Low,72
107309,38,Female,30183.0,241,12,77.35,1031.01,Groceries,43,Low,66
107310,23,Female,81360.0,345,8,157.58,1070.56,Beauty,39,Low,84
107311,49,Female,72000.0,287,13,168.66,1759.88,Electronics,43,High,57
107312,58,Female,48002.0,163,5,91.71,440.46,Electronics,33,Low,26
107313,65,Male,50186.0,26,7,54.54,411.51,Electronics,33,High,104
107314,60,Male,64975.0,106,6,121.7,837.3,Home,40,Medium,74
107315,56,Female,37939.0,240,17,140.14,2063.46,Electronics,38,Low,116
107316,48,Female,44242.0,340,10,34.71,390.88,Groceries,35,Medium,119
107317,59,Male,55492.0,332,9,178.1,1721.16,Beauty,31,Low,72
107318,27,Female,33624.0,42,9,20.56,160.32,Groceries,41,High,104
107319,47,Male,50913.0,133,7,62.33,501.46,Electronics,28,Medium,94
107320,69,Female,38539.0,317,5,61.15,358.7,Home,36,Low,103
107321,35,Male,88524.0,44,10,212.52,1926.12,Fashion,34,High,6
107322,41,Female,51931.0,35,9,156.05,1207.09,Electronics,39,Medium,98
107323,69,Female,41064.0,364,10,254.09,3016.18,Home,31,Medium,56
107324,26,Male,73489.0,347,14,94.16,1066.66,Sports,32,Low,114
107325,48,Male,47430.0,1,8,78.96,744.98,Groceries,26,Medium,47
107326,32,Female,37950.0,226,8,244.81,1736.17,Sports,36,Medium,80
107327,21,Female,77751.0,299,9,144.38,1267.26,Groceries,37,Medium,19
107328,57,Male,53537.0,288,7,96.78,625.53,Fashion,23,Medium,3
107329,26,Female,76820.0,236,5,137.11,590.59,Beauty,29,Low,13
107330,62,Male,59699.0,359,13,139.08,1701.35,Home,37,Medium,82
107331,26,Male,62584.0,33,12,180.19,2196.23,Fashion,35,Low,41
107332,43,Female,71264.0,95,9,30.55,230.28,Sports,38,Medium,119
107333,21,Male,47303.0,205,5,89.43,502.45,Home,26,Medium,41
107334,34,Male,43796.0,109,11,150.73,1857.25,Sports,36,Low,114
107335,33,Female,84037.0,322,11,171.84,2115.16,Electronics,39,Medium,7
107336,32,Male,71578.0,30,10,64.45,692.57,Sports,33,Low,22
107337,52,Male,58650.0,266,11,74.21,801.7,Fashion,38,Medium,31
107338,69,Male,75914.0,23,11,223.73,2789.55,Fashion,30,Medium,83
107339,22,Male,70803.0,97,14,239.96,3832.25,Electronics,35,Low,19
107340,22,Female,78866.0,39,9,41.04,337.66,Home,35,Medium,47
107341,37,Male,37143.0,173,15,297.22,4424.33,Sports,25,High,15
107342,32,Female,58716.0,248,6,141.27,746.91,Beauty,51,High,72
107343,35,Male,82596.0,162,9,184.01,1494.32,Sports,34,Medium,110
107344,64,Female,93545.0,180,19,186.22,3168.73,Sports,47,Low,112
107345,19,Male,49281.0,103,7,116.89,925.24,Home,39,Low,93
107346,46,Female,63183.0,209,9,172.54,1398.08,Fashion,27,Low,56
107347,30,Male,60387.0,22,9,183.35,1680.72,Electronics,34,Low,112
107348,21,Male,35116.0,5,12,233.01,2939.56,Beauty,39,High,50
107349,59,Male,54249.0,139,11,205.3,2479.33,Home,37,Medium,17
107350,62,Male,28426.0,214,15,145.07,1766.09,Electronics,30,Medium,34
107351,27,Female,56654.0,160,11,73.57,801.42,Groceries,34,Low,42
107352,48,Female,39240.0,139,15,27.04,371.95,Electronics,39,Medium,110
107353,58,Male,63398.0,145,11,202.52,2525.32,Groceries,39,Medium,85
107354,25,Female,53802.0,160,13,153.76,1628.49,Electronics,31,Medium,29
107355,20,Male,53484.0,83,9,290.35,2306.88,Groceries,38,Medium,72
107356,65,Male,91068.0,155,10,47.53,440.27,Sports,38,Low,116
107357,63,Female,61416.0,288,17,40.33,569.84,Beauty,36,Medium,6
107358,26,Female,97564.0,317,9,70.76,610.2,Home,32,High,68
107359,47,Female,68927.0,281,12,125.51,1652.98,Sports,30,Medium,24
107360,28,Male,76311.0,64,8,69.05,488.83,Fashion,34,Medium,107
107361,52,Male,42610.0,192,9,149.88,1486.22,Home,32,Medium,20
107362,54,Female,46126.0,156,16,115.12,1863.3,Sports,31,Medium,111
107363,59,Male,60345.0,91,8,299.86,2249.88,Electronics,31,Low,83
107364,30,Female,84262.0,142,10,290.68,2754.26,Home,33,Medium,81
107365,53,Female,52741.0,42,15,122.15,1551.04,Electronics,29,Medium,52
107366,30,Female,31371.0,249,8,241.79,1740.72,Sports,33,Medium,88
107367,29,Female,67960.0,295,14,87.66,1340.75,Home,39,Medium,101
107368,54,Female,61280.0,258,17,36.17,704.11,Sports,49,Medium,91
107369,27,Female,48980.0,337,7,31.34,198.81,Fashion,27,Low,23
107370,26,Male,52539.0,1,11,28.17,320.86,Sports,37,Low,78
107371,69,Male,42579.0,109,11,226.06,2023.87,Beauty,38,Medium,54
107372,24,Female,78478.0,125,10,115.82,962.42,Fashion,36,Low,119
107373,19,Female,60466.0,64,6,250.67,1783.39,Sports,36,Low,75
107374,40,Female,64810.0,206,12,264.67,3679.77,Home,35,Medium,87
107375,56,Male,48071.0,338,13,105.54,1142.22,Electronics,39,Medium,8
107376,57,Female,86725.0,244,9,100.96,1025.79,Home,35,Medium,12
107377,56,Female,64416.0,78,12,106.22,1071.97,Sports,27,Medium,45
107378,38,Female,17177.0,111,10,153.13,1732.52,Beauty,22,High,115
107379,40,Male,69200.0,142,17,24.46,484.6,Sports,28,Medium,57
107380,46,Female,54714.0,216,10,23.04,198.43,Sports,31,Medium,65
107381,31,Male,56721.0,16,10,225.93,1940.5,Groceries,37,Low,68
107382,43,Male,79874.0,54,13,246.3,3748.24,Fashion,30,Low,101
107383,68,Female,61771.0,141,12,77.16,852.38,Electronics,26,Low,4
107384,22,Male,94247.0,336,14,186.29,2579.53,Fashion,35,Low,107
107385,48,Male,62112.0,79,8,80.48,593.48,Sports,43,Low,62
107386,42,Male,50668.0,149,9,225.58,2232.7,Sports,44,Medium,77
107387,48,Female,23734.0,127,12,137.74,1461.86,Fashion,32,High,31
107388,67,Male,45643.0,158,6,250.37,1498.69,Fashion,35,Medium,54
107389,37,Female,53555.0,279,13,285.59,4233.13,Beauty,36,Medium,31
107390,61,Female,89326.0,38,15,175.53,3099.14,Fashion,39,Medium,32
107391,34,Female,50789.0,157,11,272.19,2817.72,Groceries,39,Medium,40
107392,62,Male,92840.0,333,12,29.46,298.93,Fashion,31,Low,4
107393,19,Female,37034.0,288,15,149.55,2521.13,Sports,39,Low,103
107394,42,Male,44551.0,112,7,160.98,951.41,Electronics,33,High,109
107395,30,Male,82540.0,190,14,136.43,2123.4,Home,33,High,7
107396,56,Male,48098.0,106,8,108.16,930.69,Beauty,37,Medium,56
107397,45,Male,81985.0,91,5,222.43,1146.65,Fashion,38,Low,57
107398,59,Female,43474.0,354,11,174.75,2260.17,Fashion,32,Low,46
107399,23,Female,45478.0,301,14,43.08,560.27,Fashion,29,Low,118
107400,20,Male,72837.0,49,14,286.2,3355.02,Beauty,37,Low,49
107401,52,Female,43754.0,161,7,268.5,2241.57,Electronics,23,High,50
107402,35,Female,54512.0,4,14,118.97,1626.37,Fashion,32,Low,113
107403,28,Female,67896.0,198,13,88.94,1125.41,Fashion,35,Medium,49
107404,37,Male,54948.0,320,14,195.97,2293.12,Beauty,44,Low,80
107405,22,Female,48748.0,364,12,32.13,423.12,Fashion,25,Medium,102
107406,36,Male,35855.0,254,12,158.88,2074.43,Electronics,37,Low,43
107407,39,Female,88987.0,90,12,208.34,2145.36,Home,38,Medium,65
107408,36,Male,92722.0,312,7,133.87,837.31,Beauty,32,Low,6
107409,64,Male,66587.0,20,11,292.24,2592.82,Beauty,35,Low,86
107410,33,Male,55358.0,77,11,221.28,2813.53,Sports,30,Medium,30
107411,41,Female,56457.0,220,7,281.54,1769.39,Electronics,29,Medium,72
107412,58,Male,76644.0,162,13,274.21,4173.64,Fashion,33,Low,108
107413,21,Female,80636.0,343,10,56.88,584.99,Groceries,51,High,67
107414,32,Male,49197.0,115,8,207.22,1608.3,Electronics,24,Medium,54
107415,42,Female,81492.0,94,9,187.07,1352.18,Fashion,36,Low,74
107416,61,Male,72302.0,133,11,35.35,325.43,Beauty,42,Medium,25
107417,52,Female,81144.0,172,13,109.01,1223.65,Fashion,35,High,42
107418,31,Male,27964.0,114,9,169.68,1286.26,Sports,39,Medium,72
107419,66,Male,51616.0,9,11,173.48,1722.19,Electronics,30,Low,61
107420,36,Male,56542.0,299,5,247.94,1068.42,Electronics,26,Low,38
107421,55,Female,50621.0,260,8,184.54,1573.07,Beauty,30,Medium,36
107422,53,Male,98346.0,170,9,150.62,1245.52,Sports,33,Low,41
107423,24,Male,51803.0,321,14,230.55,3509.53,Beauty,28,Medium,47
107424,47,Male,69368.0,98,8,179.85,1229.02,Groceries,36,Low,112
107425,36,Male,63057.0,169,10,267.45,2363.3,Groceries,30,High,87
107426,66,Female,54195.0,311,11,273.53,3354.78,Home,32,High,31
107427,42,Male,45827.0,218,10,189.23,1993.79,Home,22,Medium,2
107428,33,Male,101117.0,343,13,178.01,1940.58,Sports,41,Medium,68
107429,64,Female,55563.0,346,7,216.36,1792.84,Beauty,26,Low,34
107430,57,Female,77512.0,44,13,223.14,3205.45,Electronics,35,Medium,8
107431,68,Female,59807.0,261,6,223.61,1369.91,Fashion,41,Low,56
107432,25,Male,50826.0,285,7,193.8,1271.36,Groceries,51,High,96
107433,35,Female,62166.0,126,9,233.59,1760.85,Beauty,37,Medium,11
107434,45,Female,66162.0,260,8,60.35,455.42,Electronics,29,Medium,87
107435,33,Female,50608.0,355,12,250.01,2787.74,Beauty,43,Medium,70
107436,69,Male,44708.0,214,8,106.92,711.1,Home,43,Medium,74
107437,36,Male,69523.0,305,7,267.99,2088.85,Groceries,33,Low,119
107438,59,Male,62327.0,200,8,56.91,439.86,Fashion,40,Low,68
107439,34,Female,46959.0,236,8,21.01,194.27,Beauty,31,Medium,67
107440,62,Male,41231.0,341,13,24.39,273.69,Home,37,Low,12
107441,30,Female,66986.0,136,10,78.84,730.87,Fashion,37,Medium,61
107442,24,Female,21638.0,116,11,51.86,520.04,Home,30,High,1
107443,44,Female,54788.0,155,10,175.1,2006.76,Fashion,31,Medium,78
107444,27,Male,62702.0,341,13,145.56,1898.13,Beauty,39,Medium,92
107445,51,Female,94753.0,317,16,189.69,2600.21,Groceries,33,Medium,11
107446,53,Female,60210.0,342,14,73.94,976.13,Beauty,44,Medium,30
107447,42,Male,53976.0,18,8,231.07,2176.26,Sports,39,Low,104
107448,23,Female,65691.0,4,13,190.93,2533.21,Fashion,35,Medium,109
107449,41,Female,45669.0,165,11,81.93,734.23,Groceries,33,Medium,2
107450,35,Female,55621.0,127,13,131.7,1409.29,Electronics,28,High,6
107451,40,Male,60586.0,213,19,221.1,3756.75,Electronics,37,Medium,24
107452,23,Female,72590.0,48,9,210.5,1986.44,Home,34,Medium,78
107453,46,Male,46540.0,46,9,177.45,1434.32,Beauty,40,High,36
107454,42,Male,59886.0,46,8,294.13,2682.57,Beauty,37,Medium,2
107455,34,Female,24180.0,48,13,56.91,778.13,Sports,43,Low,67
107456,63,Female,70334.0,187,10,156.72,1442.28,Home,32,Low,26
107457,41,Female,55391.0,120,12,194.73,2237.62,Beauty,41,High,29
107458,28,Female,97686.0,132,13,298.33,3684.78,Beauty,33,Low,87
107459,43,Male,67027.0,19,9,171.93,1432.36,Fashion,35,Low,116
107460,68,Male,42660.0,275,13,143.86,1967.34,Sports,34,High,50
107461,51,Female,38126.0,232,12,278.24,2940.45,Fashion,27,High,7
107462,45,Male,73234.0,42,11,161.79,1631.7,Beauty,46,Medium,60
107463,20,Female,95929.0,92,8,282.98,1888.26,Groceries,36,Low,68
107464,28,Female,89803.0,261,9,230.11,1968.3,Sports,27,Low,79
107465,55,Female,35746.0,48,10,67.01,553.34,Electronics,33,Medium,23
107466,31,Female,64066.0,282,13,66.89,701.88,Groceries,40,High,108
107467,68,Male,82540.0,74,11,109.03,1269.36,Groceries,35,High,104
107468,43,Male,33177.0,216,13,38.95,437.98,Fashion,28,Medium,22
107469,65,Female,80747.0,221,12,171.91,1679.38,Home,34,Medium,104
107470,38,Female,45944.0,109,13,260.73,2804.24,Beauty,31,Medium,71
107471,56,Male,55691.0,135,9,132.01,1045.14,Fashion,40,Low,50
107472,47,Male,65533.0,343,16,201.53,3509.37,Groceries,42,Low,82
107473,25,Male,81366.0,238,14,294.82,3321.57,Sports,32,Medium,102
107474,68,Female,90638.0,155,11,74.25,890.75,Electronics,32,Low,89
107475,37,Male,53541.0,329,10,120.26,1249.29,Groceries,38,High,48
107476,65,Female,50407.0,56,11,27.0,298.65,Home,34,Low,15
107477,49,Female,49075.0,198,12,84.93,1186.01,Beauty,29,Medium,6
107478,39,Male,75592.0,315,9,238.24,2426.84,Home,36,Medium,109
107479,24,Female,79911.0,38,16,203.85,3155.62,Beauty,26,Medium,59
107480,26,Male,77888.0,341,7,239.47,1345.52,Beauty,39,Low,105
107481,62,Female,65396.0,339,13,139.09,1960.47,Sports,37,Low,76
107482,18,Female,67369.0,217,8,225.98,1480.78,Home,35,Low,80
107483,46,Female,55393.0,231,14,187.88,2396.8,Sports,31,Medium,26
107484,25,Female,57258.0,342,8,111.96,893.18,Home,45,Medium,39
107485,21,Female,77079.0,257,8,135.47,910.07,Fashion,33,Medium,72
107486,52,Female,65286.0,209,5,171.57,919.37,Beauty,39,Medium,27
107487,20,Male,50537.0,201,13,287.8,3474.07,Electronics,35,High,91
107488,62,Male,81987.0,137,9,280.78,2387.19,Beauty,37,Low,115
107489,57,Female,47843.0,128,9,296.21,2824.06,Electronics,29,Medium,116
107490,24,Male,62914.0,53,14,24.6,330.38,Groceries,46,Low,65
107491,44,Female,35200.0,344,13,220.81,2554.28,Groceries,36,Low,43
107492,18,Male,41084.0,84,7,270.5,1648.68,Fashion,34,Medium,41
107493,44,Male,60382.0,209,13,227.0,3215.46,Beauty,37,Medium,61
107494,33,Female,46075.0,333,12,136.59,1803.37,Fashion,36,Low,109
107495,55,Male,55417.0,285,11,222.94,2153.84,Electronics,29,Medium,32
107496,24,Female,84265.0,36,17,144.36,2276.45,Groceries,36,Low,3
107497,61,Male,57505.0,215,8,219.97,2081.17,Groceries,41,Medium,94
107498,40,Female,77997.0,27,11,238.5,3131.65,Beauty,36,Medium,61
107499,58,Male,44386.0,146,19,256.09,5031.74,Electronics,38,High,17
107500,28,Female,70978.0,18,12,223.85,2962.28,Sports,24,High,9
107501,59,Male,39996.0,118,6,64.81,427.47,Fashion,34,Medium,57
107502,50,Female,55004.0,137,9,282.16,2433.35,Groceries,35,Medium,114
107503,67,Male,71790.0,67,17,79.75,1110.86,Electronics,35,Medium,48
107504,53,Female,60255.0,314,6,120.12,790.11,Fashion,49,Medium,7
107505,54,Male,78846.0,30,10,140.15,1197.31,Beauty,37,Medium,32
107506,58,Female,73350.0,73,14,219.48,2815.22,Electronics,31,Low,93
107507,34,Male,53832.0,123,12,216.35,2404.65,Beauty,34,High,58
107508,52,Female,85939.0,228,11,289.28,2990.0,Sports,35,High,82
107509,65,Female,68726.0,338,8,72.78,574.25,Beauty,43,High,111
107510,22,Female,55126.0,273,6,146.2,877.77,Home,33,High,5
107511,65,Female,62915.0,246,10,77.05,765.42,Groceries,36,Low,98
107512,49,Male,61818.0,39,15,208.32,2703.39,Beauty,44,Low,39
107513,20,Male,64032.0,170,15,79.65,1265.86,Beauty,37,Medium,15
107514,69,Male,57165.0,315,10,263.01,2935.43,Fashion,38,Medium,114
107515,64,Female,67451.0,102,6,295.17,1743.92,Electronics,38,Medium,70
107516,52,Female,75796.0,294,13,108.72,1604.63,Electronics,33,Medium,104
107517,69,Female,68511.0,243,13,227.02,2885.45,Fashion,37,High,108
107518,31,Female,67831.0,157,12,169.18,2085.64,Groceries,39,Medium,32
107519,65,Female,57986.0,360,17,120.6,1697.2,Beauty,39,Medium,53
107520,48,Male,42278.0,265,12,73.54,757.82,Groceries,33,Low,59
107521,48,Male,37413.0,257,15,221.38,3675.79,Beauty,40,Medium,3
107522,34,Male,45848.0,358,15,64.45,869.76,Electronics,31,Low,25
107523,41,Female,51640.0,343,11,98.58,908.18,Groceries,39,High,57
107524,69,Female,93436.0,123,14,277.49,3990.91,Beauty,32,Medium,103
107525,40,Female,85033.0,47,8,162.34,1088.01,Home,28,Medium,51
107526,35,Female,48134.0,332,8,259.14,2225.76,Sports,33,High,17
107527,67,Female,68994.0,10,11,234.91,2779.54,Sports,47,Medium,47
107528,31,Female,58648.0,144,6,125.35,737.98,Home,29,High,11
107529,67,Female,64720.0,299,6,81.05,522.44,Groceries,32,Medium,35
107530,32,Male,49028.0,152,13,47.98,698.43,Beauty,40,Medium,6
107531,32,Male,104835.0,136,16,288.98,4064.54,Electronics,48,Medium,25
107532,23,Female,97290.0,75,9,110.92,1057.99,Groceries,34,Medium,17
107533,44,Female,54148.0,361,13,208.47,2918.62,Fashion,42,Low,55
107534,32,Female,48073.0,26,11,224.48,2167.49,Fashion,48,Low,106
107535,67,Male,78509.0,7,12,75.35,986.26,Groceries,34,Medium,30
107536,53,Male,35807.0,79,11,214.26,2563.84,Home,41,Medium,10
107537,25,Female,76919.0,15,15,22.61,292.65,Fashion,29,Low,28
107538,32,Male,62509.0,207,8,137.1,1016.7,Beauty,54,Medium,67
107539,20,Male,31318.0,89,13,118.11,1806.37,Sports,29,Medium,55
107540,64,Male,56965.0,97,10,281.19,2329.54,Electronics,33,Low,82
107541,30,Female,46885.0,216,10,296.09,2639.88,Home,35,Low,80
107542,58,Male,63236.0,259,11,100.62,1141.71,Fashion,40,Medium,106
107543,51,Male,61150.0,329,9,190.8,2039.14,Electronics,32,High,26
107544,41,Female,33054.0,287,10,228.66,2064.47,Beauty,39,High,83
107545,57,Female,53317.0,75,14,73.51,1159.54,Sports,36,Medium,81
107546,49,Male,71494.0,242,14,212.25,2813.84,Fashion,27,High,41
107547,49,Female,74938.0,17,9,92.16,780.5,Fashion,31,Medium,61
107548,47,Male,52739.0,177,8,67.28,645.04,Electronics,26,Medium,57
107549,69,Male,69155.0,259,11,258.19,3200.46,Electronics,37,Low,45
107550,66,Female,65328.0,123,12,160.69,1734.32,Groceries,30,Medium,28
107551,30,Female,58947.0,311,10,103.15,901.8,Fashion,33,Medium,20
107552,18,Male,69278.0,111,13,133.31,1444.71,Sports,31,Medium,38
107553,51,Female,41496.0,256,9,135.69,1212.76,Electronics,32,Low,94
107554,32,Female,60019.0,234,9,235.61,1980.12,Home,39,High,13
107555,61,Male,27921.0,356,11,268.29,2810.5,Fashion,25,High,13
107556,31,Male,58917.0,40,8,153.19,1191.9,Home,26,Medium,32
107557,46,Male,88501.0,122,14,110.41,1849.35,Fashion,28,Low,91
107558,51,Male,53609.0,215,12,223.63,2149.93,Electronics,30,High,23
107559,35,Male,86501.0,296,13,273.49,3450.22,Groceries,39,Medium,55
107560,24,Male,53928.0,286,11,51.94,471.92,Fashion,34,Low,37
107561,46,Female,38306.0,281,8,243.11,2079.48,Beauty,30,High,96
107562,48,Female,73308.0,7,5,176.01,721.79,Electronics,36,Medium,16
107563,42,Male,69279.0,92,14,262.93,4073.9,Electronics,36,Medium,11
107564,55,Female,106380.0,361,8,163.95,1504.55,Electronics,36,Low,84
107565,31,Female,40414.0,123,8,261.52,2486.16,Home,28,Low,11
107566,25,Male,67128.0,337,10,175.26,1486.82,Electronics,32,Medium,113
107567,44,Female,67841.0,96,12,60.57,866.07,Home,35,Medium,25
107568,19,Female,81164.0,1,6,21.38,123.78,Sports,37,Medium,109
107569,34,Male,70596.0,91,11,193.6,2242.54,Beauty,23,Low,36
107570,54,Female,54238.0,7,11,185.79,1634.99,Beauty,36,Low,110
107571,31,Female,38579.0,120,16,78.86,1196.28,Beauty,38,Medium,45
107572,42,Male,66932.0,350,12,258.18,2915.86,Groceries,41,High,52
107573,47,Female,67488.0,129,8,262.97,2106.96,Beauty,39,Low,35
107574,46,Female,72628.0,179,10,245.17,2091.39,Electronics,39,Medium,25
107575,37,Female,54211.0,98,17,282.24,5163.09,Sports,45,High,2
107576,38,Male,65563.0,43,11,161.87,1848.73,Electronics,24,Medium,50
107577,39,Male,29117.0,183,10,216.65,1917.34,Sports,37,Medium,27
107578,52,Female,39415.0,185,7,273.25,2282.78,Beauty,29,Low,50
107579,54,Female,78711.0,53,7,147.75,829.71,Electronics,39,Medium,36
107580,33,Male,63597.0,228,12,193.16,2165.79,Groceries,43,High,19
107581,67,Male,69516.0,161,11,163.58,1627.88,Electronics,37,High,106
107582,66,Female,48033.0,235,12,295.31,3628.82,Home,40,Medium,26
107583,60,Male,45491.0,358,10,142.54,1646.85,Electronics,37,Low,33
107584,34,Female,51529.0,200,7,108.77,809.44,Fashion,32,Medium,4
107585,33,Female,64754.0,1,10,196.3,1607.77,Home,40,High,66
107586,19,Male,73718.0,14,9,98.59,1016.29,Sports,39,High,30
107587,21,Male,55018.0,213,5,260.12,1178.39,Beauty,39,Medium,73
107588,38,Female,26808.0,277,11,269.83,2505.49,Beauty,25,High,105
107589,56,Female,68021.0,34,11,116.62,1248.21,Electronics,29,Low,66
107590,51,Male,65341.0,361,14,120.34,1953.45,Beauty,38,Medium,56
107591,47,Female,69583.0,270,18,44.26,648.36,Beauty,42,Low,93
107592,23,Male,77130.0,168,15,91.65,1443.85,Beauty,40,Medium,118
107593,34,Male,75551.0,170,9,39.01,327.57,Electronics,32,Medium,10
107594,56,Male,87216.0,82,9,232.03,2190.66,Electronics,30,Low,40
107595,42,Male,60568.0,316,9,70.49,575.12,Fashion,33,Low,72
107596,22,Male,51361.0,137,9,42.1,449.69,Groceries,42,Low,57
107597,22,Female,80817.0,233,11,66.01,613.95,Groceries,30,Low,49
107598,37,Male,78167.0,115,9,125.65,976.15,Home,35,High,66
107599,33,Male,55343.0,252,9,138.3,1018.5,Home,34,Low,93
107600,68,Male,82118.0,289,13,271.6,3947.43,Fashion,43,Medium,19
107601,58,Male,61491.0,49,16,98.29,1317.22,Beauty,29,Low,21
107602,54,Male,85526.0,4,10,220.96,2012.17,Fashion,30,High,72
107603,57,Male,94584.0,176,7,270.57,1670.95,Fashion,33,Low,56
107604,26,Male,112821.0,272,9,259.88,2201.89,Sports,38,High,112
107605,22,Female,61245.0,26,10,75.71,837.59,Beauty,32,Low,61
107606,59,Female,88309.0,70,14,98.32,1624.35,Beauty,32,High,109
107607,19,Female,77077.0,293,14,35.25,568.29,Fashion,32,Medium,24
107608,26,Female,78939.0,234,12,155.32,2118.19,Fashion,38,Medium,96
107609,60,Male,68489.0,231,12,133.48,1548.88,Fashion,31,Medium,15
107610,53,Female,79022.0,263,10,172.69,1935.38,Fashion,37,Medium,6
107611,39,Male,32518.0,286,12,148.21,1975.69,Beauty,38,Low,82
107612,39,Female,59423.0,74,12,226.02,2438.34,Groceries,30,Low,43
107613,39,Female,46930.0,121,17,207.55,3193.01,Electronics,38,Medium,77
107614,51,Male,45258.0,6,15,140.01,2099.3,Electronics,40,Medium,69
107615,46,Male,31290.0,24,6,30.6,217.64,Groceries,29,High,44
107616,55,Female,49466.0,194,23,116.26,2254.59,Fashion,35,Low,109
107617,63,Female,56517.0,168,10,110.77,1324.1,Beauty,30,Medium,80
107618,50,Female,63686.0,341,8,45.02,311.02,Sports,31,Medium,20
107619,35,Female,59751.0,210,14,105.19,1464.18,Sports,24,Medium,3
107620,24,Male,81047.0,133,13,296.46,3551.78,Home,29,Medium,5
107621,18,Female,42080.0,345,9,249.95,2177.34,Electronics,48,High,103
107622,50,Female,21127.0,292,7,244.46,2024.6,Home,35,Low,41
107623,18,Female,70629.0,174,12,256.13,3235.6,Fashion,24,Medium,74
107624,41,Female,59065.0,151,14,262.21,3373.61,Home,46,High,81
107625,21,Female,58650.0,88,6,111.1,700.84,Fashion,37,Medium,31
107626,21,Male,45744.0,301,11,110.23,1189.32,Home,37,High,94
107627,35,Male,78183.0,266,11,114.21,1479.11,Groceries,32,High,78
107628,44,Male,51619.0,310,11,249.19,2579.74,Beauty,36,Low,78
107629,60,Male,42329.0,70,19,243.25,4777.92,Fashion,33,Medium,47
107630,49,Male,93485.0,205,12,24.73,338.24,Sports,34,High,93
107631,50,Female,73831.0,341,11,285.77,3720.41,Fashion,28,Low,69
107632,45,Male,59197.0,32,13,99.96,1454.99,Sports,36,Low,4
107633,59,Male,15000.0,43,12,195.32,2752.17,Beauty,44,Medium,96
107634,58,Female,55292.0,118,8,199.18,1570.35,Sports,39,Low,27
107635,53,Male,59568.0,15,7,51.75,400.58,Home,35,High,97
107636,23,Male,89274.0,322,16,214.81,2879.69,Electronics,35,Medium,80
107637,33,Male,25000.0,115,6,169.4,1054.54,Electronics,32,High,71
107638,51,Male,91205.0,337,10,191.05,1538.72,Electronics,40,Medium,77
107639,40,Female,68739.0,20,5,145.14,656.05,Sports,41,Medium,114
107640,67,Female,35848.0,178,11,245.22,2876.05,Electronics,37,Medium,87
107641,59,Male,78436.0,262,13,197.84,2234.03,Fashion,38,Low,71
107642,41,Female,55123.0,79,14,74.02,911.99,Fashion,42,Medium,38
107643,66,Male,26762.0,120,14,230.76,2664.27,Beauty,36,High,105
107644,30,Female,51112.0,26,12,160.72,2119.49,Fashion,35,Low,80
107645,35,Female,65098.0,22,14,30.44,417.29,Beauty,41,Low,87
107646,30,Female,61239.0,201,14,130.56,2111.48,Sports,38,Low,104
107647,66,Female,72870.0,64,7,132.48,876.27,Sports,39,Medium,100
107648,54,Female,81949.0,214,5,244.4,1190.35,Electronics,35,Medium,84
107649,60,Female,38029.0,314,16,85.51,1365.38,Beauty,41,High,23
107650,56,Female,59582.0,293,10,146.71,1678.9,Home,36,Medium,48
107651,59,Female,47801.0,78,13,35.23,419.92,Sports,42,High,78
107652,34,Female,35021.0,216,12,266.8,2627.33,Groceries,32,High,36
107653,32,Female,58963.0,224,15,144.27,2274.15,Fashion,32,Medium,46
107654,35,Female,68633.0,28,11,259.85,3230.74,Fashion,28,Medium,4
107655,40,Male,69814.0,305,13,209.63,2786.51,Electronics,39,Medium,63
107656,68,Female,52096.0,201,13,109.56,1322.0,Home,36,Low,34
107657,47,Male,39843.0,67,12,219.56,2772.22,Fashion,45,Medium,82
107658,51,Female,47107.0,359,11,151.28,1990.91,Sports,41,Medium,85
107659,21,Male,22463.0,126,14,115.55,1665.61,Home,39,Medium,29
107660,20,Male,36214.0,349,14,207.02,2684.06,Fashion,30,Medium,87
107661,24,Male,37948.0,195,11,236.81,2337.77,Electronics,22,Medium,54
107662,35,Female,76906.0,174,11,212.81,2807.43,Electronics,35,Low,81
107663,59,Female,76888.0,87,14,149.6,2387.97,Electronics,32,Low,107
107664,24,Female,102590.0,343,19,92.61,1604.38,Sports,37,Low,62
107665,57,Female,64807.0,311,12,246.91,2681.38,Electronics,33,Medium,114
107666,23,Male,50322.0,154,7,117.06,918.95,Groceries,33,High,19
107667,39,Female,60239.0,210,12,191.63,2752.38,Sports,30,Low,84
107668,18,Female,56615.0,13,15,52.3,773.71,Groceries,36,High,119
107669,21,Female,47366.0,164,7,227.28,1417.4,Electronics,27,Medium,29
107670,63,Female,66398.0,255,10,286.82,2558.83,Home,34,Medium,61
107671,66,Female,63867.0,64,12,145.8,1957.7,Sports,35,Medium,87
107672,69,Female,58348.0,307,14,173.54,2531.62,Groceries,32,Medium,27
107673,67,Female,54114.0,76,15,271.86,4296.07,Sports,38,Medium,18
107674,60,Female,72638.0,22,11,242.68,2343.08,Groceries,37,Medium,92
107675,46,Male,48925.0,60,8,289.44,1973.26,Beauty,42,Medium,118
107676,38,Male,51937.0,56,11,94.5,836.02,Sports,36,Medium,9
107677,43,Female,69502.0,168,12,151.6,2121.33,Fashion,40,Low,89
107678,31,Female,80230.0,205,15,147.58,2085.3,Groceries,30,Low,115
107679,26,Female,78403.0,353,9,152.47,1513.83,Groceries,33,Low,83
107680,64,Female,54808.0,259,10,275.68,3180.75,Sports,31,Medium,104
107681,29,Male,34713.0,191,13,77.54,1047.76,Home,32,Low,91
107682,59,Male,54210.0,55,7,270.57,1836.61,Fashion,34,Medium,17
107683,68,Female,61470.0,340,7,179.92,1027.03,Groceries,35,Medium,69
107684,68,Male,37716.0,284,9,170.32,1433.01,Electronics,37,Medium,69
107685,23,Male,53838.0,264,9,136.62,1141.85,Electronics,33,Low,119
107686,37,Female,84142.0,259,11,171.1,1932.05,Beauty,33,Medium,105
107687,41,Female,62950.0,350,9,244.92,2437.11,Sports,35,High,29
107688,44,Female,49188.0,89,12,157.83,2053.89,Home,37,Medium,34
107689,55,Male,60577.0,222,17,237.29,4630.82,Fashion,37,Low,40
107690,25,Male,61675.0,350,10,136.66,1118.89,Groceries,30,Low,86
107691,18,Female,52533.0,89,8,71.21,593.61,Electronics,37,High,30
107692,66,Female,75448.0,59,18,136.11,2145.21,Groceries,35,Medium,28
107693,66,Male,23432.0,152,10,222.54,2646.03,Electronics,34,High,44
107694,41,Male,69435.0,28,9,258.49,2241.83,Sports,45,Medium,32
107695,64,Female,48537.0,225,16,236.06,3964.08,Sports,32,Medium,37
107696,24,Male,80914.0,318,11,124.85,1291.82,Groceries,42,Medium,49
107697,36,Female,34507.0,51,12,182.16,1941.25,Sports,41,Medium,94
107698,39,Female,78772.0,263,14,120.93,1820.25,Fashion,48,Medium,98
107699,52,Male,44215.0,279,10,217.26,2554.33,Beauty,34,Low,62
107700,47,Male,66440.0,46,11,142.21,1288.67,Sports,30,Medium,108
107701,46,Male,50700.0,334,11,234.15,2910.73,Fashion,39,Medium,32
107702,39,Female,82544.0,106,8,23.58,176.69,Sports,36,Medium,60
107703,28,Female,56178.0,284,10,115.24,977.66,Groceries,51,Low,37
107704,37,Female,45539.0,24,16,265.9,4617.34,Fashion,42,Medium,8
107705,46,Female,87982.0,7,10,110.59,921.2,Beauty,39,Medium,89
107706,68,Female,54397.0,335,9,130.53,1281.79,Beauty,27,Medium,44
107707,58,Female,70436.0,3,14,241.4,3292.81,Beauty,43,Low,119
107708,59,Male,78781.0,258,13,46.49,523.32,Home,33,Medium,98
107709,51,Female,42410.0,263,9,107.33,833.51,Beauty,32,Medium,19
107710,18,Female,68439.0,121,8,236.85,2082.92,Groceries,42,Medium,24
107711,48,Female,71144.0,208,17,287.96,5538.13,Fashion,30,Low,107
107712,47,Female,29050.0,21,10,239.19,2569.5,Electronics,38,High,95
107713,65,Male,66461.0,140,15,68.28,1114.68,Beauty,38,Low,22
107714,35,Female,52922.0,280,12,253.81,3469.86,Electronics,37,Medium,67
107715,34,Male,92404.0,289,11,153.22,1637.25,Home,40,Medium,65
107716,55,Male,77322.0,206,11,239.24,2281.82,Electronics,41,Medium,74
107717,31,Female,68782.0,43,16,87.02,1323.97,Groceries,31,Medium,70
107718,40,Female,19173.0,338,7,115.52,963.67,Beauty,34,Low,42
107719,42,Male,68900.0,118,11,272.46,2935.31,Fashion,30,Medium,118
107720,32,Male,44781.0,5,11,275.02,3538.16,Beauty,44,High,47
107721,63,Female,77471.0,207,14,99.85,1511.26,Groceries,52,High,61
107722,39,Male,56802.0,123,5,43.39,237.58,Sports,39,Medium,71
107723,20,Female,49618.0,327,7,280.12,1717.86,Sports,39,Medium,73
107724,36,Female,51268.0,345,11,104.11,1085.08,Electronics,32,Medium,33
107725,61,Male,52596.0,142,15,53.63,879.23,Home,42,Low,56
107726,51,Female,33055.0,232,12,117.47,1497.36,Home,48,Medium,86
107727,52,Female,35680.0,164,8,98.96,906.51,Beauty,39,High,77
107728,67,Female,53290.0,35,8,42.56,300.98,Sports,40,Low,50
107729,18,Male,91103.0,364,15,295.45,4871.93,Home,42,High,39
107730,69,Male,74289.0,335,11,102.26,917.64,Home,43,Medium,94
107731,38,Male,76080.0,11,14,96.27,1239.85,Electronics,34,Low,41
107732,46,Female,83945.0,75,12,137.58,1737.14,Beauty,30,Low,113
107733,23,Male,65622.0,300,15,136.15,2434.4,Groceries,30,Low,102
107734,54,Male,50866.0,198,10,141.47,1691.63,Groceries,33,Medium,43
107735,18,Male,51780.0,341,8,273.86,2137.55,Fashion,40,Medium,50
107736,68,Female,43485.0,264,5,36.87,203.87,Groceries,31,Low,31
107737,18,Female,76220.0,335,15,283.66,4425.94,Groceries,30,Low,107
107738,44,Male,41275.0,224,14,206.46,3132.19,Electronics,29,Medium,26
107739,38,Male,101807.0,122,7,215.3,1646.93,Beauty,33,Medium,98
107740,33,Male,41942.0,74,14,64.2,915.81,Electronics,31,Low,61
107741,61,Female,84458.0,28,8,112.16,1009.96,Beauty,30,Medium,49
107742,57,Male,84566.0,171,12,34.62,429.48,Groceries,35,High,80
107743,43,Female,72487.0,364,8,202.86,1363.62,Fashion,29,Low,81
107744,33,Female,92411.0,216,13,115.16,1790.03,Groceries,32,Medium,2
107745,45,Female,56075.0,319,12,174.35,1928.05,Beauty,43,Medium,90
107746,18,Male,62565.0,101,12,230.76,3283.28,Groceries,37,Low,110
107747,53,Male,64489.0,246,12,174.99,1925.69,Sports,38,High,6
107748,27,Female,71802.0,93,13,40.02,593.75,Beauty,33,Low,102
107749,60,Female,23621.0,63,9,37.26,360.77,Fashion,27,High,19
107750,34,Female,57877.0,266,11,262.8,2725.3,Beauty,43,Medium,20
107751,40,Female,77165.0,206,6,93.4,658.58,Groceries,36,Medium,73
107752,24,Male,52562.0,80,13,121.42,1630.96,Electronics,33,Medium,66
107753,61,Male,99192.0,37,13,81.15,1194.1,Beauty,34,High,101
107754,24,Female,62561.0,11,13,215.69,3137.01,Groceries,38,High,30
107755,61,Female,70290.0,115,15,128.11,1572.97,Home,31,Medium,33
107756,32,Female,91020.0,90,12,147.77,1609.29,Sports,32,Low,26
107757,51,Male,62589.0,232,16,208.85,3304.46,Sports,42,Medium,62
107758,63,Female,90693.0,19,7,194.46,1596.99,Sports,33,High,48
107759,62,Male,71663.0,52,4,236.82,781.49,Fashion,32,High,100
107760,21,Female,71702.0,274,14,229.67,2811.07,Beauty,36,Medium,15
107761,31,Male,42217.0,94,10,143.17,1503.01,Sports,32,Medium,98
107762,31,Male,82129.0,32,15,73.72,1173.34,Groceries,39,Medium,107
107763,33,Female,47872.0,151,11,82.5,785.53,Fashion,28,Medium,15
107764,24,Male,56272.0,140,10,217.89,2569.62,Home,31,Low,77
107765,49,Male,85184.0,58,6,93.16,486.71,Electronics,35,Medium,58
107766,36,Male,52665.0,21,10,143.33,1251.18,Sports,28,Medium,89
107767,19,Male,66956.0,149,7,50.21,370.53,Groceries,39,Low,94
107768,27,Female,58923.0,221,9,54.23,472.74,Fashion,37,High,55
107769,67,Female,59620.0,221,6,89.99,437.57,Beauty,37,High,80
107770,34,Female,57011.0,242,11,43.75,562.2,Beauty,35,Low,119
107771,54,Female,39276.0,219,11,96.88,884.57,Groceries,42,Low,64
107772,29,Female,70903.0,29,11,179.09,1699.17,Beauty,41,Low,39
107773,23,Male,72682.0,47,11,228.54,2913.26,Sports,25,Medium,110
107774,39,Male,48360.0,58,12,29.16,318.47,Electronics,33,Medium,42
107775,49,Male,51154.0,275,9,188.17,1908.73,Fashion,37,Medium,3
107776,58,Male,78260.0,140,13,121.69,1373.6,Groceries,35,Medium,75
107777,37,Female,54724.0,23,9,83.46,615.39,Fashion,33,Medium,31
107778,18,Female,61852.0,63,11,28.92,284.37,Sports,28,Low,7
107779,64,Male,42368.0,52,13,111.26,1586.4,Beauty,24,Medium,22
107780,23,Female,58731.0,266,13,241.11,3338.28,Sports,40,High,42
107781,36,Male,42476.0,342,11,168.41,1712.18,Home,39,Medium,60
107782,35,Male,47900.0,167,6,237.18,1499.06,Home,32,Medium,104
107783,23,Female,44716.0,151,15,135.46,2165.99,Sports,32,High,14
107784,62,Female,77266.0,11,12,256.11,3152.84,Fashion,25,High,53
107785,50,Female,33408.0,95,10,62.1,729.18,Groceries,37,Low,71
107786,40,Female,65334.0,72,9,249.61,2510.34,Groceries,36,High,112
107787,40,Female,55538.0,48,4,153.28,690.61,Fashion,41,High,29
107788,43,Female,87925.0,348,12,228.88,2665.15,Electronics,32,Medium,115
107789,30,Female,75589.0,272,12,87.32,1124.92,Fashion,36,Low,113
107790,24,Male,35201.0,95,11,156.12,1499.81,Sports,34,Medium,78
107791,32,Female,48790.0,233,15,225.18,3102.02,Sports,31,Medium,119
107792,61,Male,59722.0,48,7,155.45,1089.2,Home,27,Low,19
107793,44,Male,48785.0,208,11,148.27,1837.29,Groceries,31,Medium,71
107794,43,Female,78165.0,227,16,246.99,3694.07,Home,38,High,110
107795,50,Male,63399.0,77,14,65.46,894.38,Groceries,33,Low,22
107796,32,Female,56133.0,349,7,153.03,1267.17,Fashion,38,High,27
107797,53,Male,79618.0,219,8,250.26,1829.18,Electronics,34,Medium,44
107798,62,Male,36453.0,360,15,256.67,4031.87,Beauty,40,Medium,76
107799,44,Male,54690.0,81,18,53.12,803.38,Groceries,41,Low,33
107800,22,Female,64960.0,37,12,258.04,2987.08,Electronics,31,Medium,73
107801,19,Male,57174.0,102,8,23.4,174.48,Electronics,37,Medium,14
107802,50,Male,15000.0,191,5,259.56,1045.03,Electronics,35,Medium,18
107803,33,Male,66780.0,29,8,94.14,778.79,Fashion,36,Medium,82
107804,40,Female,70055.0,314,11,181.89,1865.87,Electronics,52,Medium,50
107805,55,Male,39749.0,253,14,22.7,286.23,Electronics,38,Low,73
107806,33,Female,16340.0,251,14,224.82,3641.76,Sports,33,Medium,107
107807,31,Male,46445.0,226,13,140.84,1632.9,Sports,43,Low,107
107808,46,Male,55930.0,94,9,256.82,2224.0,Groceries,41,Low,71
107809,43,Male,57789.0,86,6,175.55,1242.65,Sports,34,High,97
107810,52,Female,20658.0,110,10,253.7,2111.1,Groceries,36,Low,42
107811,32,Male,64064.0,217,8,191.27,1798.51,Electronics,36,Low,33
107812,20,Male,80578.0,196,12,228.84,2625.49,Sports,42,Low,103
107813,40,Male,79136.0,297,10,229.43,2561.29,Home,36,High,11
107814,46,Male,84437.0,44,10,89.06,839.26,Beauty,40,Low,65
107815,51,Female,35741.0,90,7,181.63,1228.46,Beauty,40,Low,75
107816,50,Male,77581.0,155,10,264.68,2580.92,Fashion,39,Medium,90
107817,58,Male,41324.0,109,13,266.09,4077.4,Sports,30,Medium,71
107818,58,Male,75785.0,59,13,127.72,1693.74,Fashion,42,Low,34
107819,40,Male,45253.0,110,12,110.97,1180.83,Beauty,29,Medium,8
107820,24,Female,67040.0,106,10,203.11,2121.7,Sports,38,Medium,64
107821,20,Male,90704.0,221,11,237.98,3025.6,Beauty,32,Medium,93
107822,49,Male,78659.0,263,8,29.93,212.08,Sports,34,Medium,99
107823,48,Female,41554.0,82,14,46.16,604.25,Home,40,Medium,72
107824,35,Male,37222.0,272,7,238.04,1713.91,Electronics,31,Medium,35
107825,60,Male,75527.0,49,5,142.3,850.17,Groceries,42,Medium,116
107826,24,Male,86389.0,32,12,206.94,2448.87,Sports,39,Medium,46
107827,58,Female,68596.0,89,8,249.7,2065.0,Sports,36,Medium,19
107828,18,Male,49777.0,19,10,231.9,1980.71,Fashion,41,Medium,63
107829,31,Female,60837.0,3,12,246.72,3266.36,Electronics,47,Low,91
107830,69,Female,68649.0,60,11,163.89,1600.78,Sports,36,High,40
107831,49,Female,58209.0,242,11,64.18,657.39,Sports,31,Low,42
107832,23,Female,41574.0,29,8,152.58,1322.96,Groceries,45,Medium,44
107833,56,Female,81275.0,75,9,289.72,2829.29,Beauty,42,Low,46
107834,27,Female,97566.0,70,8,105.53,783.05,Electronics,32,Medium,84
107835,24,Female,88531.0,83,18,137.4,2819.76,Electronics,24,Low,41
107836,43,Male,16577.0,357,11,234.32,2881.36,Beauty,33,Low,15
107837,51,Male,83120.0,173,14,41.27,604.54,Sports,35,Low,17
107838,47,Female,71564.0,197,11,231.97,2223.73,Electronics,29,Low,52
107839,53,Female,46854.0,346,10,96.78,1124.54,Electronics,40,Low,68
107840,38,Female,20756.0,147,7,94.85,671.23,Groceries,34,Medium,2
107841,34,Female,57727.0,273,8,183.08,1392.23,Home,28,High,7
107842,50,Female,67274.0,35,8,91.48,856.92,Beauty,32,High,19
107843,27,Female,37863.0,113,7,199.52,1660.12,Beauty,37,Low,54
107844,68,Male,84645.0,206,10,274.48,2983.26,Groceries,44,High,76
107845,64,Male,84160.0,158,3,133.3,446.51,Home,41,High,78
107846,59,Female,69358.0,253,13,284.19,3320.24,Groceries,39,Medium,5
107847,68,Female,32544.0,122,10,283.83,2564.46,Beauty,39,High,26
107848,29,Female,54758.0,48,10,78.12,802.82,Beauty,37,Medium,89
107849,33,Male,74474.0,185,11,140.9,1849.47,Sports,35,Medium,74
107850,58,Female,73155.0,273,12,297.23,3913.77,Groceries,30,Medium,20
107851,49,Male,46019.0,101,7,55.98,430.42,Electronics,49,Medium,117
107852,32,Male,48952.0,15,6,153.1,829.53,Electronics,22,Low,12
107853,44,Male,45504.0,128,12,140.93,1636.9,Fashion,33,Low,71
107854,45,Female,54342.0,210,11,246.8,2543.8,Sports,32,Medium,24
107855,34,Female,50266.0,112,9,65.38,541.88,Electronics,34,Medium,118
107856,63,Male,46621.0,270,15,82.02,1344.03,Sports,31,Low,1
107857,67,Male,57248.0,142,18,69.15,1045.48,Groceries,29,High,23
107858,19,Male,60800.0,173,8,66.66,461.91,Electronics,39,Low,114
107859,53,Male,81741.0,353,12,92.18,1067.35,Sports,40,Medium,9
107860,67,Female,24375.0,166,10,167.9,1546.51,Groceries,31,Medium,12
107861,24,Male,84385.0,119,13,217.93,3290.2,Beauty,36,Medium,68
107862,30,Female,45054.0,203,12,126.49,1336.0,Home,38,High,106
107863,32,Male,97210.0,11,16,144.94,2086.06,Fashion,30,High,104
107864,42,Female,73464.0,249,11,241.87,2317.98,Groceries,35,Medium,4
107865,40,Male,70947.0,304,19,167.06,3629.12,Beauty,45,Medium,55
107866,39,Female,57920.0,248,11,185.14,1793.83,Home,45,Medium,59
107867,43,Female,101260.0,154,12,165.03,1863.18,Sports,28,Low,57
107868,50,Female,59388.0,323,15,241.12,3861.75,Home,49,Medium,61
107869,28,Male,90234.0,25,9,71.37,533.81,Electronics,32,Medium,6
107870,27,Female,48509.0,342,13,294.75,4317.08,Beauty,35,Medium,44
107871,42,Male,74332.0,221,6,266.24,1729.23,Beauty,40,Medium,61
107872,54,Female,97964.0,110,8,132.07,955.57,Sports,29,Low,65
107873,65,Female,43041.0,90,12,136.23,1564.0,Fashion,37,Medium,79
107874,60,Male,69825.0,265,10,257.72,2700.98,Fashion,27,Low,72
107875,55,Female,45873.0,40,14,144.76,2388.56,Sports,30,Medium,77
107876,58,Female,68593.0,263,9,162.29,1536.13,Electronics,35,Medium,82
107877,62,Male,97880.0,158,12,228.87,2475.14,Sports,27,Medium,23
107878,41,Female,41332.0,118,11,128.64,1405.13,Sports,41,Medium,54
107879,57,Female,63120.0,256,12,147.13,1729.98,Beauty,37,Medium,111
107880,63,Female,43311.0,196,6,30.39,184.72,Sports,39,Medium,25
107881,50,Female,57414.0,314,11,57.29,634.99,Groceries,36,Medium,58
107882,34,Male,72425.0,311,17,148.42,2385.93,Fashion,47,Medium,50
107883,41,Female,54037.0,14,15,32.79,565.0,Fashion,35,Low,93
107884,54,Female,91478.0,118,11,105.96,1086.35,Electronics,30,Medium,75
107885,19,Female,69667.0,217,12,142.43,1729.64,Fashion,41,High,90
107886,49,Female,33532.0,205,8,48.45,350.52,Electronics,34,Low,50
107887,41,Female,66396.0,77,9,38.29,335.62,Beauty,30,Medium,73
107888,26,Female,89222.0,172,12,24.56,316.1,Electronics,28,Medium,54
107889,21,Female,70848.0,26,15,155.89,2579.53,Fashion,19,Medium,15
107890,34,Female,65215.0,128,15,61.11,1028.93,Sports,35,Low,115
107891,34,Male,54049.0,142,14,212.81,3261.57,Sports,35,Medium,50
107892,67,Male,58059.0,24,5,158.02,779.59,Groceries,32,Low,81
107893,65,Male,60217.0,232,11,25.3,226.81,Electronics,35,Medium,53
107894,47,Male,15000.0,177,9,36.53,331.99,Home,24,Low,33
107895,57,Female,69274.0,341,13,276.98,2960.03,Home,36,Medium,119
107896,28,Female,79934.0,235,9,54.81,585.33,Beauty,25,High,19
107897,38,Male,45041.0,319,13,232.05,2869.38,Fashion,37,Low,49
107898,38,Male,64650.0,26,7,88.96,623.63,Fashion,32,Low,52
107899,35,Male,67072.0,266,11,110.04,1031.08,Home,36,Low,61
107900,46,Female,76206.0,362,16,26.94,516.51,Groceries,40,High,101
107901,41,Female,60247.0,117,8,175.72,1401.38,Beauty,44,Medium,38
107902,27,Male,70793.0,58,9,150.77,1247.45,Electronics,46,Medium,88
107903,62,Male,36768.0,270,11,228.59,2205.76,Electronics,34,Low,106
107904,34,Male,39715.0,329,8,273.59,2319.98,Beauty,46,High,91
107905,35,Male,68623.0,295,11,173.36,1858.37,Fashion,39,Low,93
107906,59,Male,55408.0,122,17,286.63,4516.67,Beauty,40,Medium,21
107907,65,Female,28386.0,159,11,61.48,543.63,Fashion,30,Medium,92
107908,37,Male,66950.0,178,9,116.5,854.06,Beauty,37,Low,95
107909,54,Female,34505.0,144,15,252.36,4078.56,Sports,44,High,97
107910,62,Male,114052.0,328,14,174.93,2429.96,Groceries,42,Medium,52
107911,35,Male,16477.0,307,7,173.15,1381.2,Electronics,33,Low,115
107912,34,Female,61054.0,89,16,148.91,2624.18,Sports,40,Medium,24
107913,26,Male,37677.0,239,10,25.23,259.71,Home,31,Medium,39
107914,31,Female,78317.0,38,7,42.5,304.76,Sports,39,Medium,83
107915,66,Female,51942.0,361,6,45.06,296.89,Beauty,32,Low,29
107916,46,Male,80257.0,79,13,73.05,1041.26,Home,31,High,10
107917,48,Male,75347.0,345,16,46.4,693.26,Home,40,Low,17
107918,21,Female,38645.0,327,7,49.85,293.86,Electronics,40,Low,33
107919,35,Female,45453.0,346,17,198.33,3738.21,Sports,28,High,43
107920,37,Male,53110.0,252,12,53.14,567.05,Electronics,27,Medium,84
107921,64,Female,58649.0,328,12,150.21,2012.52,Groceries,35,Medium,5
107922,60,Male,56071.0,149,9,37.68,355.14,Groceries,34,Low,103
107923,61,Female,74562.0,16,13,95.43,1170.1,Groceries,38,Low,46
107924,26,Male,64679.0,323,6,278.82,1908.65,Groceries,40,Low,1
107925,30,Female,47747.0,321,10,28.68,308.73,Home,36,High,100
107926,32,Female,41751.0,269,11,265.55,2973.76,Beauty,43,Low,36
107927,44,Male,43682.0,118,12,232.69,2569.9,Groceries,44,High,62
107928,32,Female,66600.0,192,12,277.86,3982.89,Electronics,35,Medium,115
107929,45,Female,56139.0,317,13,240.32,3547.22,Beauty,30,Low,21
107930,54,Female,101606.0,288,10,251.33,2147.94,Sports,39,Medium,21
107931,36,Female,59995.0,351,7,50.16,394.13,Sports,33,Medium,15
107932,43,Female,63775.0,297,6,253.95,1292.21,Electronics,40,Medium,50
107933,69,Female,23979.0,194,8,153.59,1104.74,Fashion,43,Medium,53
107934,43,Female,33239.0,281,9,118.44,1261.05,Fashion,39,High,70
107935,42,Male,37572.0,301,6,63.08,434.48,Fashion,42,Medium,28
107936,43,Female,49339.0,250,17,20.19,357.78,Fashion,33,Low,17
107937,43,Female,30355.0,231,6,199.94,1295.19,Home,41,Medium,68
107938,63,Male,36901.0,3,14,223.29,2612.9,Home,34,Medium,42
107939,45,Female,73299.0,174,15,128.66,1800.5,Sports,35,Low,106
107940,66,Female,42803.0,240,11,65.99,674.33,Sports,31,Medium,110
107941,35,Male,59180.0,104,16,60.48,786.79,Home,40,Medium,58
107942,49,Female,71843.0,289,9,67.11,653.3,Home,29,Low,38
107943,20,Female,78932.0,244,9,35.74,296.9,Sports,35,Low,64
107944,19,Male,65850.0,288,9,120.7,1144.13,Electronics,32,Low,80
107945,50,Male,67055.0,273,16,192.53,2497.93,Home,31,Medium,46
107946,59,Female,79546.0,120,13,145.19,1511.22,Electronics,29,High,63
107947,36,Female,68285.0,338,14,55.13,669.94,Groceries,43,High,44
107948,34,Male,80709.0,259,13,248.52,3492.95,Electronics,39,Medium,40
107949,61,Female,17132.0,70,7,100.38,731.94,Electronics,36,Medium,11
107950,50,Male,58326.0,183,13,188.75,2160.19,Home,35,Medium,24
107951,29,Male,61114.0,247,11,88.79,985.82,Groceries,28,Medium,93
107952,66,Male,57642.0,118,12,186.6,2345.98,Fashion,37,Low,94
107953,20,Female,62464.0,31,8,56.3,529.48,Electronics,40,Medium,14
107954,60,Male,51833.0,149,14,203.54,3148.68,Groceries,40,Medium,86
107955,66,Male,75780.0,16,15,180.49,2312.98,Groceries,32,Low,88
107956,43,Male,49289.0,273,8,165.4,1201.59,Home,27,Medium,65
107957,52,Female,55645.0,352,10,80.78,776.61,Groceries,49,Medium,83
107958,25,Female,88881.0,102,8,168.16,1132.88,Beauty,28,Medium,96
107959,69,Female,86089.0,72,17,271.19,4712.31,Fashion,41,Medium,112
107960,53,Male,63153.0,193,13,55.07,832.49,Home,40,Low,14
107961,24,Female,47262.0,322,12,217.04,2402.77,Beauty,28,Low,5
107962,63,Female,27315.0,111,8,51.84,495.12,Electronics,32,Medium,71
107963,63,Male,57373.0,293,8,114.68,825.45,Home,32,Low,105
107964,53,Male,70164.0,347,8,211.47,1672.99,Electronics,33,Low,84
107965,33,Female,45577.0,340,13,176.86,2154.82,Home,37,Medium,56
107966,41,Female,60119.0,318,7,209.91,1356.59,Groceries,32,Medium,81
107967,18,Male,53031.0,277,9,289.74,2480.27,Fashion,32,Medium,68
107968,66,Female,25556.0,106,5,291.49,1184.86,Home,26,Medium,69
107969,42,Male,62343.0,37,8,276.16,2237.57,Beauty,35,Low,67
107970,27,Male,68702.0,291,7,158.55,1217.02,Sports,47,Low,49
107971,33,Female,63188.0,181,9,115.49,1190.66,Groceries,28,Low,93
107972,33,Female,92250.0,143,11,98.29,1005.23,Home,37,High,58
107973,25,Female,53563.0,114,20,181.19,3696.86,Groceries,43,Low,38
107974,46,Female,51974.0,238,13,147.0,2211.25,Sports,29,Medium,48
107975,56,Male,103329.0,94,18,298.47,6016.88,Beauty,42,High,30
107976,45,Female,35025.0,260,9,169.96,1507.66,Groceries,33,Low,102
107977,23,Female,47604.0,107,9,112.12,873.8,Groceries,29,Medium,115
107978,33,Female,67220.0,244,16,198.07,3243.03,Home,38,Medium,22
107979,37,Male,82505.0,335,11,32.24,424.11,Groceries,43,High,42
107980,33,Female,78697.0,23,13,51.02,731.58,Beauty,40,Low,62
107981,24,Female,39202.0,361,12,205.83,2813.8,Home,34,Medium,74
107982,58,Male,92553.0,271,9,54.54,429.75,Fashion,39,Low,24
107983,31,Male,69281.0,140,11,231.52,2958.16,Sports,42,High,11
107984,60,Male,43613.0,82,9,37.33,270.67,Beauty,46,Medium,113
107985,43,Male,45296.0,344,10,186.29,2132.81,Beauty,39,Medium,85
107986,43,Male,61431.0,156,15,209.97,2820.89,Electronics,36,Low,115
107987,31,Female,103046.0,335,6,238.29,1499.92,Sports,36,Low,7
107988,24,Male,64249.0,19,6,268.0,1474.89,Groceries,37,High,97
107989,50,Male,102863.0,69,13,107.43,1192.85,Beauty,31,Low,22
107990,43,Male,77562.0,132,18,221.37,3581.57,Home,41,Low,86
107991,62,Male,34754.0,256,10,42.6,421.39,Electronics,35,Low,31
107992,37,Male,88150.0,209,11,252.34,3241.69,Electronics,28,Medium,59
107993,20,Male,41117.0,10,11,269.26,2830.36,Beauty,25,Medium,40
107994,69,Male,47698.0,140,9,229.62,1699.45,Groceries,38,Low,3
107995,21,Male,65515.0,135,7,98.77,559.69,Beauty,37,High,102
107996,43,Female,59431.0,255,13,37.46,430.47,Electronics,29,High,89
107997,28,Female,77868.0,300,10,138.05,1133.13,Home,38,Medium,42
107998,19,Female,70034.0,258,9,95.78,817.58,Groceries,35,Medium,92
107999,31,Male,57641.0,94,9,168.45,1445.86,Beauty,38,Low,17
